,NeuronName,NeuronType,Fibre_Diameter,Location,Electrode_Config,Frequency,Titration_Factor,Activation_Threshold (mA),First_Spike_Loc
17,Nerve_root_L4_L5_muscular_branches_of_nerve_sciatic_left_03 [Sensory MRG Neuron 20.00um]  (Soleus_Sensory_Nerves_20um),Sensory MRG Neuron,20.00um,L4_L5,DM-R2,30,0.56640625,56.640625,node[74]
23,Nerve_root_L4_L5_muscular_branches_of_nerve_sciatic_left_04 [Sensory MRG Neuron 20.00um]  (Soleus_Sensory_Nerves_20um),Sensory MRG Neuron,20.00um,L4_L5,DM-R2,30,0.56640625,56.640625,node[74]
113,Nerve_root_L4_L5_sciatic_nerve_tibial_left_01 [Sensory MRG Neuron 20.00um]  (Soleus_Sensory_Nerves_20um),Sensory MRG Neuron,20.00um,L4_L5,DM-R2,30,0.5703125,57.03125000000001,node[74]
137,Nerve_root_L4_L5_sciatic_nerve_tibial_left_05 [Sensory MRG Neuron 20.00um]  (Soleus_Sensory_Nerves_20um),Sensory MRG Neuron,20.00um,L4_L5,DM-R2,30,0.5703125,57.03125000000001,node[74]
65,Nerve_root_L4_L5_sciatic_muscular_branches_of_nerve_tibial_left_02 [Sensory MRG Neuron 20.00um]  (Soleus_Sensory_Nerves_20um),Sensory MRG Neuron,20.00um,L4_L5,DM-R2,30,0.5703125,57.03125000000001,node[74]
119,Nerve_root_L4_L5_sciatic_nerve_tibial_left_02 [Sensory MRG Neuron 20.00um]  (Soleus_Sensory_Nerves_20um),Sensory MRG Neuron,20.00um,L4_L5,DM-R2,30,0.5703125,57.03125000000001,node[74]
29,Nerve_root_L4_L5_muscular_branches_of_nerve_sciatic_left_05 [Sensory MRG Neuron 20.00um]  (Soleus_Sensory_Nerves_20um),Sensory MRG Neuron,20.00um,L4_L5,DM-R2,30,0.5703125,57.03125000000001,node[74]
125,Nerve_root_L4_L5_sciatic_nerve_tibial_left_03 [Sensory MRG Neuron 20.00um]  (Soleus_Sensory_Nerves_20um),Sensory MRG Neuron,20.00um,L4_L5,DM-R2,30,0.5703125,57.03125000000001,node[74]
131,Nerve_root_L4_L5_sciatic_nerve_tibial_left_04 [Sensory MRG Neuron 20.00um]  (Soleus_Sensory_Nerves_20um),Sensory MRG Neuron,20.00um,L4_L5,DM-R2,30,0.5703125,57.03125000000001,node[74]
83,Nerve_root_L4_L5_sciatic_muscular_branches_of_nerve_tibial_left_05 [Sensory MRG Neuron 20.00um]  (Soleus_Sensory_Nerves_20um),Sensory MRG Neuron,20.00um,L4_L5,DM-R2,30,0.57421875,57.42187500000001,node[75]
71,Nerve_root_L4_L5_sciatic_muscular_branches_of_nerve_tibial_left_03 [Sensory MRG Neuron 20.00um]  (Soleus_Sensory_Nerves_20um),Sensory MRG Neuron,20.00um,L4_L5,DM-R2,30,0.57421875,57.42187500000001,node[75]
59,Nerve_root_L4_L5_sciatic_muscular_branches_of_nerve_tibial_left_01 [Sensory MRG Neuron 20.00um]  (Soleus_Sensory_Nerves_20um),Sensory MRG Neuron,20.00um,L4_L5,DM-R2,30,0.57421875,57.42187500000001,node[75]
77,Nerve_root_L4_L5_sciatic_muscular_branches_of_nerve_tibial_left_04 [Sensory MRG Neuron 20.00um]  (Soleus_Sensory_Nerves_20um),Sensory MRG Neuron,20.00um,L4_L5,DM-R2,30,0.57421875,57.42187500000001,node[75]
11,Nerve_root_L4_L5_muscular_branches_of_nerve_sciatic_left_02 [Sensory MRG Neuron 20.00um]  (Soleus_Sensory_Nerves_20um),Sensory MRG Neuron,20.00um,L4_L5,DM-R2,30,0.59765625,59.765625,node[75]
5,Nerve_root_L4_L5_muscular_branches_of_nerve_sciatic_left_01 [Sensory MRG Neuron 20.00um]  (Soleus_Sensory_Nerves_20um),Sensory MRG Neuron,20.00um,L4_L5,DM-R2,30,0.59765625,59.765625,node[75]
16,Nerve_root_L4_L5_muscular_branches_of_nerve_sciatic_left_03 [Sensory MRG Neuron 15.00um]  (Soleus_Sensory_Nerves_15um),Sensory MRG Neuron,15.00um,L4_L5,DM-R2,30,0.64453125,64.453125,node[89]
22,Nerve_root_L4_L5_muscular_branches_of_nerve_sciatic_left_04 [Sensory MRG Neuron 15.00um]  (Soleus_Sensory_Nerves_15um),Sensory MRG Neuron,15.00um,L4_L5,DM-R2,30,0.64453125,64.453125,node[89]
58,Nerve_root_L4_L5_sciatic_muscular_branches_of_nerve_tibial_left_01 [Sensory MRG Neuron 15.00um]  (Soleus_Sensory_Nerves_15um),Sensory MRG Neuron,15.00um,L4_L5,DM-R2,30,0.6484375,64.84375,node[89]
82,Nerve_root_L4_L5_sciatic_muscular_branches_of_nerve_tibial_left_05 [Sensory MRG Neuron 15.00um]  (Soleus_Sensory_Nerves_15um),Sensory MRG Neuron,15.00um,L4_L5,DM-R2,30,0.6484375,64.84375,node[89]
70,Nerve_root_L4_L5_sciatic_muscular_branches_of_nerve_tibial_left_03 [Sensory MRG Neuron 15.00um]  (Soleus_Sensory_Nerves_15um),Sensory MRG Neuron,15.00um,L4_L5,DM-R2,30,0.6484375,64.84375,node[89]
76,Nerve_root_L4_L5_sciatic_muscular_branches_of_nerve_tibial_left_04 [Sensory MRG Neuron 15.00um]  (Soleus_Sensory_Nerves_15um),Sensory MRG Neuron,15.00um,L4_L5,DM-R2,30,0.6484375,64.84375,node[89]
130,Nerve_root_L4_L5_sciatic_nerve_tibial_left_04 [Sensory MRG Neuron 15.00um]  (Soleus_Sensory_Nerves_15um),Sensory MRG Neuron,15.00um,L4_L5,DM-R2,30,0.65625,65.625,node[89]
118,Nerve_root_L4_L5_sciatic_nerve_tibial_left_02 [Sensory MRG Neuron 15.00um]  (Soleus_Sensory_Nerves_15um),Sensory MRG Neuron,15.00um,L4_L5,DM-R2,30,0.65625,65.625,node[89]
124,Nerve_root_L4_L5_sciatic_nerve_tibial_left_03 [Sensory MRG Neuron 15.00um]  (Soleus_Sensory_Nerves_15um),Sensory MRG Neuron,15.00um,L4_L5,DM-R2,30,0.65625,65.625,node[89]
112,Nerve_root_L4_L5_sciatic_nerve_tibial_left_01 [Sensory MRG Neuron 15.00um]  (Soleus_Sensory_Nerves_15um),Sensory MRG Neuron,15.00um,L4_L5,DM-R2,30,0.65625,65.625,node[89]
64,Nerve_root_L4_L5_sciatic_muscular_branches_of_nerve_tibial_left_02 [Sensory MRG Neuron 15.00um]  (Soleus_Sensory_Nerves_15um),Sensory MRG Neuron,15.00um,L4_L5,DM-R2,30,0.65625,65.625,node[89]
136,Nerve_root_L4_L5_sciatic_nerve_tibial_left_05 [Sensory MRG Neuron 15.00um]  (Soleus_Sensory_Nerves_15um),Sensory MRG Neuron,15.00um,L4_L5,DM-R2,30,0.65625,65.625,node[89]
28,Nerve_root_L4_L5_muscular_branches_of_nerve_sciatic_left_05 [Sensory MRG Neuron 15.00um]  (Soleus_Sensory_Nerves_15um),Sensory MRG Neuron,15.00um,L4_L5,DM-R2,30,0.66015625,66.01562500000001,node[89]
135,Nerve_root_L4_L5_sciatic_nerve_tibial_left_05 [Sensory MRG Neuron 10.00um]  (Soleus_Sensory_Nerves_10um),Sensory MRG Neuron,10.00um,L4_L5,DM-R2,30,0.6640625,66.40625,node[122]
81,Nerve_root_L4_L5_sciatic_muscular_branches_of_nerve_tibial_left_05 [Sensory MRG Neuron 10.00um]  (Soleus_Sensory_Nerves_10um),Sensory MRG Neuron,10.00um,L4_L5,DM-R2,30,0.6640625,66.40625,node[122]
75,Nerve_root_L4_L5_sciatic_muscular_branches_of_nerve_tibial_left_04 [Sensory MRG Neuron 10.00um]  (Soleus_Sensory_Nerves_10um),Sensory MRG Neuron,10.00um,L4_L5,DM-R2,30,0.6640625,66.40625,node[122]
129,Nerve_root_L4_L5_sciatic_nerve_tibial_left_04 [Sensory MRG Neuron 10.00um]  (Soleus_Sensory_Nerves_10um),Sensory MRG Neuron,10.00um,L4_L5,DM-R2,30,0.6640625,66.40625,node[122]
63,Nerve_root_L4_L5_sciatic_muscular_branches_of_nerve_tibial_left_02 [Sensory MRG Neuron 10.00um]  (Soleus_Sensory_Nerves_10um),Sensory MRG Neuron,10.00um,L4_L5,DM-R2,30,0.6640625,66.40625,node[122]
57,Nerve_root_L4_L5_sciatic_muscular_branches_of_nerve_tibial_left_01 [Sensory MRG Neuron 10.00um]  (Soleus_Sensory_Nerves_10um),Sensory MRG Neuron,10.00um,L4_L5,DM-R2,30,0.6640625,66.40625,node[122]
123,Nerve_root_L4_L5_sciatic_nerve_tibial_left_03 [Sensory MRG Neuron 10.00um]  (Soleus_Sensory_Nerves_10um),Sensory MRG Neuron,10.00um,L4_L5,DM-R2,30,0.6640625,66.40625,node[122]
69,Nerve_root_L4_L5_sciatic_muscular_branches_of_nerve_tibial_left_03 [Sensory MRG Neuron 10.00um]  (Soleus_Sensory_Nerves_10um),Sensory MRG Neuron,10.00um,L4_L5,DM-R2,30,0.6640625,66.40625,node[122]
111,Nerve_root_L4_L5_sciatic_nerve_tibial_left_01 [Sensory MRG Neuron 10.00um]  (Soleus_Sensory_Nerves_10um),Sensory MRG Neuron,10.00um,L4_L5,DM-R2,30,0.6640625,66.40625,node[122]
117,Nerve_root_L4_L5_sciatic_nerve_tibial_left_02 [Sensory MRG Neuron 10.00um]  (Soleus_Sensory_Nerves_10um),Sensory MRG Neuron,10.00um,L4_L5,DM-R2,30,0.6640625,66.40625,node[122]
4,Nerve_root_L4_L5_muscular_branches_of_nerve_sciatic_left_01 [Sensory MRG Neuron 15.00um]  (Soleus_Sensory_Nerves_15um),Sensory MRG Neuron,15.00um,L4_L5,DM-R2,30,0.671875,67.1875,node[89]
10,Nerve_root_L4_L5_muscular_branches_of_nerve_sciatic_left_02 [Sensory MRG Neuron 15.00um]  (Soleus_Sensory_Nerves_15um),Sensory MRG Neuron,15.00um,L4_L5,DM-R2,30,0.671875,67.1875,node[89]
27,Nerve_root_L4_L5_muscular_branches_of_nerve_sciatic_left_05 [Sensory MRG Neuron 10.00um]  (Soleus_Sensory_Nerves_10um),Sensory MRG Neuron,10.00um,L4_L5,DM-R2,30,0.6796875,67.96875000000001,node[122]
21,Nerve_root_L4_L5_muscular_branches_of_nerve_sciatic_left_04 [Sensory MRG Neuron 10.00um]  (Soleus_Sensory_Nerves_10um),Sensory MRG Neuron,10.00um,L4_L5,DM-R2,30,0.6875,68.75,node[122]
15,Nerve_root_L4_L5_muscular_branches_of_nerve_sciatic_left_03 [Sensory MRG Neuron 10.00um]  (Soleus_Sensory_Nerves_10um),Sensory MRG Neuron,10.00um,L4_L5,DM-R2,30,0.6875,68.75,node[122]
3,Nerve_root_L4_L5_muscular_branches_of_nerve_sciatic_left_01 [Sensory MRG Neuron 10.00um]  (Soleus_Sensory_Nerves_10um),Sensory MRG Neuron,10.00um,L4_L5,DM-R2,30,0.7109375,71.09375,node[122]
9,Nerve_root_L4_L5_muscular_branches_of_nerve_sciatic_left_02 [Sensory MRG Neuron 10.00um]  (Soleus_Sensory_Nerves_10um),Sensory MRG Neuron,10.00um,L4_L5,DM-R2,30,0.7109375,71.09375,node[122]
62,Nerve_root_L4_L5_sciatic_muscular_branches_of_nerve_tibial_left_02 [Motor MRG Neuron 20.00um]  (Soleus_Motor_Nerves_20um),Motor MRG Neuron,20.00um,L4_L5,DM-R2,30,1.03125,103.12500000000001,node[76]
110,Nerve_root_L4_L5_sciatic_nerve_tibial_left_01 [Motor MRG Neuron 20.00um]  (Soleus_Motor_Nerves_20um),Motor MRG Neuron,20.00um,L4_L5,DM-R2,30,1.03125,103.12500000000001,node[76]
122,Nerve_root_L4_L5_sciatic_nerve_tibial_left_03 [Motor MRG Neuron 20.00um]  (Soleus_Motor_Nerves_20um),Motor MRG Neuron,20.00um,L4_L5,DM-R2,30,1.03125,103.12500000000001,node[76]
134,Nerve_root_L4_L5_sciatic_nerve_tibial_left_05 [Motor MRG Neuron 20.00um]  (Soleus_Motor_Nerves_20um),Motor MRG Neuron,20.00um,L4_L5,DM-R2,30,1.03125,103.12500000000001,node[76]
128,Nerve_root_L4_L5_sciatic_nerve_tibial_left_04 [Motor MRG Neuron 20.00um]  (Soleus_Motor_Nerves_20um),Motor MRG Neuron,20.00um,L4_L5,DM-R2,30,1.03125,103.12500000000001,node[76]
116,Nerve_root_L4_L5_sciatic_nerve_tibial_left_02 [Motor MRG Neuron 20.00um]  (Soleus_Motor_Nerves_20um),Motor MRG Neuron,20.00um,L4_L5,DM-R2,30,1.03125,103.12500000000001,node[76]
14,Nerve_root_L4_L5_muscular_branches_of_nerve_sciatic_left_03 [Motor MRG Neuron 20.00um]  (Soleus_Motor_Nerves_20um),Motor MRG Neuron,20.00um,L4_L5,DM-R2,30,1.03125,103.12500000000001,node[75]
20,Nerve_root_L4_L5_muscular_branches_of_nerve_sciatic_left_04 [Motor MRG Neuron 20.00um]  (Soleus_Motor_Nerves_20um),Motor MRG Neuron,20.00um,L4_L5,DM-R2,30,1.03125,103.12500000000001,node[75]
68,Nerve_root_L4_L5_sciatic_muscular_branches_of_nerve_tibial_left_03 [Motor MRG Neuron 20.00um]  (Soleus_Motor_Nerves_20um),Motor MRG Neuron,20.00um,L4_L5,DM-R2,30,1.0390625,103.90625,node[76]
80,Nerve_root_L4_L5_sciatic_muscular_branches_of_nerve_tibial_left_05 [Motor MRG Neuron 20.00um]  (Soleus_Motor_Nerves_20um),Motor MRG Neuron,20.00um,L4_L5,DM-R2,30,1.0390625,103.90625,node[76]
56,Nerve_root_L4_L5_sciatic_muscular_branches_of_nerve_tibial_left_01 [Motor MRG Neuron 20.00um]  (Soleus_Motor_Nerves_20um),Motor MRG Neuron,20.00um,L4_L5,DM-R2,30,1.0390625,103.90625,node[76]
74,Nerve_root_L4_L5_sciatic_muscular_branches_of_nerve_tibial_left_04 [Motor MRG Neuron 20.00um]  (Soleus_Motor_Nerves_20um),Motor MRG Neuron,20.00um,L4_L5,DM-R2,30,1.0390625,103.90625,node[76]
26,Nerve_root_L4_L5_muscular_branches_of_nerve_sciatic_left_05 [Motor MRG Neuron 20.00um]  (Soleus_Motor_Nerves_20um),Motor MRG Neuron,20.00um,L4_L5,DM-R2,30,1.0390625,103.90625,node[76]
2,Nerve_root_L4_L5_muscular_branches_of_nerve_sciatic_left_01 [Motor MRG Neuron 20.00um]  (Soleus_Motor_Nerves_20um),Motor MRG Neuron,20.00um,L4_L5,DM-R2,30,1.0859375,108.59375,node[76]
8,Nerve_root_L4_L5_muscular_branches_of_nerve_sciatic_left_02 [Motor MRG Neuron 20.00um]  (Soleus_Motor_Nerves_20um),Motor MRG Neuron,20.00um,L4_L5,DM-R2,30,1.0859375,108.59375,node[76]
67,Nerve_root_L4_L5_sciatic_muscular_branches_of_nerve_tibial_left_03 [Motor MRG Neuron 15.00um]  (Soleus_Motor_Nerves_15um),Motor MRG Neuron,15.00um,L4_L5,DM-R2,30,1.21875,121.87500000000001,node[90]
73,Nerve_root_L4_L5_sciatic_muscular_branches_of_nerve_tibial_left_04 [Motor MRG Neuron 15.00um]  (Soleus_Motor_Nerves_15um),Motor MRG Neuron,15.00um,L4_L5,DM-R2,30,1.21875,121.87500000000001,node[90]
19,Nerve_root_L4_L5_muscular_branches_of_nerve_sciatic_left_04 [Motor MRG Neuron 15.00um]  (Soleus_Motor_Nerves_15um),Motor MRG Neuron,15.00um,L4_L5,DM-R2,30,1.21875,121.87500000000001,node[90]
55,Nerve_root_L4_L5_sciatic_muscular_branches_of_nerve_tibial_left_01 [Motor MRG Neuron 15.00um]  (Soleus_Motor_Nerves_15um),Motor MRG Neuron,15.00um,L4_L5,DM-R2,30,1.21875,121.87500000000001,node[90]
13,Nerve_root_L4_L5_muscular_branches_of_nerve_sciatic_left_03 [Motor MRG Neuron 15.00um]  (Soleus_Motor_Nerves_15um),Motor MRG Neuron,15.00um,L4_L5,DM-R2,30,1.21875,121.87500000000001,node[90]
79,Nerve_root_L4_L5_sciatic_muscular_branches_of_nerve_tibial_left_05 [Motor MRG Neuron 15.00um]  (Soleus_Motor_Nerves_15um),Motor MRG Neuron,15.00um,L4_L5,DM-R2,30,1.21875,121.87500000000001,node[90]
133,Nerve_root_L4_L5_sciatic_nerve_tibial_left_05 [Motor MRG Neuron 15.00um]  (Soleus_Motor_Nerves_15um),Motor MRG Neuron,15.00um,L4_L5,DM-R2,30,1.2265625,122.65625000000001,node[90]
127,Nerve_root_L4_L5_sciatic_nerve_tibial_left_04 [Motor MRG Neuron 15.00um]  (Soleus_Motor_Nerves_15um),Motor MRG Neuron,15.00um,L4_L5,DM-R2,30,1.2265625,122.65625000000001,node[90]
121,Nerve_root_L4_L5_sciatic_nerve_tibial_left_03 [Motor MRG Neuron 15.00um]  (Soleus_Motor_Nerves_15um),Motor MRG Neuron,15.00um,L4_L5,DM-R2,30,1.2265625,122.65625000000001,node[90]
109,Nerve_root_L4_L5_sciatic_nerve_tibial_left_01 [Motor MRG Neuron 15.00um]  (Soleus_Motor_Nerves_15um),Motor MRG Neuron,15.00um,L4_L5,DM-R2,30,1.2265625,122.65625000000001,node[90]
115,Nerve_root_L4_L5_sciatic_nerve_tibial_left_02 [Motor MRG Neuron 15.00um]  (Soleus_Motor_Nerves_15um),Motor MRG Neuron,15.00um,L4_L5,DM-R2,30,1.2265625,122.65625000000001,node[90]
61,Nerve_root_L4_L5_sciatic_muscular_branches_of_nerve_tibial_left_02 [Motor MRG Neuron 15.00um]  (Soleus_Motor_Nerves_15um),Motor MRG Neuron,15.00um,L4_L5,DM-R2,30,1.2265625,122.65625000000001,node[90]
25,Nerve_root_L4_L5_muscular_branches_of_nerve_sciatic_left_05 [Motor MRG Neuron 15.00um]  (Soleus_Motor_Nerves_15um),Motor MRG Neuron,15.00um,L4_L5,DM-R2,30,1.234375,123.4375,node[90]
126,Nerve_root_L4_L5_sciatic_nerve_tibial_left_04 [Motor MRG Neuron 10.00um]  (Soleus_Motor_Nerves_10um),Motor MRG Neuron,10.00um,L4_L5,DM-R2,30,1.265625,126.5625,node[122]
120,Nerve_root_L4_L5_sciatic_nerve_tibial_left_03 [Motor MRG Neuron 10.00um]  (Soleus_Motor_Nerves_10um),Motor MRG Neuron,10.00um,L4_L5,DM-R2,30,1.265625,126.5625,node[122]
108,Nerve_root_L4_L5_sciatic_nerve_tibial_left_01 [Motor MRG Neuron 10.00um]  (Soleus_Motor_Nerves_10um),Motor MRG Neuron,10.00um,L4_L5,DM-R2,30,1.265625,126.5625,node[122]
66,Nerve_root_L4_L5_sciatic_muscular_branches_of_nerve_tibial_left_03 [Motor MRG Neuron 10.00um]  (Soleus_Motor_Nerves_10um),Motor MRG Neuron,10.00um,L4_L5,DM-R2,30,1.265625,126.5625,node[122]
78,Nerve_root_L4_L5_sciatic_muscular_branches_of_nerve_tibial_left_05 [Motor MRG Neuron 10.00um]  (Soleus_Motor_Nerves_10um),Motor MRG Neuron,10.00um,L4_L5,DM-R2,30,1.265625,126.5625,node[122]
132,Nerve_root_L4_L5_sciatic_nerve_tibial_left_05 [Motor MRG Neuron 10.00um]  (Soleus_Motor_Nerves_10um),Motor MRG Neuron,10.00um,L4_L5,DM-R2,30,1.265625,126.5625,node[122]
54,Nerve_root_L4_L5_sciatic_muscular_branches_of_nerve_tibial_left_01 [Motor MRG Neuron 10.00um]  (Soleus_Motor_Nerves_10um),Motor MRG Neuron,10.00um,L4_L5,DM-R2,30,1.265625,126.5625,node[122]
114,Nerve_root_L4_L5_sciatic_nerve_tibial_left_02 [Motor MRG Neuron 10.00um]  (Soleus_Motor_Nerves_10um),Motor MRG Neuron,10.00um,L4_L5,DM-R2,30,1.265625,126.5625,node[122]
60,Nerve_root_L4_L5_sciatic_muscular_branches_of_nerve_tibial_left_02 [Motor MRG Neuron 10.00um]  (Soleus_Motor_Nerves_10um),Motor MRG Neuron,10.00um,L4_L5,DM-R2,30,1.265625,126.5625,node[122]
72,Nerve_root_L4_L5_sciatic_muscular_branches_of_nerve_tibial_left_04 [Motor MRG Neuron 10.00um]  (Soleus_Motor_Nerves_10um),Motor MRG Neuron,10.00um,L4_L5,DM-R2,30,1.265625,126.5625,node[122]
24,Nerve_root_L4_L5_muscular_branches_of_nerve_sciatic_left_05 [Motor MRG Neuron 10.00um]  (Soleus_Motor_Nerves_10um),Motor MRG Neuron,10.00um,L4_L5,DM-R2,30,1.28125,128.12500000000003,node[122]
1,Nerve_root_L4_L5_muscular_branches_of_nerve_sciatic_left_01 [Motor MRG Neuron 15.00um]  (Soleus_Motor_Nerves_15um),Motor MRG Neuron,15.00um,L4_L5,DM-R2,30,1.2890625,128.90625,node[90]
7,Nerve_root_L4_L5_muscular_branches_of_nerve_sciatic_left_02 [Motor MRG Neuron 15.00um]  (Soleus_Motor_Nerves_15um),Motor MRG Neuron,15.00um,L4_L5,DM-R2,30,1.2890625,128.90625,node[90]
12,Nerve_root_L4_L5_muscular_branches_of_nerve_sciatic_left_03 [Motor MRG Neuron 10.00um]  (Soleus_Motor_Nerves_10um),Motor MRG Neuron,10.00um,L4_L5,DM-R2,30,1.296875,129.6875,node[123]
18,Nerve_root_L4_L5_muscular_branches_of_nerve_sciatic_left_04 [Motor MRG Neuron 10.00um]  (Soleus_Motor_Nerves_10um),Motor MRG Neuron,10.00um,L4_L5,DM-R2,30,1.296875,129.6875,node[123]
6,Nerve_root_L4_L5_muscular_branches_of_nerve_sciatic_left_02 [Motor MRG Neuron 10.00um]  (Soleus_Motor_Nerves_10um),Motor MRG Neuron,10.00um,L4_L5,DM-R2,30,1.3828125,138.28125,node[123]
0,Nerve_root_L4_L5_muscular_branches_of_nerve_sciatic_left_01 [Motor MRG Neuron 10.00um]  (Soleus_Motor_Nerves_10um),Motor MRG Neuron,10.00um,L4_L5,DM-R2,30,1.3828125,138.28125,node[123]
647,Nerve_root_S2_sciatic_nerve_tibial_left_01 [Sensory MRG Neuron 20.00um]  (Soleus_Sensory_Nerves_20um),Sensory MRG Neuron,20.00um,S2_sciatic,DM-R2,30,2.296875,229.68750000000003,node[108]
557,Nerve_root_S2_muscular_branches_of_nerve_sciatic_left_04 [Sensory MRG Neuron 20.00um]  (Soleus_Sensory_Nerves_20um),Sensory MRG Neuron,20.00um,S2_muscular,DM-R2,30,2.296875,229.68750000000003,node[108]
617,Nerve_root_S2_sciatic_muscular_branches_of_nerve_tibial_left_05 [Sensory MRG Neuron 20.00um]  (Soleus_Sensory_Nerves_20um),Sensory MRG Neuron,20.00um,S2_sciatic,DM-R2,30,2.296875,229.68750000000003,node[108]
653,Nerve_root_S2_sciatic_nerve_tibial_left_02 [Sensory MRG Neuron 20.00um]  (Soleus_Sensory_Nerves_20um),Sensory MRG Neuron,20.00um,S2_sciatic,DM-R2,30,2.296875,229.68750000000003,node[108]
659,Nerve_root_S2_sciatic_nerve_tibial_left_03 [Sensory MRG Neuron 20.00um]  (Soleus_Sensory_Nerves_20um),Sensory MRG Neuron,20.00um,S2_sciatic,DM-R2,30,2.296875,229.68750000000003,node[108]
665,Nerve_root_S2_sciatic_nerve_tibial_left_04 [Sensory MRG Neuron 20.00um]  (Soleus_Sensory_Nerves_20um),Sensory MRG Neuron,20.00um,S2_sciatic,DM-R2,30,2.296875,229.68750000000003,node[108]
611,Nerve_root_S2_sciatic_muscular_branches_of_nerve_tibial_left_04 [Sensory MRG Neuron 20.00um]  (Soleus_Sensory_Nerves_20um),Sensory MRG Neuron,20.00um,S2_sciatic,DM-R2,30,2.296875,229.68750000000003,node[108]
671,Nerve_root_S2_sciatic_nerve_tibial_left_05 [Sensory MRG Neuron 20.00um]  (Soleus_Sensory_Nerves_20um),Sensory MRG Neuron,20.00um,S2_sciatic,DM-R2,30,2.296875,229.68750000000003,node[108]
593,Nerve_root_S2_sciatic_muscular_branches_of_nerve_tibial_left_01 [Sensory MRG Neuron 20.00um]  (Soleus_Sensory_Nerves_20um),Sensory MRG Neuron,20.00um,S2_sciatic,DM-R2,30,2.296875,229.68750000000003,node[108]
599,Nerve_root_S2_sciatic_muscular_branches_of_nerve_tibial_left_02 [Sensory MRG Neuron 20.00um]  (Soleus_Sensory_Nerves_20um),Sensory MRG Neuron,20.00um,S2_sciatic,DM-R2,30,2.296875,229.68750000000003,node[108]
539,Nerve_root_S2_muscular_branches_of_nerve_sciatic_left_01 [Sensory MRG Neuron 20.00um]  (Soleus_Sensory_Nerves_20um),Sensory MRG Neuron,20.00um,S2_muscular,DM-R2,30,2.296875,229.68750000000003,node[108]
605,Nerve_root_S2_sciatic_muscular_branches_of_nerve_tibial_left_03 [Sensory MRG Neuron 20.00um]  (Soleus_Sensory_Nerves_20um),Sensory MRG Neuron,20.00um,S2_sciatic,DM-R2,30,2.296875,229.68750000000003,node[108]
545,Nerve_root_S2_muscular_branches_of_nerve_sciatic_left_02 [Sensory MRG Neuron 20.00um]  (Soleus_Sensory_Nerves_20um),Sensory MRG Neuron,20.00um,S2_muscular,DM-R2,30,2.296875,229.68750000000003,node[108]
563,Nerve_root_S2_muscular_branches_of_nerve_sciatic_left_05 [Sensory MRG Neuron 20.00um]  (Soleus_Sensory_Nerves_20um),Sensory MRG Neuron,20.00um,S2_muscular,DM-R2,30,2.3125,231.25,node[108]
551,Nerve_root_S2_muscular_branches_of_nerve_sciatic_left_03 [Sensory MRG Neuron 20.00um]  (Soleus_Sensory_Nerves_20um),Sensory MRG Neuron,20.00um,S2_muscular,DM-R2,30,2.328125,232.8125,node[109]
575,Nerve_root_S2_muscular_branches_of_nerve_sciatic_right_02 [Sensory MRG Neuron 20.00um]  (Soleus_Sensory_Nerves_20um),Sensory MRG Neuron,20.00um,S2_muscular,DM-R2,30,2.359375,235.93750000000003,node[106]
635,Nerve_root_S2_sciatic_muscular_branches_of_nerve_tibial_right_03 [Sensory MRG Neuron 20.00um]  (Soleus_Sensory_Nerves_20um),Sensory MRG Neuron,20.00um,S2_sciatic,DM-R2,30,2.359375,235.93750000000003,node[106]
701,Nerve_root_S2_sciatic_nerve_tibial_right_05 [Sensory MRG Neuron 20.00um]  (Soleus_Sensory_Nerves_20um),Sensory MRG Neuron,20.00um,S2_sciatic,DM-R2,30,2.375,237.50000000000003,node[106]
629,Nerve_root_S2_sciatic_muscular_branches_of_nerve_tibial_right_02 [Sensory MRG Neuron 20.00um]  (Soleus_Sensory_Nerves_20um),Sensory MRG Neuron,20.00um,S2_sciatic,DM-R2,30,2.375,237.50000000000003,node[106]
689,Nerve_root_S2_sciatic_nerve_tibial_right_03 [Sensory MRG Neuron 20.00um]  (Soleus_Sensory_Nerves_20um),Sensory MRG Neuron,20.00um,S2_sciatic,DM-R2,30,2.375,237.50000000000003,node[106]
683,Nerve_root_S2_sciatic_nerve_tibial_right_02 [Sensory MRG Neuron 20.00um]  (Soleus_Sensory_Nerves_20um),Sensory MRG Neuron,20.00um,S2_sciatic,DM-R2,30,2.375,237.50000000000003,node[106]
677,Nerve_root_S2_sciatic_nerve_tibial_right_01 [Sensory MRG Neuron 20.00um]  (Soleus_Sensory_Nerves_20um),Sensory MRG Neuron,20.00um,S2_sciatic,DM-R2,30,2.375,237.50000000000003,node[106]
641,Nerve_root_S2_sciatic_muscular_branches_of_nerve_tibial_right_04 [Sensory MRG Neuron 20.00um]  (Soleus_Sensory_Nerves_20um),Sensory MRG Neuron,20.00um,S2_sciatic,DM-R2,30,2.375,237.50000000000003,node[106]
623,Nerve_root_S2_sciatic_muscular_branches_of_nerve_tibial_right_01 [Sensory MRG Neuron 20.00um]  (Soleus_Sensory_Nerves_20um),Sensory MRG Neuron,20.00um,S2_sciatic,DM-R2,30,2.375,237.50000000000003,node[106]
707,Nerve_root_S2_sciatic_nerve_tibial_right_06 [Sensory MRG Neuron 20.00um]  (Soleus_Sensory_Nerves_20um),Sensory MRG Neuron,20.00um,S2_sciatic,DM-R2,30,2.375,237.50000000000003,node[106]
695,Nerve_root_S2_sciatic_nerve_tibial_right_04 [Sensory MRG Neuron 20.00um]  (Soleus_Sensory_Nerves_20um),Sensory MRG Neuron,20.00um,S2_sciatic,DM-R2,30,2.375,237.50000000000003,node[106]
713,Nerve_root_S2_sciatic_nerve_tibial_right_07 [Sensory MRG Neuron 20.00um]  (Soleus_Sensory_Nerves_20um),Sensory MRG Neuron,20.00um,S2_sciatic,DM-R2,30,2.375,237.50000000000003,node[106]
587,Nerve_root_S2_muscular_branches_of_nerve_sciatic_right_04 [Sensory MRG Neuron 20.00um]  (Soleus_Sensory_Nerves_20um),Sensory MRG Neuron,20.00um,S2_muscular,DM-R2,30,2.390625,239.0625,node[106]
581,Nerve_root_S2_muscular_branches_of_nerve_sciatic_right_03 [Sensory MRG Neuron 20.00um]  (Soleus_Sensory_Nerves_20um),Sensory MRG Neuron,20.00um,S2_muscular,DM-R2,30,2.390625,239.0625,node[106]
569,Nerve_root_S2_muscular_branches_of_nerve_sciatic_right_01 [Sensory MRG Neuron 20.00um]  (Soleus_Sensory_Nerves_20um),Sensory MRG Neuron,20.00um,S2_muscular,DM-R2,30,2.40625,240.625,node[106]
377,Nerve_root_S1_muscular_branches_of_nerve_sciatic_left_04 [Sensory MRG Neuron 20.00um]  (Soleus_Sensory_Nerves_20um),Sensory MRG Neuron,20.00um,S1_muscular,DM-R2,30,2.4375,243.75000000000003,node[75]
371,Nerve_root_S1_muscular_branches_of_nerve_sciatic_left_02 [Sensory MRG Neuron 20.00um]  (Soleus_Sensory_Nerves_20um),Sensory MRG Neuron,20.00um,S1_muscular,DM-R2,30,2.453125,245.31250000000003,node[76]
365,Nerve_root_S1_muscular_branches_of_nerve_sciatic_left_01 [Sensory MRG Neuron 20.00um]  (Soleus_Sensory_Nerves_20um),Sensory MRG Neuron,20.00um,S1_muscular,DM-R2,30,2.453125,245.31250000000003,node[76]
479,Nerve_root_S1_sciatic_nerve_tibial_left_03 [Sensory MRG Neuron 20.00um]  (Soleus_Sensory_Nerves_20um),Sensory MRG Neuron,20.00um,S1_sciatic,DM-R2,30,2.5,250.0,node[75]
425,Nerve_root_S1_sciatic_muscular_branches_of_nerve_tibial_left_03 [Sensory MRG Neuron 20.00um]  (Soleus_Sensory_Nerves_20um),Sensory MRG Neuron,20.00um,S1_sciatic,DM-R2,30,2.5,250.0,node[75]
491,Nerve_root_S1_sciatic_nerve_tibial_left_05 [Sensory MRG Neuron 20.00um]  (Soleus_Sensory_Nerves_20um),Sensory MRG Neuron,20.00um,S1_sciatic,DM-R2,30,2.5,250.0,node[75]
437,Nerve_root_S1_sciatic_muscular_branches_of_nerve_tibial_left_05 [Sensory MRG Neuron 20.00um]  (Soleus_Sensory_Nerves_20um),Sensory MRG Neuron,20.00um,S1_sciatic,DM-R2,30,2.5,250.0,node[75]
419,Nerve_root_S1_sciatic_muscular_branches_of_nerve_tibial_left_02 [Sensory MRG Neuron 20.00um]  (Soleus_Sensory_Nerves_20um),Sensory MRG Neuron,20.00um,S1_sciatic,DM-R2,30,2.5,250.0,node[75]
383,Nerve_root_S1_muscular_branches_of_nerve_sciatic_left_05 [Sensory MRG Neuron 20.00um]  (Soleus_Sensory_Nerves_20um),Sensory MRG Neuron,20.00um,S1_muscular,DM-R2,30,2.5,250.0,node[74]
485,Nerve_root_S1_sciatic_nerve_tibial_left_04 [Sensory MRG Neuron 20.00um]  (Soleus_Sensory_Nerves_20um),Sensory MRG Neuron,20.00um,S1_sciatic,DM-R2,30,2.5,250.0,node[75]
467,Nerve_root_S1_sciatic_nerve_tibial_left_01 [Sensory MRG Neuron 20.00um]  (Soleus_Sensory_Nerves_20um),Sensory MRG Neuron,20.00um,S1_sciatic,DM-R2,30,2.5,250.0,node[75]
473,Nerve_root_S1_sciatic_nerve_tibial_left_02 [Sensory MRG Neuron 20.00um]  (Soleus_Sensory_Nerves_20um),Sensory MRG Neuron,20.00um,S1_sciatic,DM-R2,30,2.5,250.0,node[75]
431,Nerve_root_S1_sciatic_muscular_branches_of_nerve_tibial_left_04 [Sensory MRG Neuron 20.00um]  (Soleus_Sensory_Nerves_20um),Sensory MRG Neuron,20.00um,S1_sciatic,DM-R2,30,2.5,250.0,node[75]
413,Nerve_root_S1_sciatic_muscular_branches_of_nerve_tibial_left_01 [Sensory MRG Neuron 20.00um]  (Soleus_Sensory_Nerves_20um),Sensory MRG Neuron,20.00um,S1_sciatic,DM-R2,30,2.5,250.0,node[75]
592,Nerve_root_S2_sciatic_muscular_branches_of_nerve_tibial_left_01 [Sensory MRG Neuron 15.00um]  (Soleus_Sensory_Nerves_15um),Sensory MRG Neuron,15.00um,S2_sciatic,DM-R2,30,2.765625,276.5625,node[130]
544,Nerve_root_S2_muscular_branches_of_nerve_sciatic_left_02 [Sensory MRG Neuron 15.00um]  (Soleus_Sensory_Nerves_15um),Sensory MRG Neuron,15.00um,S2_muscular,DM-R2,30,2.765625,276.5625,node[129]
556,Nerve_root_S2_muscular_branches_of_nerve_sciatic_left_04 [Sensory MRG Neuron 15.00um]  (Soleus_Sensory_Nerves_15um),Sensory MRG Neuron,15.00um,S2_muscular,DM-R2,30,2.765625,276.5625,node[129]
550,Nerve_root_S2_muscular_branches_of_nerve_sciatic_left_03 [Sensory MRG Neuron 15.00um]  (Soleus_Sensory_Nerves_15um),Sensory MRG Neuron,15.00um,S2_muscular,DM-R2,30,2.765625,276.5625,node[129]
538,Nerve_root_S2_muscular_branches_of_nerve_sciatic_left_01 [Sensory MRG Neuron 15.00um]  (Soleus_Sensory_Nerves_15um),Sensory MRG Neuron,15.00um,S2_muscular,DM-R2,30,2.765625,276.5625,node[129]
562,Nerve_root_S2_muscular_branches_of_nerve_sciatic_left_05 [Sensory MRG Neuron 15.00um]  (Soleus_Sensory_Nerves_15um),Sensory MRG Neuron,15.00um,S2_muscular,DM-R2,30,2.765625,276.5625,node[129]
670,Nerve_root_S2_sciatic_nerve_tibial_left_05 [Sensory MRG Neuron 15.00um]  (Soleus_Sensory_Nerves_15um),Sensory MRG Neuron,15.00um,S2_sciatic,DM-R2,30,2.78125,278.125,node[130]
646,Nerve_root_S2_sciatic_nerve_tibial_left_01 [Sensory MRG Neuron 15.00um]  (Soleus_Sensory_Nerves_15um),Sensory MRG Neuron,15.00um,S2_sciatic,DM-R2,30,2.78125,278.125,node[130]
604,Nerve_root_S2_sciatic_muscular_branches_of_nerve_tibial_left_03 [Sensory MRG Neuron 15.00um]  (Soleus_Sensory_Nerves_15um),Sensory MRG Neuron,15.00um,S2_sciatic,DM-R2,30,2.78125,278.125,node[130]
658,Nerve_root_S2_sciatic_nerve_tibial_left_03 [Sensory MRG Neuron 15.00um]  (Soleus_Sensory_Nerves_15um),Sensory MRG Neuron,15.00um,S2_sciatic,DM-R2,30,2.78125,278.125,node[130]
610,Nerve_root_S2_sciatic_muscular_branches_of_nerve_tibial_left_04 [Sensory MRG Neuron 15.00um]  (Soleus_Sensory_Nerves_15um),Sensory MRG Neuron,15.00um,S2_sciatic,DM-R2,30,2.78125,278.125,node[130]
652,Nerve_root_S2_sciatic_nerve_tibial_left_02 [Sensory MRG Neuron 15.00um]  (Soleus_Sensory_Nerves_15um),Sensory MRG Neuron,15.00um,S2_sciatic,DM-R2,30,2.78125,278.125,node[130]
616,Nerve_root_S2_sciatic_muscular_branches_of_nerve_tibial_left_05 [Sensory MRG Neuron 15.00um]  (Soleus_Sensory_Nerves_15um),Sensory MRG Neuron,15.00um,S2_sciatic,DM-R2,30,2.78125,278.125,node[130]
598,Nerve_root_S2_sciatic_muscular_branches_of_nerve_tibial_left_02 [Sensory MRG Neuron 15.00um]  (Soleus_Sensory_Nerves_15um),Sensory MRG Neuron,15.00um,S2_sciatic,DM-R2,30,2.78125,278.125,node[130]
664,Nerve_root_S2_sciatic_nerve_tibial_left_04 [Sensory MRG Neuron 15.00um]  (Soleus_Sensory_Nerves_15um),Sensory MRG Neuron,15.00um,S2_sciatic,DM-R2,30,2.78125,278.125,node[130]
424,Nerve_root_S1_sciatic_muscular_branches_of_nerve_tibial_left_03 [Sensory MRG Neuron 15.00um]  (Soleus_Sensory_Nerves_15um),Sensory MRG Neuron,15.00um,S1_sciatic,DM-R2,30,2.796875,279.68750000000006,node[90]
478,Nerve_root_S1_sciatic_nerve_tibial_left_03 [Sensory MRG Neuron 15.00um]  (Soleus_Sensory_Nerves_15um),Sensory MRG Neuron,15.00um,S1_sciatic,DM-R2,30,2.796875,279.68750000000006,node[90]
412,Nerve_root_S1_sciatic_muscular_branches_of_nerve_tibial_left_01 [Sensory MRG Neuron 15.00um]  (Soleus_Sensory_Nerves_15um),Sensory MRG Neuron,15.00um,S1_sciatic,DM-R2,30,2.796875,279.68750000000006,node[90]
472,Nerve_root_S1_sciatic_nerve_tibial_left_02 [Sensory MRG Neuron 15.00um]  (Soleus_Sensory_Nerves_15um),Sensory MRG Neuron,15.00um,S1_sciatic,DM-R2,30,2.796875,279.68750000000006,node[90]
466,Nerve_root_S1_sciatic_nerve_tibial_left_01 [Sensory MRG Neuron 15.00um]  (Soleus_Sensory_Nerves_15um),Sensory MRG Neuron,15.00um,S1_sciatic,DM-R2,30,2.796875,279.68750000000006,node[90]
430,Nerve_root_S1_sciatic_muscular_branches_of_nerve_tibial_left_04 [Sensory MRG Neuron 15.00um]  (Soleus_Sensory_Nerves_15um),Sensory MRG Neuron,15.00um,S1_sciatic,DM-R2,30,2.796875,279.68750000000006,node[90]
418,Nerve_root_S1_sciatic_muscular_branches_of_nerve_tibial_left_02 [Sensory MRG Neuron 15.00um]  (Soleus_Sensory_Nerves_15um),Sensory MRG Neuron,15.00um,S1_sciatic,DM-R2,30,2.796875,279.68750000000006,node[90]
484,Nerve_root_S1_sciatic_nerve_tibial_left_04 [Sensory MRG Neuron 15.00um]  (Soleus_Sensory_Nerves_15um),Sensory MRG Neuron,15.00um,S1_sciatic,DM-R2,30,2.796875,279.68750000000006,node[90]
436,Nerve_root_S1_sciatic_muscular_branches_of_nerve_tibial_left_05 [Sensory MRG Neuron 15.00um]  (Soleus_Sensory_Nerves_15um),Sensory MRG Neuron,15.00um,S1_sciatic,DM-R2,30,2.796875,279.68750000000006,node[90]
490,Nerve_root_S1_sciatic_nerve_tibial_left_05 [Sensory MRG Neuron 15.00um]  (Soleus_Sensory_Nerves_15um),Sensory MRG Neuron,15.00um,S1_sciatic,DM-R2,30,2.796875,279.68750000000006,node[90]
382,Nerve_root_S1_muscular_branches_of_nerve_sciatic_left_05 [Sensory MRG Neuron 15.00um]  (Soleus_Sensory_Nerves_15um),Sensory MRG Neuron,15.00um,S1_muscular,DM-R2,30,2.828125,282.8125,node[90]
515,Nerve_root_S1_sciatic_nerve_tibial_right_04 [Sensory MRG Neuron 20.00um]  (Soleus_Sensory_Nerves_20um),Sensory MRG Neuron,20.00um,S1_sciatic,DM-R2,30,2.84375,284.375,node[14]
509,Nerve_root_S1_sciatic_nerve_tibial_right_03 [Sensory MRG Neuron 20.00um]  (Soleus_Sensory_Nerves_20um),Sensory MRG Neuron,20.00um,S1_sciatic,DM-R2,30,2.84375,284.375,node[14]
455,Nerve_root_S1_sciatic_muscular_branches_of_nerve_tibial_right_03 [Sensory MRG Neuron 20.00um]  (Soleus_Sensory_Nerves_20um),Sensory MRG Neuron,20.00um,S1_sciatic,DM-R2,30,2.84375,284.375,node[14]
461,Nerve_root_S1_sciatic_muscular_branches_of_nerve_tibial_right_04 [Sensory MRG Neuron 20.00um]  (Soleus_Sensory_Nerves_20um),Sensory MRG Neuron,20.00um,S1_sciatic,DM-R2,30,2.84375,284.375,node[14]
533,Nerve_root_S1_sciatic_nerve_tibial_right_07 [Sensory MRG Neuron 20.00um]  (Soleus_Sensory_Nerves_20um),Sensory MRG Neuron,20.00um,S1_sciatic,DM-R2,30,2.84375,284.375,node[14]
527,Nerve_root_S1_sciatic_nerve_tibial_right_06 [Sensory MRG Neuron 20.00um]  (Soleus_Sensory_Nerves_20um),Sensory MRG Neuron,20.00um,S1_sciatic,DM-R2,30,2.84375,284.375,node[14]
449,Nerve_root_S1_sciatic_muscular_branches_of_nerve_tibial_right_02 [Sensory MRG Neuron 20.00um]  (Soleus_Sensory_Nerves_20um),Sensory MRG Neuron,20.00um,S1_sciatic,DM-R2,30,2.84375,284.375,node[14]
443,Nerve_root_S1_sciatic_muscular_branches_of_nerve_tibial_right_01 [Sensory MRG Neuron 20.00um]  (Soleus_Sensory_Nerves_20um),Sensory MRG Neuron,20.00um,S1_sciatic,DM-R2,30,2.84375,284.375,node[14]
503,Nerve_root_S1_sciatic_nerve_tibial_right_02 [Sensory MRG Neuron 20.00um]  (Soleus_Sensory_Nerves_20um),Sensory MRG Neuron,20.00um,S1_sciatic,DM-R2,30,2.84375,284.375,node[14]
497,Nerve_root_S1_sciatic_nerve_tibial_right_01 [Sensory MRG Neuron 20.00um]  (Soleus_Sensory_Nerves_20um),Sensory MRG Neuron,20.00um,S1_sciatic,DM-R2,30,2.84375,284.375,node[14]
521,Nerve_root_S1_sciatic_nerve_tibial_right_05 [Sensory MRG Neuron 20.00um]  (Soleus_Sensory_Nerves_20um),Sensory MRG Neuron,20.00um,S1_sciatic,DM-R2,30,2.84375,284.375,node[14]
376,Nerve_root_S1_muscular_branches_of_nerve_sciatic_left_04 [Sensory MRG Neuron 15.00um]  (Soleus_Sensory_Nerves_15um),Sensory MRG Neuron,15.00um,S1_muscular,DM-R2,30,2.859375,285.9375,node[90]
370,Nerve_root_S1_muscular_branches_of_nerve_sciatic_left_02 [Sensory MRG Neuron 15.00um]  (Soleus_Sensory_Nerves_15um),Sensory MRG Neuron,15.00um,S1_muscular,DM-R2,30,2.859375,285.9375,node[90]
407,Nerve_root_S1_muscular_branches_of_nerve_sciatic_right_04 [Sensory MRG Neuron 20.00um]  (Soleus_Sensory_Nerves_20um),Sensory MRG Neuron,20.00um,S1_muscular,DM-R2,30,2.859375,285.9375,node[14]
364,Nerve_root_S1_muscular_branches_of_nerve_sciatic_left_01 [Sensory MRG Neuron 15.00um]  (Soleus_Sensory_Nerves_15um),Sensory MRG Neuron,15.00um,S1_muscular,DM-R2,30,2.859375,285.9375,node[90]
401,Nerve_root_S1_muscular_branches_of_nerve_sciatic_right_03 [Sensory MRG Neuron 20.00um]  (Soleus_Sensory_Nerves_20um),Sensory MRG Neuron,20.00um,S1_muscular,DM-R2,30,2.875,287.50000000000006,node[13]
203,Nerve_root_L5_muscular_branches_of_nerve_sciatic_left_04 [Sensory MRG Neuron 20.00um]  (Soleus_Sensory_Nerves_20um),Sensory MRG Neuron,20.00um,L5_muscular,DM-R2,30,2.875,287.50000000000006,node[18]
395,Nerve_root_S1_muscular_branches_of_nerve_sciatic_right_02 [Sensory MRG Neuron 20.00um]  (Soleus_Sensory_Nerves_20um),Sensory MRG Neuron,20.00um,S1_muscular,DM-R2,30,2.875,287.50000000000006,node[13]
389,Nerve_root_S1_muscular_branches_of_nerve_sciatic_right_01 [Sensory MRG Neuron 20.00um]  (Soleus_Sensory_Nerves_20um),Sensory MRG Neuron,20.00um,S1_muscular,DM-R2,30,2.90625,290.625,node[13]
209,Nerve_root_L5_muscular_branches_of_nerve_sciatic_left_05 [Sensory MRG Neuron 20.00um]  (Soleus_Sensory_Nerves_20um),Sensory MRG Neuron,20.00um,L5_muscular,DM-R2,30,2.90625,290.625,node[18]
197,Nerve_root_L5_muscular_branches_of_nerve_sciatic_left_03 [Sensory MRG Neuron 20.00um]  (Soleus_Sensory_Nerves_20um),Sensory MRG Neuron,20.00um,L5_muscular,DM-R2,30,2.921875,292.1875,node[18]
227,Nerve_root_L5_muscular_branches_of_nerve_sciatic_right_03 [Sensory MRG Neuron 20.00um]  (Soleus_Sensory_Nerves_20um),Sensory MRG Neuron,20.00um,L5_muscular,DM-R2,30,2.9375,293.75,node[17]
233,Nerve_root_L5_muscular_branches_of_nerve_sciatic_right_04 [Sensory MRG Neuron 20.00um]  (Soleus_Sensory_Nerves_20um),Sensory MRG Neuron,20.00um,L5_muscular,DM-R2,30,2.9375,293.75,node[17]
215,Nerve_root_L5_muscular_branches_of_nerve_sciatic_right_01 [Sensory MRG Neuron 20.00um]  (Soleus_Sensory_Nerves_20um),Sensory MRG Neuron,20.00um,L5_muscular,DM-R2,30,2.9375,293.75,node[17]
239,Nerve_root_L5_sciatic_muscular_branches_of_nerve_tibial_left_01 [Sensory MRG Neuron 20.00um]  (Soleus_Sensory_Nerves_20um),Sensory MRG Neuron,20.00um,L5_sciatic,DM-R2,30,2.953125,295.31250000000006,node[18]
263,Nerve_root_L5_sciatic_muscular_branches_of_nerve_tibial_left_05 [Sensory MRG Neuron 20.00um]  (Soleus_Sensory_Nerves_20um),Sensory MRG Neuron,20.00um,L5_sciatic,DM-R2,30,2.953125,295.31250000000006,node[18]
245,Nerve_root_L5_sciatic_muscular_branches_of_nerve_tibial_left_02 [Sensory MRG Neuron 20.00um]  (Soleus_Sensory_Nerves_20um),Sensory MRG Neuron,20.00um,L5_sciatic,DM-R2,30,2.953125,295.31250000000006,node[18]
257,Nerve_root_L5_sciatic_muscular_branches_of_nerve_tibial_left_04 [Sensory MRG Neuron 20.00um]  (Soleus_Sensory_Nerves_20um),Sensory MRG Neuron,20.00um,L5_sciatic,DM-R2,30,2.953125,295.31250000000006,node[18]
311,Nerve_root_L5_sciatic_nerve_tibial_left_04 [Sensory MRG Neuron 20.00um]  (Soleus_Sensory_Nerves_20um),Sensory MRG Neuron,20.00um,L5_sciatic,DM-R2,30,2.953125,295.31250000000006,node[18]
191,Nerve_root_L5_muscular_branches_of_nerve_sciatic_left_02 [Sensory MRG Neuron 20.00um]  (Soleus_Sensory_Nerves_20um),Sensory MRG Neuron,20.00um,L5_muscular,DM-R2,30,2.953125,295.31250000000006,node[18]
251,Nerve_root_L5_sciatic_muscular_branches_of_nerve_tibial_left_03 [Sensory MRG Neuron 20.00um]  (Soleus_Sensory_Nerves_20um),Sensory MRG Neuron,20.00um,L5_sciatic,DM-R2,30,2.953125,295.31250000000006,node[18]
317,Nerve_root_L5_sciatic_nerve_tibial_left_05 [Sensory MRG Neuron 20.00um]  (Soleus_Sensory_Nerves_20um),Sensory MRG Neuron,20.00um,L5_sciatic,DM-R2,30,2.953125,295.31250000000006,node[18]
305,Nerve_root_L5_sciatic_nerve_tibial_left_03 [Sensory MRG Neuron 20.00um]  (Soleus_Sensory_Nerves_20um),Sensory MRG Neuron,20.00um,L5_sciatic,DM-R2,30,2.953125,295.31250000000006,node[18]
185,Nerve_root_L5_muscular_branches_of_nerve_sciatic_left_01 [Sensory MRG Neuron 20.00um]  (Soleus_Sensory_Nerves_20um),Sensory MRG Neuron,20.00um,L5_muscular,DM-R2,30,2.953125,295.31250000000006,node[18]
299,Nerve_root_L5_sciatic_nerve_tibial_left_02 [Sensory MRG Neuron 20.00um]  (Soleus_Sensory_Nerves_20um),Sensory MRG Neuron,20.00um,L5_sciatic,DM-R2,30,2.953125,295.31250000000006,node[18]
293,Nerve_root_L5_sciatic_nerve_tibial_left_01 [Sensory MRG Neuron 20.00um]  (Soleus_Sensory_Nerves_20um),Sensory MRG Neuron,20.00um,L5_sciatic,DM-R2,30,2.953125,295.31250000000006,node[18]
221,Nerve_root_L5_muscular_branches_of_nerve_sciatic_right_02 [Sensory MRG Neuron 20.00um]  (Soleus_Sensory_Nerves_20um),Sensory MRG Neuron,20.00um,L5_muscular,DM-R2,30,2.96875,296.875,node[17]
323,Nerve_root_L5_sciatic_nerve_tibial_right_01 [Sensory MRG Neuron 20.00um]  (Soleus_Sensory_Nerves_20um),Sensory MRG Neuron,20.00um,L5_sciatic,DM-R2,30,2.984375,298.4375,node[17]
347,Nerve_root_L5_sciatic_nerve_tibial_right_05 [Sensory MRG Neuron 20.00um]  (Soleus_Sensory_Nerves_20um),Sensory MRG Neuron,20.00um,L5_sciatic,DM-R2,30,2.984375,298.4375,node[17]
359,Nerve_root_L5_sciatic_nerve_tibial_right_07 [Sensory MRG Neuron 20.00um]  (Soleus_Sensory_Nerves_20um),Sensory MRG Neuron,20.00um,L5_sciatic,DM-R2,30,2.984375,298.4375,node[17]
287,Nerve_root_L5_sciatic_muscular_branches_of_nerve_tibial_right_04 [Sensory MRG Neuron 20.00um]  (Soleus_Sensory_Nerves_20um),Sensory MRG Neuron,20.00um,L5_sciatic,DM-R2,30,2.984375,298.4375,node[17]
341,Nerve_root_L5_sciatic_nerve_tibial_right_04 [Sensory MRG Neuron 20.00um]  (Soleus_Sensory_Nerves_20um),Sensory MRG Neuron,20.00um,L5_sciatic,DM-R2,30,2.984375,298.4375,node[17]
329,Nerve_root_L5_sciatic_nerve_tibial_right_02 [Sensory MRG Neuron 20.00um]  (Soleus_Sensory_Nerves_20um),Sensory MRG Neuron,20.00um,L5_sciatic,DM-R2,30,2.984375,298.4375,node[17]
275,Nerve_root_L5_sciatic_muscular_branches_of_nerve_tibial_right_02 [Sensory MRG Neuron 20.00um]  (Soleus_Sensory_Nerves_20um),Sensory MRG Neuron,20.00um,L5_sciatic,DM-R2,30,2.984375,298.4375,node[17]
353,Nerve_root_L5_sciatic_nerve_tibial_right_06 [Sensory MRG Neuron 20.00um]  (Soleus_Sensory_Nerves_20um),Sensory MRG Neuron,20.00um,L5_sciatic,DM-R2,30,2.984375,298.4375,node[17]
335,Nerve_root_L5_sciatic_nerve_tibial_right_03 [Sensory MRG Neuron 20.00um]  (Soleus_Sensory_Nerves_20um),Sensory MRG Neuron,20.00um,L5_sciatic,DM-R2,30,2.984375,298.4375,node[17]
269,Nerve_root_L5_sciatic_muscular_branches_of_nerve_tibial_right_01 [Sensory MRG Neuron 20.00um]  (Soleus_Sensory_Nerves_20um),Sensory MRG Neuron,20.00um,L5_sciatic,DM-R2,30,2.984375,298.4375,node[17]
281,Nerve_root_L5_sciatic_muscular_branches_of_nerve_tibial_right_03 [Sensory MRG Neuron 20.00um]  (Soleus_Sensory_Nerves_20um),Sensory MRG Neuron,20.00um,L5_sciatic,DM-R2,30,2.984375,298.4375,node[17]
53,Nerve_root_L4_L5_muscular_branches_of_nerve_sciatic_right_04 [Sensory MRG Neuron 20.00um]  (Soleus_Sensory_Nerves_20um),Sensory MRG Neuron,20.00um,L4_L5,DM-R2,30,3.0,300.00000000000006,node[18]
101,Nerve_root_L4_L5_sciatic_muscular_branches_of_nerve_tibial_right_03 [Sensory MRG Neuron 20.00um]  (Soleus_Sensory_Nerves_20um),Sensory MRG Neuron,20.00um,L4_L5,DM-R2,30,3.0,300.00000000000006,node[20]
149,Nerve_root_L4_L5_sciatic_nerve_tibial_right_02 [Sensory MRG Neuron 20.00um]  (Soleus_Sensory_Nerves_20um),Sensory MRG Neuron,20.00um,L4_L5,DM-R2,30,3.0,300.00000000000006,node[20]
155,Nerve_root_L4_L5_sciatic_nerve_tibial_right_03 [Sensory MRG Neuron 20.00um]  (Soleus_Sensory_Nerves_20um),Sensory MRG Neuron,20.00um,L4_L5,DM-R2,30,3.0,300.00000000000006,node[20]
143,Nerve_root_L4_L5_sciatic_nerve_tibial_right_01 [Sensory MRG Neuron 20.00um]  (Soleus_Sensory_Nerves_20um),Sensory MRG Neuron,20.00um,L4_L5,DM-R2,30,3.0,300.00000000000006,node[20]
107,Nerve_root_L4_L5_sciatic_muscular_branches_of_nerve_tibial_right_04 [Sensory MRG Neuron 20.00um]  (Soleus_Sensory_Nerves_20um),Sensory MRG Neuron,20.00um,L4_L5,DM-R2,30,3.0,300.00000000000006,node[20]
89,Nerve_root_L4_L5_sciatic_muscular_branches_of_nerve_tibial_right_01 [Sensory MRG Neuron 20.00um]  (Soleus_Sensory_Nerves_20um),Sensory MRG Neuron,20.00um,L4_L5,DM-R2,30,3.0,300.00000000000006,node[20]
95,Nerve_root_L4_L5_sciatic_muscular_branches_of_nerve_tibial_right_02 [Sensory MRG Neuron 20.00um]  (Soleus_Sensory_Nerves_20um),Sensory MRG Neuron,20.00um,L4_L5,DM-R2,30,3.0,300.00000000000006,node[20]
167,Nerve_root_L4_L5_sciatic_nerve_tibial_right_05 [Sensory MRG Neuron 20.00um]  (Soleus_Sensory_Nerves_20um),Sensory MRG Neuron,20.00um,L4_L5,DM-R2,30,3.0,300.00000000000006,node[20]
173,Nerve_root_L4_L5_sciatic_nerve_tibial_right_06 [Sensory MRG Neuron 20.00um]  (Soleus_Sensory_Nerves_20um),Sensory MRG Neuron,20.00um,L4_L5,DM-R2,30,3.0,300.00000000000006,node[20]
179,Nerve_root_L4_L5_sciatic_nerve_tibial_right_07 [Sensory MRG Neuron 20.00um]  (Soleus_Sensory_Nerves_20um),Sensory MRG Neuron,20.00um,L4_L5,DM-R2,30,3.0,300.00000000000006,node[20]
161,Nerve_root_L4_L5_sciatic_nerve_tibial_right_04 [Sensory MRG Neuron 20.00um]  (Soleus_Sensory_Nerves_20um),Sensory MRG Neuron,20.00um,L4_L5,DM-R2,30,3.0,300.00000000000006,node[20]
47,Nerve_root_L4_L5_muscular_branches_of_nerve_sciatic_right_03 [Sensory MRG Neuron 20.00um]  (Soleus_Sensory_Nerves_20um),Sensory MRG Neuron,20.00um,L4_L5,DM-R2,30,3.015625,301.5625,node[19]
41,Nerve_root_L4_L5_muscular_branches_of_nerve_sciatic_right_02 [Sensory MRG Neuron 20.00um]  (Soleus_Sensory_Nerves_20um),Sensory MRG Neuron,20.00um,L4_L5,DM-R2,30,3.015625,301.5625,node[19]
35,Nerve_root_L4_L5_muscular_branches_of_nerve_sciatic_right_01 [Sensory MRG Neuron 20.00um]  (Soleus_Sensory_Nerves_20um),Sensory MRG Neuron,20.00um,L4_L5,DM-R2,30,3.046875,304.6875,node[18]
634,Nerve_root_S2_sciatic_muscular_branches_of_nerve_tibial_right_03 [Sensory MRG Neuron 15.00um]  (Soleus_Sensory_Nerves_15um),Sensory MRG Neuron,15.00um,S2_sciatic,DM-R2,30,3.1875,318.75000000000006,node[127]
586,Nerve_root_S2_muscular_branches_of_nerve_sciatic_right_04 [Sensory MRG Neuron 15.00um]  (Soleus_Sensory_Nerves_15um),Sensory MRG Neuron,15.00um,S2_muscular,DM-R2,30,3.1875,318.75000000000006,node[128]
700,Nerve_root_S2_sciatic_nerve_tibial_right_05 [Sensory MRG Neuron 15.00um]  (Soleus_Sensory_Nerves_15um),Sensory MRG Neuron,15.00um,S2_sciatic,DM-R2,30,3.21875,321.875,node[127]
580,Nerve_root_S2_muscular_branches_of_nerve_sciatic_right_03 [Sensory MRG Neuron 15.00um]  (Soleus_Sensory_Nerves_15um),Sensory MRG Neuron,15.00um,S2_muscular,DM-R2,30,3.21875,321.875,node[127]
694,Nerve_root_S2_sciatic_nerve_tibial_right_04 [Sensory MRG Neuron 15.00um]  (Soleus_Sensory_Nerves_15um),Sensory MRG Neuron,15.00um,S2_sciatic,DM-R2,30,3.21875,321.875,node[127]
688,Nerve_root_S2_sciatic_nerve_tibial_right_03 [Sensory MRG Neuron 15.00um]  (Soleus_Sensory_Nerves_15um),Sensory MRG Neuron,15.00um,S2_sciatic,DM-R2,30,3.21875,321.875,node[127]
706,Nerve_root_S2_sciatic_nerve_tibial_right_06 [Sensory MRG Neuron 15.00um]  (Soleus_Sensory_Nerves_15um),Sensory MRG Neuron,15.00um,S2_sciatic,DM-R2,30,3.21875,321.875,node[127]
712,Nerve_root_S2_sciatic_nerve_tibial_right_07 [Sensory MRG Neuron 15.00um]  (Soleus_Sensory_Nerves_15um),Sensory MRG Neuron,15.00um,S2_sciatic,DM-R2,30,3.21875,321.875,node[127]
622,Nerve_root_S2_sciatic_muscular_branches_of_nerve_tibial_right_01 [Sensory MRG Neuron 15.00um]  (Soleus_Sensory_Nerves_15um),Sensory MRG Neuron,15.00um,S2_sciatic,DM-R2,30,3.21875,321.875,node[127]
676,Nerve_root_S2_sciatic_nerve_tibial_right_01 [Sensory MRG Neuron 15.00um]  (Soleus_Sensory_Nerves_15um),Sensory MRG Neuron,15.00um,S2_sciatic,DM-R2,30,3.21875,321.875,node[127]
682,Nerve_root_S2_sciatic_nerve_tibial_right_02 [Sensory MRG Neuron 15.00um]  (Soleus_Sensory_Nerves_15um),Sensory MRG Neuron,15.00um,S2_sciatic,DM-R2,30,3.21875,321.875,node[127]
628,Nerve_root_S2_sciatic_muscular_branches_of_nerve_tibial_right_02 [Sensory MRG Neuron 15.00um]  (Soleus_Sensory_Nerves_15um),Sensory MRG Neuron,15.00um,S2_sciatic,DM-R2,30,3.21875,321.875,node[127]
640,Nerve_root_S2_sciatic_muscular_branches_of_nerve_tibial_right_04 [Sensory MRG Neuron 15.00um]  (Soleus_Sensory_Nerves_15um),Sensory MRG Neuron,15.00um,S2_sciatic,DM-R2,30,3.21875,321.875,node[127]
574,Nerve_root_S2_muscular_branches_of_nerve_sciatic_right_02 [Sensory MRG Neuron 15.00um]  (Soleus_Sensory_Nerves_15um),Sensory MRG Neuron,15.00um,S2_muscular,DM-R2,30,3.25,325.0,node[128]
568,Nerve_root_S2_muscular_branches_of_nerve_sciatic_right_01 [Sensory MRG Neuron 15.00um]  (Soleus_Sensory_Nerves_15um),Sensory MRG Neuron,15.00um,S2_muscular,DM-R2,30,3.28125,328.125,node[127]
423,Nerve_root_S1_sciatic_muscular_branches_of_nerve_tibial_left_03 [Sensory MRG Neuron 10.00um]  (Soleus_Sensory_Nerves_10um),Sensory MRG Neuron,10.00um,S1_sciatic,DM-R2,30,3.625,362.50000000000006,node[123]
483,Nerve_root_S1_sciatic_nerve_tibial_left_04 [Sensory MRG Neuron 10.00um]  (Soleus_Sensory_Nerves_10um),Sensory MRG Neuron,10.00um,S1_sciatic,DM-R2,30,3.625,362.50000000000006,node[123]
465,Nerve_root_S1_sciatic_nerve_tibial_left_01 [Sensory MRG Neuron 10.00um]  (Soleus_Sensory_Nerves_10um),Sensory MRG Neuron,10.00um,S1_sciatic,DM-R2,30,3.625,362.50000000000006,node[123]
471,Nerve_root_S1_sciatic_nerve_tibial_left_02 [Sensory MRG Neuron 10.00um]  (Soleus_Sensory_Nerves_10um),Sensory MRG Neuron,10.00um,S1_sciatic,DM-R2,30,3.625,362.50000000000006,node[123]
417,Nerve_root_S1_sciatic_muscular_branches_of_nerve_tibial_left_02 [Sensory MRG Neuron 10.00um]  (Soleus_Sensory_Nerves_10um),Sensory MRG Neuron,10.00um,S1_sciatic,DM-R2,30,3.625,362.50000000000006,node[123]
429,Nerve_root_S1_sciatic_muscular_branches_of_nerve_tibial_left_04 [Sensory MRG Neuron 10.00um]  (Soleus_Sensory_Nerves_10um),Sensory MRG Neuron,10.00um,S1_sciatic,DM-R2,30,3.625,362.50000000000006,node[123]
435,Nerve_root_S1_sciatic_muscular_branches_of_nerve_tibial_left_05 [Sensory MRG Neuron 10.00um]  (Soleus_Sensory_Nerves_10um),Sensory MRG Neuron,10.00um,S1_sciatic,DM-R2,30,3.625,362.50000000000006,node[123]
477,Nerve_root_S1_sciatic_nerve_tibial_left_03 [Sensory MRG Neuron 10.00um]  (Soleus_Sensory_Nerves_10um),Sensory MRG Neuron,10.00um,S1_sciatic,DM-R2,30,3.625,362.50000000000006,node[123]
411,Nerve_root_S1_sciatic_muscular_branches_of_nerve_tibial_left_01 [Sensory MRG Neuron 10.00um]  (Soleus_Sensory_Nerves_10um),Sensory MRG Neuron,10.00um,S1_sciatic,DM-R2,30,3.625,362.50000000000006,node[123]
489,Nerve_root_S1_sciatic_nerve_tibial_left_05 [Sensory MRG Neuron 10.00um]  (Soleus_Sensory_Nerves_10um),Sensory MRG Neuron,10.00um,S1_sciatic,DM-R2,30,3.625,362.50000000000006,node[123]
369,Nerve_root_S1_muscular_branches_of_nerve_sciatic_left_02 [Sensory MRG Neuron 10.00um]  (Soleus_Sensory_Nerves_10um),Sensory MRG Neuron,10.00um,S1_muscular,DM-R2,30,3.65625,365.62500000000006,node[124]
381,Nerve_root_S1_muscular_branches_of_nerve_sciatic_left_05 [Sensory MRG Neuron 10.00um]  (Soleus_Sensory_Nerves_10um),Sensory MRG Neuron,10.00um,S1_muscular,DM-R2,30,3.65625,365.62500000000006,node[123]
363,Nerve_root_S1_muscular_branches_of_nerve_sciatic_left_01 [Sensory MRG Neuron 10.00um]  (Soleus_Sensory_Nerves_10um),Sensory MRG Neuron,10.00um,S1_muscular,DM-R2,30,3.65625,365.62500000000006,node[124]
375,Nerve_root_S1_muscular_branches_of_nerve_sciatic_left_04 [Sensory MRG Neuron 10.00um]  (Soleus_Sensory_Nerves_10um),Sensory MRG Neuron,10.00um,S1_muscular,DM-R2,30,3.65625,365.62500000000006,node[124]
214,Nerve_root_L5_muscular_branches_of_nerve_sciatic_right_01 [Sensory MRG Neuron 15.00um]  (Soleus_Sensory_Nerves_15um),Sensory MRG Neuron,15.00um,L5_muscular,DM-R2,30,3.9375,393.75000000000006,node[78]
226,Nerve_root_L5_muscular_branches_of_nerve_sciatic_right_03 [Sensory MRG Neuron 15.00um]  (Soleus_Sensory_Nerves_15um),Sensory MRG Neuron,15.00um,L5_muscular,DM-R2,30,3.9375,393.75000000000006,node[78]
220,Nerve_root_L5_muscular_branches_of_nerve_sciatic_right_02 [Sensory MRG Neuron 15.00um]  (Soleus_Sensory_Nerves_15um),Sensory MRG Neuron,15.00um,L5_muscular,DM-R2,30,4.0,400.0,node[78]
232,Nerve_root_L5_muscular_branches_of_nerve_sciatic_right_04 [Sensory MRG Neuron 15.00um]  (Soleus_Sensory_Nerves_15um),Sensory MRG Neuron,15.00um,L5_muscular,DM-R2,30,4.0625,406.25,node[79]
400,Nerve_root_S1_muscular_branches_of_nerve_sciatic_right_03 [Sensory MRG Neuron 15.00um]  (Soleus_Sensory_Nerves_15um),Sensory MRG Neuron,15.00um,S1_muscular,DM-R2,30,4.09375,409.37500000000006,node[17]
394,Nerve_root_S1_muscular_branches_of_nerve_sciatic_right_02 [Sensory MRG Neuron 15.00um]  (Soleus_Sensory_Nerves_15um),Sensory MRG Neuron,15.00um,S1_muscular,DM-R2,30,4.09375,409.37500000000006,node[17]
526,Nerve_root_S1_sciatic_nerve_tibial_right_06 [Sensory MRG Neuron 15.00um]  (Soleus_Sensory_Nerves_15um),Sensory MRG Neuron,15.00um,S1_sciatic,DM-R2,30,4.15625,415.625,node[17]
532,Nerve_root_S1_sciatic_nerve_tibial_right_07 [Sensory MRG Neuron 15.00um]  (Soleus_Sensory_Nerves_15um),Sensory MRG Neuron,15.00um,S1_sciatic,DM-R2,30,4.15625,415.625,node[17]
520,Nerve_root_S1_sciatic_nerve_tibial_right_05 [Sensory MRG Neuron 15.00um]  (Soleus_Sensory_Nerves_15um),Sensory MRG Neuron,15.00um,S1_sciatic,DM-R2,30,4.15625,415.625,node[17]
514,Nerve_root_S1_sciatic_nerve_tibial_right_04 [Sensory MRG Neuron 15.00um]  (Soleus_Sensory_Nerves_15um),Sensory MRG Neuron,15.00um,S1_sciatic,DM-R2,30,4.15625,415.625,node[17]
508,Nerve_root_S1_sciatic_nerve_tibial_right_03 [Sensory MRG Neuron 15.00um]  (Soleus_Sensory_Nerves_15um),Sensory MRG Neuron,15.00um,S1_sciatic,DM-R2,30,4.15625,415.625,node[17]
502,Nerve_root_S1_sciatic_nerve_tibial_right_02 [Sensory MRG Neuron 15.00um]  (Soleus_Sensory_Nerves_15um),Sensory MRG Neuron,15.00um,S1_sciatic,DM-R2,30,4.15625,415.625,node[17]
442,Nerve_root_S1_sciatic_muscular_branches_of_nerve_tibial_right_01 [Sensory MRG Neuron 15.00um]  (Soleus_Sensory_Nerves_15um),Sensory MRG Neuron,15.00um,S1_sciatic,DM-R2,30,4.15625,415.625,node[17]
496,Nerve_root_S1_sciatic_nerve_tibial_right_01 [Sensory MRG Neuron 15.00um]  (Soleus_Sensory_Nerves_15um),Sensory MRG Neuron,15.00um,S1_sciatic,DM-R2,30,4.15625,415.625,node[17]
454,Nerve_root_S1_sciatic_muscular_branches_of_nerve_tibial_right_03 [Sensory MRG Neuron 15.00um]  (Soleus_Sensory_Nerves_15um),Sensory MRG Neuron,15.00um,S1_sciatic,DM-R2,30,4.15625,415.625,node[17]
460,Nerve_root_S1_sciatic_muscular_branches_of_nerve_tibial_right_04 [Sensory MRG Neuron 15.00um]  (Soleus_Sensory_Nerves_15um),Sensory MRG Neuron,15.00um,S1_sciatic,DM-R2,30,4.15625,415.625,node[17]
406,Nerve_root_S1_muscular_branches_of_nerve_sciatic_right_04 [Sensory MRG Neuron 15.00um]  (Soleus_Sensory_Nerves_15um),Sensory MRG Neuron,15.00um,S1_muscular,DM-R2,30,4.15625,415.625,node[18]
448,Nerve_root_S1_sciatic_muscular_branches_of_nerve_tibial_right_02 [Sensory MRG Neuron 15.00um]  (Soleus_Sensory_Nerves_15um),Sensory MRG Neuron,15.00um,S1_sciatic,DM-R2,30,4.15625,415.625,node[17]
208,Nerve_root_L5_muscular_branches_of_nerve_sciatic_left_05 [Sensory MRG Neuron 15.00um]  (Soleus_Sensory_Nerves_15um),Sensory MRG Neuron,15.00um,L5_muscular,DM-R2,30,4.15625,415.625,node[22]
561,Nerve_root_S2_muscular_branches_of_nerve_sciatic_left_05 [Sensory MRG Neuron 10.00um]  (Soleus_Sensory_Nerves_10um),Sensory MRG Neuron,10.00um,S2_muscular,DM-R2,30,4.1875,418.75,node[178]
537,Nerve_root_S2_muscular_branches_of_nerve_sciatic_left_01 [Sensory MRG Neuron 10.00um]  (Soleus_Sensory_Nerves_10um),Sensory MRG Neuron,10.00um,S2_muscular,DM-R2,30,4.1875,418.75,node[178]
543,Nerve_root_S2_muscular_branches_of_nerve_sciatic_left_02 [Sensory MRG Neuron 10.00um]  (Soleus_Sensory_Nerves_10um),Sensory MRG Neuron,10.00um,S2_muscular,DM-R2,30,4.1875,418.75,node[178]
615,Nerve_root_S2_sciatic_muscular_branches_of_nerve_tibial_left_05 [Sensory MRG Neuron 10.00um]  (Soleus_Sensory_Nerves_10um),Sensory MRG Neuron,10.00um,S2_sciatic,DM-R2,30,4.21875,421.875,node[178]
40,Nerve_root_L4_L5_muscular_branches_of_nerve_sciatic_right_02 [Sensory MRG Neuron 15.00um]  (Soleus_Sensory_Nerves_15um),Sensory MRG Neuron,15.00um,L4_L5,DM-R2,30,4.21875,421.875,node[24]
549,Nerve_root_S2_muscular_branches_of_nerve_sciatic_left_03 [Sensory MRG Neuron 10.00um]  (Soleus_Sensory_Nerves_10um),Sensory MRG Neuron,10.00um,S2_muscular,DM-R2,30,4.21875,421.875,node[178]
645,Nerve_root_S2_sciatic_nerve_tibial_left_01 [Sensory MRG Neuron 10.00um]  (Soleus_Sensory_Nerves_10um),Sensory MRG Neuron,10.00um,S2_sciatic,DM-R2,30,4.21875,421.875,node[178]
663,Nerve_root_S2_sciatic_nerve_tibial_left_04 [Sensory MRG Neuron 10.00um]  (Soleus_Sensory_Nerves_10um),Sensory MRG Neuron,10.00um,S2_sciatic,DM-R2,30,4.21875,421.875,node[178]
669,Nerve_root_S2_sciatic_nerve_tibial_left_05 [Sensory MRG Neuron 10.00um]  (Soleus_Sensory_Nerves_10um),Sensory MRG Neuron,10.00um,S2_sciatic,DM-R2,30,4.21875,421.875,node[178]
591,Nerve_root_S2_sciatic_muscular_branches_of_nerve_tibial_left_01 [Sensory MRG Neuron 10.00um]  (Soleus_Sensory_Nerves_10um),Sensory MRG Neuron,10.00um,S2_sciatic,DM-R2,30,4.21875,421.875,node[178]
651,Nerve_root_S2_sciatic_nerve_tibial_left_02 [Sensory MRG Neuron 10.00um]  (Soleus_Sensory_Nerves_10um),Sensory MRG Neuron,10.00um,S2_sciatic,DM-R2,30,4.21875,421.875,node[178]
657,Nerve_root_S2_sciatic_nerve_tibial_left_03 [Sensory MRG Neuron 10.00um]  (Soleus_Sensory_Nerves_10um),Sensory MRG Neuron,10.00um,S2_sciatic,DM-R2,30,4.21875,421.875,node[178]
46,Nerve_root_L4_L5_muscular_branches_of_nerve_sciatic_right_03 [Sensory MRG Neuron 15.00um]  (Soleus_Sensory_Nerves_15um),Sensory MRG Neuron,15.00um,L4_L5,DM-R2,30,4.21875,421.875,node[24]
609,Nerve_root_S2_sciatic_muscular_branches_of_nerve_tibial_left_04 [Sensory MRG Neuron 10.00um]  (Soleus_Sensory_Nerves_10um),Sensory MRG Neuron,10.00um,S2_sciatic,DM-R2,30,4.21875,421.875,node[178]
202,Nerve_root_L5_muscular_branches_of_nerve_sciatic_left_04 [Sensory MRG Neuron 15.00um]  (Soleus_Sensory_Nerves_15um),Sensory MRG Neuron,15.00um,L5_muscular,DM-R2,30,4.21875,421.875,node[22]
603,Nerve_root_S2_sciatic_muscular_branches_of_nerve_tibial_left_03 [Sensory MRG Neuron 10.00um]  (Soleus_Sensory_Nerves_10um),Sensory MRG Neuron,10.00um,S2_sciatic,DM-R2,30,4.21875,421.875,node[178]
597,Nerve_root_S2_sciatic_muscular_branches_of_nerve_tibial_left_02 [Sensory MRG Neuron 10.00um]  (Soleus_Sensory_Nerves_10um),Sensory MRG Neuron,10.00um,S2_sciatic,DM-R2,30,4.21875,421.875,node[178]
142,Nerve_root_L4_L5_sciatic_nerve_tibial_right_01 [Sensory MRG Neuron 15.00um]  (Soleus_Sensory_Nerves_15um),Sensory MRG Neuron,15.00um,L4_L5,DM-R2,30,4.25,425.00000000000006,node[23]
88,Nerve_root_L4_L5_sciatic_muscular_branches_of_nerve_tibial_right_01 [Sensory MRG Neuron 15.00um]  (Soleus_Sensory_Nerves_15um),Sensory MRG Neuron,15.00um,L4_L5,DM-R2,30,4.25,425.00000000000006,node[23]
154,Nerve_root_L4_L5_sciatic_nerve_tibial_right_03 [Sensory MRG Neuron 15.00um]  (Soleus_Sensory_Nerves_15um),Sensory MRG Neuron,15.00um,L4_L5,DM-R2,30,4.25,425.00000000000006,node[23]
94,Nerve_root_L4_L5_sciatic_muscular_branches_of_nerve_tibial_right_02 [Sensory MRG Neuron 15.00um]  (Soleus_Sensory_Nerves_15um),Sensory MRG Neuron,15.00um,L4_L5,DM-R2,30,4.25,425.00000000000006,node[23]
100,Nerve_root_L4_L5_sciatic_muscular_branches_of_nerve_tibial_right_03 [Sensory MRG Neuron 15.00um]  (Soleus_Sensory_Nerves_15um),Sensory MRG Neuron,15.00um,L4_L5,DM-R2,30,4.25,425.00000000000006,node[23]
148,Nerve_root_L4_L5_sciatic_nerve_tibial_right_02 [Sensory MRG Neuron 15.00um]  (Soleus_Sensory_Nerves_15um),Sensory MRG Neuron,15.00um,L4_L5,DM-R2,30,4.25,425.00000000000006,node[23]
166,Nerve_root_L4_L5_sciatic_nerve_tibial_right_05 [Sensory MRG Neuron 15.00um]  (Soleus_Sensory_Nerves_15um),Sensory MRG Neuron,15.00um,L4_L5,DM-R2,30,4.25,425.00000000000006,node[23]
106,Nerve_root_L4_L5_sciatic_muscular_branches_of_nerve_tibial_right_04 [Sensory MRG Neuron 15.00um]  (Soleus_Sensory_Nerves_15um),Sensory MRG Neuron,15.00um,L4_L5,DM-R2,30,4.25,425.00000000000006,node[23]
160,Nerve_root_L4_L5_sciatic_nerve_tibial_right_04 [Sensory MRG Neuron 15.00um]  (Soleus_Sensory_Nerves_15um),Sensory MRG Neuron,15.00um,L4_L5,DM-R2,30,4.25,425.00000000000006,node[23]
172,Nerve_root_L4_L5_sciatic_nerve_tibial_right_06 [Sensory MRG Neuron 15.00um]  (Soleus_Sensory_Nerves_15um),Sensory MRG Neuron,15.00um,L4_L5,DM-R2,30,4.25,425.00000000000006,node[23]
178,Nerve_root_L4_L5_sciatic_nerve_tibial_right_07 [Sensory MRG Neuron 15.00um]  (Soleus_Sensory_Nerves_15um),Sensory MRG Neuron,15.00um,L4_L5,DM-R2,30,4.25,425.00000000000006,node[23]
196,Nerve_root_L5_muscular_branches_of_nerve_sciatic_left_03 [Sensory MRG Neuron 15.00um]  (Soleus_Sensory_Nerves_15um),Sensory MRG Neuron,15.00um,L5_muscular,DM-R2,30,4.25,425.00000000000006,node[22]
555,Nerve_root_S2_muscular_branches_of_nerve_sciatic_left_04 [Sensory MRG Neuron 10.00um]  (Soleus_Sensory_Nerves_10um),Sensory MRG Neuron,10.00um,S2_muscular,DM-R2,30,4.28125,428.12500000000006,node[178]
274,Nerve_root_L5_sciatic_muscular_branches_of_nerve_tibial_right_02 [Sensory MRG Neuron 15.00um]  (Soleus_Sensory_Nerves_15um),Sensory MRG Neuron,15.00um,L5_sciatic,DM-R2,30,4.28125,428.12500000000006,node[21]
268,Nerve_root_L5_sciatic_muscular_branches_of_nerve_tibial_right_01 [Sensory MRG Neuron 15.00um]  (Soleus_Sensory_Nerves_15um),Sensory MRG Neuron,15.00um,L5_sciatic,DM-R2,30,4.28125,428.12500000000006,node[21]
346,Nerve_root_L5_sciatic_nerve_tibial_right_05 [Sensory MRG Neuron 15.00um]  (Soleus_Sensory_Nerves_15um),Sensory MRG Neuron,15.00um,L5_sciatic,DM-R2,30,4.28125,428.12500000000006,node[21]
280,Nerve_root_L5_sciatic_muscular_branches_of_nerve_tibial_right_03 [Sensory MRG Neuron 15.00um]  (Soleus_Sensory_Nerves_15um),Sensory MRG Neuron,15.00um,L5_sciatic,DM-R2,30,4.28125,428.12500000000006,node[21]
352,Nerve_root_L5_sciatic_nerve_tibial_right_06 [Sensory MRG Neuron 15.00um]  (Soleus_Sensory_Nerves_15um),Sensory MRG Neuron,15.00um,L5_sciatic,DM-R2,30,4.28125,428.12500000000006,node[21]
340,Nerve_root_L5_sciatic_nerve_tibial_right_04 [Sensory MRG Neuron 15.00um]  (Soleus_Sensory_Nerves_15um),Sensory MRG Neuron,15.00um,L5_sciatic,DM-R2,30,4.28125,428.12500000000006,node[21]
286,Nerve_root_L5_sciatic_muscular_branches_of_nerve_tibial_right_04 [Sensory MRG Neuron 15.00um]  (Soleus_Sensory_Nerves_15um),Sensory MRG Neuron,15.00um,L5_sciatic,DM-R2,30,4.28125,428.12500000000006,node[21]
322,Nerve_root_L5_sciatic_nerve_tibial_right_01 [Sensory MRG Neuron 15.00um]  (Soleus_Sensory_Nerves_15um),Sensory MRG Neuron,15.00um,L5_sciatic,DM-R2,30,4.28125,428.12500000000006,node[21]
358,Nerve_root_L5_sciatic_nerve_tibial_right_07 [Sensory MRG Neuron 15.00um]  (Soleus_Sensory_Nerves_15um),Sensory MRG Neuron,15.00um,L5_sciatic,DM-R2,30,4.28125,428.12500000000006,node[21]
334,Nerve_root_L5_sciatic_nerve_tibial_right_03 [Sensory MRG Neuron 15.00um]  (Soleus_Sensory_Nerves_15um),Sensory MRG Neuron,15.00um,L5_sciatic,DM-R2,30,4.28125,428.12500000000006,node[21]
328,Nerve_root_L5_sciatic_nerve_tibial_right_02 [Sensory MRG Neuron 15.00um]  (Soleus_Sensory_Nerves_15um),Sensory MRG Neuron,15.00um,L5_sciatic,DM-R2,30,4.28125,428.12500000000006,node[21]
316,Nerve_root_L5_sciatic_nerve_tibial_left_05 [Sensory MRG Neuron 15.00um]  (Soleus_Sensory_Nerves_15um),Sensory MRG Neuron,15.00um,L5_sciatic,DM-R2,30,4.3125,431.25,node[22]
262,Nerve_root_L5_sciatic_muscular_branches_of_nerve_tibial_left_05 [Sensory MRG Neuron 15.00um]  (Soleus_Sensory_Nerves_15um),Sensory MRG Neuron,15.00um,L5_sciatic,DM-R2,30,4.3125,431.25,node[22]
238,Nerve_root_L5_sciatic_muscular_branches_of_nerve_tibial_left_01 [Sensory MRG Neuron 15.00um]  (Soleus_Sensory_Nerves_15um),Sensory MRG Neuron,15.00um,L5_sciatic,DM-R2,30,4.3125,431.25,node[22]
310,Nerve_root_L5_sciatic_nerve_tibial_left_04 [Sensory MRG Neuron 15.00um]  (Soleus_Sensory_Nerves_15um),Sensory MRG Neuron,15.00um,L5_sciatic,DM-R2,30,4.3125,431.25,node[22]
304,Nerve_root_L5_sciatic_nerve_tibial_left_03 [Sensory MRG Neuron 15.00um]  (Soleus_Sensory_Nerves_15um),Sensory MRG Neuron,15.00um,L5_sciatic,DM-R2,30,4.3125,431.25,node[22]
244,Nerve_root_L5_sciatic_muscular_branches_of_nerve_tibial_left_02 [Sensory MRG Neuron 15.00um]  (Soleus_Sensory_Nerves_15um),Sensory MRG Neuron,15.00um,L5_sciatic,DM-R2,30,4.3125,431.25,node[22]
250,Nerve_root_L5_sciatic_muscular_branches_of_nerve_tibial_left_03 [Sensory MRG Neuron 15.00um]  (Soleus_Sensory_Nerves_15um),Sensory MRG Neuron,15.00um,L5_sciatic,DM-R2,30,4.3125,431.25,node[22]
298,Nerve_root_L5_sciatic_nerve_tibial_left_02 [Sensory MRG Neuron 15.00um]  (Soleus_Sensory_Nerves_15um),Sensory MRG Neuron,15.00um,L5_sciatic,DM-R2,30,4.3125,431.25,node[22]
292,Nerve_root_L5_sciatic_nerve_tibial_left_01 [Sensory MRG Neuron 15.00um]  (Soleus_Sensory_Nerves_15um),Sensory MRG Neuron,15.00um,L5_sciatic,DM-R2,30,4.3125,431.25,node[22]
256,Nerve_root_L5_sciatic_muscular_branches_of_nerve_tibial_left_04 [Sensory MRG Neuron 15.00um]  (Soleus_Sensory_Nerves_15um),Sensory MRG Neuron,15.00um,L5_sciatic,DM-R2,30,4.3125,431.25,node[22]
34,Nerve_root_L4_L5_muscular_branches_of_nerve_sciatic_right_01 [Sensory MRG Neuron 15.00um]  (Soleus_Sensory_Nerves_15um),Sensory MRG Neuron,15.00um,L4_L5,DM-R2,30,4.34375,434.375,node[23]
388,Nerve_root_S1_muscular_branches_of_nerve_sciatic_right_01 [Sensory MRG Neuron 15.00um]  (Soleus_Sensory_Nerves_15um),Sensory MRG Neuron,15.00um,S1_muscular,DM-R2,30,4.34375,434.375,node[17]
190,Nerve_root_L5_muscular_branches_of_nerve_sciatic_left_02 [Sensory MRG Neuron 15.00um]  (Soleus_Sensory_Nerves_15um),Sensory MRG Neuron,15.00um,L5_muscular,DM-R2,30,4.34375,434.375,node[23]
52,Nerve_root_L4_L5_muscular_branches_of_nerve_sciatic_right_04 [Sensory MRG Neuron 15.00um]  (Soleus_Sensory_Nerves_15um),Sensory MRG Neuron,15.00um,L4_L5,DM-R2,30,4.34375,434.375,node[24]
184,Nerve_root_L5_muscular_branches_of_nerve_sciatic_left_01 [Sensory MRG Neuron 15.00um]  (Soleus_Sensory_Nerves_15um),Sensory MRG Neuron,15.00um,L5_muscular,DM-R2,30,4.34375,434.375,node[23]
362,Nerve_root_S1_muscular_branches_of_nerve_sciatic_left_01 [Motor MRG Neuron 20.00um]  (Soleus_Motor_Nerves_20um),Motor MRG Neuron,20.00um,S1_muscular,DM-R2,30,4.71875,471.87500000000006,node[76]
368,Nerve_root_S1_muscular_branches_of_nerve_sciatic_left_02 [Motor MRG Neuron 20.00um]  (Soleus_Motor_Nerves_20um),Motor MRG Neuron,20.00um,S1_muscular,DM-R2,30,4.71875,471.87500000000006,node[76]
374,Nerve_root_S1_muscular_branches_of_nerve_sciatic_left_04 [Motor MRG Neuron 20.00um]  (Soleus_Motor_Nerves_20um),Motor MRG Neuron,20.00um,S1_muscular,DM-R2,30,4.71875,471.87500000000006,node[76]
536,Nerve_root_S2_muscular_branches_of_nerve_sciatic_left_01 [Motor MRG Neuron 20.00um]  (Soleus_Motor_Nerves_20um),Motor MRG Neuron,20.00um,S2_muscular,DM-R2,30,4.78125,478.125,node[109]
602,Nerve_root_S2_sciatic_muscular_branches_of_nerve_tibial_left_03 [Motor MRG Neuron 20.00um]  (Soleus_Motor_Nerves_20um),Motor MRG Neuron,20.00um,S2_sciatic,DM-R2,30,4.78125,478.125,node[109]
608,Nerve_root_S2_sciatic_muscular_branches_of_nerve_tibial_left_04 [Motor MRG Neuron 20.00um]  (Soleus_Motor_Nerves_20um),Motor MRG Neuron,20.00um,S2_sciatic,DM-R2,30,4.78125,478.125,node[109]
614,Nerve_root_S2_sciatic_muscular_branches_of_nerve_tibial_left_05 [Motor MRG Neuron 20.00um]  (Soleus_Motor_Nerves_20um),Motor MRG Neuron,20.00um,S2_sciatic,DM-R2,30,4.78125,478.125,node[109]
668,Nerve_root_S2_sciatic_nerve_tibial_left_05 [Motor MRG Neuron 20.00um]  (Soleus_Motor_Nerves_20um),Motor MRG Neuron,20.00um,S2_sciatic,DM-R2,30,4.78125,478.125,node[109]
644,Nerve_root_S2_sciatic_nerve_tibial_left_01 [Motor MRG Neuron 20.00um]  (Soleus_Motor_Nerves_20um),Motor MRG Neuron,20.00um,S2_sciatic,DM-R2,30,4.78125,478.125,node[109]
662,Nerve_root_S2_sciatic_nerve_tibial_left_04 [Motor MRG Neuron 20.00um]  (Soleus_Motor_Nerves_20um),Motor MRG Neuron,20.00um,S2_sciatic,DM-R2,30,4.78125,478.125,node[109]
596,Nerve_root_S2_sciatic_muscular_branches_of_nerve_tibial_left_02 [Motor MRG Neuron 20.00um]  (Soleus_Motor_Nerves_20um),Motor MRG Neuron,20.00um,S2_sciatic,DM-R2,30,4.78125,478.125,node[109]
554,Nerve_root_S2_muscular_branches_of_nerve_sciatic_left_04 [Motor MRG Neuron 20.00um]  (Soleus_Motor_Nerves_20um),Motor MRG Neuron,20.00um,S2_muscular,DM-R2,30,4.78125,478.125,node[109]
650,Nerve_root_S2_sciatic_nerve_tibial_left_02 [Motor MRG Neuron 20.00um]  (Soleus_Motor_Nerves_20um),Motor MRG Neuron,20.00um,S2_sciatic,DM-R2,30,4.78125,478.125,node[109]
542,Nerve_root_S2_muscular_branches_of_nerve_sciatic_left_02 [Motor MRG Neuron 20.00um]  (Soleus_Motor_Nerves_20um),Motor MRG Neuron,20.00um,S2_muscular,DM-R2,30,4.78125,478.125,node[109]
590,Nerve_root_S2_sciatic_muscular_branches_of_nerve_tibial_left_01 [Motor MRG Neuron 20.00um]  (Soleus_Motor_Nerves_20um),Motor MRG Neuron,20.00um,S2_sciatic,DM-R2,30,4.78125,478.125,node[109]
656,Nerve_root_S2_sciatic_nerve_tibial_left_03 [Motor MRG Neuron 20.00um]  (Soleus_Motor_Nerves_20um),Motor MRG Neuron,20.00um,S2_sciatic,DM-R2,30,4.78125,478.125,node[109]
548,Nerve_root_S2_muscular_branches_of_nerve_sciatic_left_03 [Motor MRG Neuron 20.00um]  (Soleus_Motor_Nerves_20um),Motor MRG Neuron,20.00um,S2_muscular,DM-R2,30,4.8125,481.25,node[109]
560,Nerve_root_S2_muscular_branches_of_nerve_sciatic_left_05 [Motor MRG Neuron 20.00um]  (Soleus_Motor_Nerves_20um),Motor MRG Neuron,20.00um,S2_muscular,DM-R2,30,4.8125,481.25,node[109]
434,Nerve_root_S1_sciatic_muscular_branches_of_nerve_tibial_left_05 [Motor MRG Neuron 20.00um]  (Soleus_Motor_Nerves_20um),Motor MRG Neuron,20.00um,S1_sciatic,DM-R2,30,4.875,487.50000000000006,node[76]
422,Nerve_root_S1_sciatic_muscular_branches_of_nerve_tibial_left_03 [Motor MRG Neuron 20.00um]  (Soleus_Motor_Nerves_20um),Motor MRG Neuron,20.00um,S1_sciatic,DM-R2,30,4.875,487.50000000000006,node[76]
416,Nerve_root_S1_sciatic_muscular_branches_of_nerve_tibial_left_02 [Motor MRG Neuron 20.00um]  (Soleus_Motor_Nerves_20um),Motor MRG Neuron,20.00um,S1_sciatic,DM-R2,30,4.875,487.50000000000006,node[76]
428,Nerve_root_S1_sciatic_muscular_branches_of_nerve_tibial_left_04 [Motor MRG Neuron 20.00um]  (Soleus_Motor_Nerves_20um),Motor MRG Neuron,20.00um,S1_sciatic,DM-R2,30,4.875,487.50000000000006,node[76]
482,Nerve_root_S1_sciatic_nerve_tibial_left_04 [Motor MRG Neuron 20.00um]  (Soleus_Motor_Nerves_20um),Motor MRG Neuron,20.00um,S1_sciatic,DM-R2,30,4.875,487.50000000000006,node[76]
410,Nerve_root_S1_sciatic_muscular_branches_of_nerve_tibial_left_01 [Motor MRG Neuron 20.00um]  (Soleus_Motor_Nerves_20um),Motor MRG Neuron,20.00um,S1_sciatic,DM-R2,30,4.875,487.50000000000006,node[76]
470,Nerve_root_S1_sciatic_nerve_tibial_left_02 [Motor MRG Neuron 20.00um]  (Soleus_Motor_Nerves_20um),Motor MRG Neuron,20.00um,S1_sciatic,DM-R2,30,4.875,487.50000000000006,node[76]
464,Nerve_root_S1_sciatic_nerve_tibial_left_01 [Motor MRG Neuron 20.00um]  (Soleus_Motor_Nerves_20um),Motor MRG Neuron,20.00um,S1_sciatic,DM-R2,30,4.875,487.50000000000006,node[76]
476,Nerve_root_S1_sciatic_nerve_tibial_left_03 [Motor MRG Neuron 20.00um]  (Soleus_Motor_Nerves_20um),Motor MRG Neuron,20.00um,S1_sciatic,DM-R2,30,4.875,487.50000000000006,node[76]
488,Nerve_root_S1_sciatic_nerve_tibial_left_05 [Motor MRG Neuron 20.00um]  (Soleus_Motor_Nerves_20um),Motor MRG Neuron,20.00um,S1_sciatic,DM-R2,30,4.875,487.50000000000006,node[76]
380,Nerve_root_S1_muscular_branches_of_nerve_sciatic_left_05 [Motor MRG Neuron 20.00um]  (Soleus_Motor_Nerves_20um),Motor MRG Neuron,20.00um,S1_muscular,DM-R2,30,4.90625,490.62500000000006,node[76]
219,Nerve_root_L5_muscular_branches_of_nerve_sciatic_right_02 [Sensory MRG Neuron 10.00um]  (Soleus_Sensory_Nerves_10um),Sensory MRG Neuron,10.00um,L5_muscular,DM-R2,30,4.9375,493.75,node[106]
273,Nerve_root_L5_sciatic_muscular_branches_of_nerve_tibial_right_02 [Sensory MRG Neuron 10.00um]  (Soleus_Sensory_Nerves_10um),Sensory MRG Neuron,10.00um,L5_sciatic,DM-R2,30,4.96875,496.875,node[108]
279,Nerve_root_L5_sciatic_muscular_branches_of_nerve_tibial_right_03 [Sensory MRG Neuron 10.00um]  (Soleus_Sensory_Nerves_10um),Sensory MRG Neuron,10.00um,L5_sciatic,DM-R2,30,4.96875,496.875,node[108]
285,Nerve_root_L5_sciatic_muscular_branches_of_nerve_tibial_right_04 [Sensory MRG Neuron 10.00um]  (Soleus_Sensory_Nerves_10um),Sensory MRG Neuron,10.00um,L5_sciatic,DM-R2,30,4.96875,496.875,node[108]
321,Nerve_root_L5_sciatic_nerve_tibial_right_01 [Sensory MRG Neuron 10.00um]  (Soleus_Sensory_Nerves_10um),Sensory MRG Neuron,10.00um,L5_sciatic,DM-R2,30,4.96875,496.875,node[108]
333,Nerve_root_L5_sciatic_nerve_tibial_right_03 [Sensory MRG Neuron 10.00um]  (Soleus_Sensory_Nerves_10um),Sensory MRG Neuron,10.00um,L5_sciatic,DM-R2,30,4.96875,496.875,node[108]
339,Nerve_root_L5_sciatic_nerve_tibial_right_04 [Sensory MRG Neuron 10.00um]  (Soleus_Sensory_Nerves_10um),Sensory MRG Neuron,10.00um,L5_sciatic,DM-R2,30,4.96875,496.875,node[108]
267,Nerve_root_L5_sciatic_muscular_branches_of_nerve_tibial_right_01 [Sensory MRG Neuron 10.00um]  (Soleus_Sensory_Nerves_10um),Sensory MRG Neuron,10.00um,L5_sciatic,DM-R2,30,4.96875,496.875,node[108]
327,Nerve_root_L5_sciatic_nerve_tibial_right_02 [Sensory MRG Neuron 10.00um]  (Soleus_Sensory_Nerves_10um),Sensory MRG Neuron,10.00um,L5_sciatic,DM-R2,30,4.96875,496.875,node[108]
351,Nerve_root_L5_sciatic_nerve_tibial_right_06 [Sensory MRG Neuron 10.00um]  (Soleus_Sensory_Nerves_10um),Sensory MRG Neuron,10.00um,L5_sciatic,DM-R2,30,4.96875,496.875,node[108]
357,Nerve_root_L5_sciatic_nerve_tibial_right_07 [Sensory MRG Neuron 10.00um]  (Soleus_Sensory_Nerves_10um),Sensory MRG Neuron,10.00um,L5_sciatic,DM-R2,30,4.96875,496.875,node[108]
345,Nerve_root_L5_sciatic_nerve_tibial_right_05 [Sensory MRG Neuron 10.00um]  (Soleus_Sensory_Nerves_10um),Sensory MRG Neuron,10.00um,L5_sciatic,DM-R2,30,4.96875,496.875,node[108]
213,Nerve_root_L5_muscular_branches_of_nerve_sciatic_right_01 [Sensory MRG Neuron 10.00um]  (Soleus_Sensory_Nerves_10um),Sensory MRG Neuron,10.00um,L5_muscular,DM-R2,30,5.0625,506.25,node[107]
231,Nerve_root_L5_muscular_branches_of_nerve_sciatic_right_04 [Sensory MRG Neuron 10.00um]  (Soleus_Sensory_Nerves_10um),Sensory MRG Neuron,10.00um,L5_muscular,DM-R2,30,5.0625,506.25,node[108]
225,Nerve_root_L5_muscular_branches_of_nerve_sciatic_right_03 [Sensory MRG Neuron 10.00um]  (Soleus_Sensory_Nerves_10um),Sensory MRG Neuron,10.00um,L5_muscular,DM-R2,30,5.125,512.5000000000001,node[108]
686,Nerve_root_S2_sciatic_nerve_tibial_right_03 [Motor MRG Neuron 20.00um]  (Soleus_Motor_Nerves_20um),Motor MRG Neuron,20.00um,S2_sciatic,DM-R2,30,5.25,525.0,node[107]
710,Nerve_root_S2_sciatic_nerve_tibial_right_07 [Motor MRG Neuron 20.00um]  (Soleus_Motor_Nerves_20um),Motor MRG Neuron,20.00um,S2_sciatic,DM-R2,30,5.25,525.0,node[107]
638,Nerve_root_S2_sciatic_muscular_branches_of_nerve_tibial_right_04 [Motor MRG Neuron 20.00um]  (Soleus_Motor_Nerves_20um),Motor MRG Neuron,20.00um,S2_sciatic,DM-R2,30,5.25,525.0,node[107]
632,Nerve_root_S2_sciatic_muscular_branches_of_nerve_tibial_right_03 [Motor MRG Neuron 20.00um]  (Soleus_Motor_Nerves_20um),Motor MRG Neuron,20.00um,S2_sciatic,DM-R2,30,5.25,525.0,node[107]
698,Nerve_root_S2_sciatic_nerve_tibial_right_05 [Motor MRG Neuron 20.00um]  (Soleus_Motor_Nerves_20um),Motor MRG Neuron,20.00um,S2_sciatic,DM-R2,30,5.25,525.0,node[107]
674,Nerve_root_S2_sciatic_nerve_tibial_right_01 [Motor MRG Neuron 20.00um]  (Soleus_Motor_Nerves_20um),Motor MRG Neuron,20.00um,S2_sciatic,DM-R2,30,5.25,525.0,node[107]
626,Nerve_root_S2_sciatic_muscular_branches_of_nerve_tibial_right_02 [Motor MRG Neuron 20.00um]  (Soleus_Motor_Nerves_20um),Motor MRG Neuron,20.00um,S2_sciatic,DM-R2,30,5.25,525.0,node[107]
680,Nerve_root_S2_sciatic_nerve_tibial_right_02 [Motor MRG Neuron 20.00um]  (Soleus_Motor_Nerves_20um),Motor MRG Neuron,20.00um,S2_sciatic,DM-R2,30,5.25,525.0,node[107]
572,Nerve_root_S2_muscular_branches_of_nerve_sciatic_right_02 [Motor MRG Neuron 20.00um]  (Soleus_Motor_Nerves_20um),Motor MRG Neuron,20.00um,S2_muscular,DM-R2,30,5.25,525.0,node[107]
692,Nerve_root_S2_sciatic_nerve_tibial_right_04 [Motor MRG Neuron 20.00um]  (Soleus_Motor_Nerves_20um),Motor MRG Neuron,20.00um,S2_sciatic,DM-R2,30,5.25,525.0,node[107]
704,Nerve_root_S2_sciatic_nerve_tibial_right_06 [Motor MRG Neuron 20.00um]  (Soleus_Motor_Nerves_20um),Motor MRG Neuron,20.00um,S2_sciatic,DM-R2,30,5.25,525.0,node[107]
620,Nerve_root_S2_sciatic_muscular_branches_of_nerve_tibial_right_01 [Motor MRG Neuron 20.00um]  (Soleus_Motor_Nerves_20um),Motor MRG Neuron,20.00um,S2_sciatic,DM-R2,30,5.25,525.0,node[107]
578,Nerve_root_S2_muscular_branches_of_nerve_sciatic_right_03 [Motor MRG Neuron 20.00um]  (Soleus_Motor_Nerves_20um),Motor MRG Neuron,20.00um,S2_muscular,DM-R2,30,5.28125,528.1250000000001,node[107]
584,Nerve_root_S2_muscular_branches_of_nerve_sciatic_right_04 [Motor MRG Neuron 20.00um]  (Soleus_Motor_Nerves_20um),Motor MRG Neuron,20.00um,S2_muscular,DM-R2,30,5.28125,528.1250000000001,node[107]
566,Nerve_root_S2_muscular_branches_of_nerve_sciatic_right_01 [Motor MRG Neuron 20.00um]  (Soleus_Motor_Nerves_20um),Motor MRG Neuron,20.00um,S2_muscular,DM-R2,30,5.3125,531.25,node[107]
633,Nerve_root_S2_sciatic_muscular_branches_of_nerve_tibial_right_03 [Sensory MRG Neuron 10.00um]  (Soleus_Sensory_Nerves_10um),Sensory MRG Neuron,10.00um,S2_sciatic,DM-R2,30,5.40625,540.625,node[175]
711,Nerve_root_S2_sciatic_nerve_tibial_right_07 [Sensory MRG Neuron 10.00um]  (Soleus_Sensory_Nerves_10um),Sensory MRG Neuron,10.00um,S2_sciatic,DM-R2,30,5.4375,543.7500000000001,node[175]
705,Nerve_root_S2_sciatic_nerve_tibial_right_06 [Sensory MRG Neuron 10.00um]  (Soleus_Sensory_Nerves_10um),Sensory MRG Neuron,10.00um,S2_sciatic,DM-R2,30,5.4375,543.7500000000001,node[175]
699,Nerve_root_S2_sciatic_nerve_tibial_right_05 [Sensory MRG Neuron 10.00um]  (Soleus_Sensory_Nerves_10um),Sensory MRG Neuron,10.00um,S2_sciatic,DM-R2,30,5.4375,543.7500000000001,node[175]
585,Nerve_root_S2_muscular_branches_of_nerve_sciatic_right_04 [Sensory MRG Neuron 10.00um]  (Soleus_Sensory_Nerves_10um),Sensory MRG Neuron,10.00um,S2_muscular,DM-R2,30,5.4375,543.7500000000001,node[175]
693,Nerve_root_S2_sciatic_nerve_tibial_right_04 [Sensory MRG Neuron 10.00um]  (Soleus_Sensory_Nerves_10um),Sensory MRG Neuron,10.00um,S2_sciatic,DM-R2,30,5.4375,543.7500000000001,node[175]
687,Nerve_root_S2_sciatic_nerve_tibial_right_03 [Sensory MRG Neuron 10.00um]  (Soleus_Sensory_Nerves_10um),Sensory MRG Neuron,10.00um,S2_sciatic,DM-R2,30,5.4375,543.7500000000001,node[175]
573,Nerve_root_S2_muscular_branches_of_nerve_sciatic_right_02 [Sensory MRG Neuron 10.00um]  (Soleus_Sensory_Nerves_10um),Sensory MRG Neuron,10.00um,S2_muscular,DM-R2,30,5.4375,543.7500000000001,node[175]
639,Nerve_root_S2_sciatic_muscular_branches_of_nerve_tibial_right_04 [Sensory MRG Neuron 10.00um]  (Soleus_Sensory_Nerves_10um),Sensory MRG Neuron,10.00um,S2_sciatic,DM-R2,30,5.4375,543.7500000000001,node[175]
621,Nerve_root_S2_sciatic_muscular_branches_of_nerve_tibial_right_01 [Sensory MRG Neuron 10.00um]  (Soleus_Sensory_Nerves_10um),Sensory MRG Neuron,10.00um,S2_sciatic,DM-R2,30,5.4375,543.7500000000001,node[175]
675,Nerve_root_S2_sciatic_nerve_tibial_right_01 [Sensory MRG Neuron 10.00um]  (Soleus_Sensory_Nerves_10um),Sensory MRG Neuron,10.00um,S2_sciatic,DM-R2,30,5.4375,543.7500000000001,node[175]
627,Nerve_root_S2_sciatic_muscular_branches_of_nerve_tibial_right_02 [Sensory MRG Neuron 10.00um]  (Soleus_Sensory_Nerves_10um),Sensory MRG Neuron,10.00um,S2_sciatic,DM-R2,30,5.4375,543.7500000000001,node[175]
681,Nerve_root_S2_sciatic_nerve_tibial_right_02 [Sensory MRG Neuron 10.00um]  (Soleus_Sensory_Nerves_10um),Sensory MRG Neuron,10.00um,S2_sciatic,DM-R2,30,5.4375,543.7500000000001,node[175]
579,Nerve_root_S2_muscular_branches_of_nerve_sciatic_right_03 [Sensory MRG Neuron 10.00um]  (Soleus_Sensory_Nerves_10um),Sensory MRG Neuron,10.00um,S2_muscular,DM-R2,30,5.5,550.0,node[174]
567,Nerve_root_S2_muscular_branches_of_nerve_sciatic_right_01 [Sensory MRG Neuron 10.00um]  (Soleus_Sensory_Nerves_10um),Sensory MRG Neuron,10.00um,S2_muscular,DM-R2,30,5.59375,559.3750000000001,node[174]
421,Nerve_root_S1_sciatic_muscular_branches_of_nerve_tibial_left_03 [Motor MRG Neuron 15.00um]  (Soleus_Motor_Nerves_15um),Motor MRG Neuron,15.00um,S1_sciatic,DM-R2,30,5.625,562.5,node[91]
463,Nerve_root_S1_sciatic_nerve_tibial_left_01 [Motor MRG Neuron 15.00um]  (Soleus_Motor_Nerves_15um),Motor MRG Neuron,15.00um,S1_sciatic,DM-R2,30,5.625,562.5,node[91]
481,Nerve_root_S1_sciatic_nerve_tibial_left_04 [Motor MRG Neuron 15.00um]  (Soleus_Motor_Nerves_15um),Motor MRG Neuron,15.00um,S1_sciatic,DM-R2,30,5.625,562.5,node[91]
487,Nerve_root_S1_sciatic_nerve_tibial_left_05 [Motor MRG Neuron 15.00um]  (Soleus_Motor_Nerves_15um),Motor MRG Neuron,15.00um,S1_sciatic,DM-R2,30,5.625,562.5,node[91]
475,Nerve_root_S1_sciatic_nerve_tibial_left_03 [Motor MRG Neuron 15.00um]  (Soleus_Motor_Nerves_15um),Motor MRG Neuron,15.00um,S1_sciatic,DM-R2,30,5.625,562.5,node[91]
433,Nerve_root_S1_sciatic_muscular_branches_of_nerve_tibial_left_05 [Motor MRG Neuron 15.00um]  (Soleus_Motor_Nerves_15um),Motor MRG Neuron,15.00um,S1_sciatic,DM-R2,30,5.625,562.5,node[91]
427,Nerve_root_S1_sciatic_muscular_branches_of_nerve_tibial_left_04 [Motor MRG Neuron 15.00um]  (Soleus_Motor_Nerves_15um),Motor MRG Neuron,15.00um,S1_sciatic,DM-R2,30,5.625,562.5,node[91]
469,Nerve_root_S1_sciatic_nerve_tibial_left_02 [Motor MRG Neuron 15.00um]  (Soleus_Motor_Nerves_15um),Motor MRG Neuron,15.00um,S1_sciatic,DM-R2,30,5.625,562.5,node[91]
415,Nerve_root_S1_sciatic_muscular_branches_of_nerve_tibial_left_02 [Motor MRG Neuron 15.00um]  (Soleus_Motor_Nerves_15um),Motor MRG Neuron,15.00um,S1_sciatic,DM-R2,30,5.625,562.5,node[91]
409,Nerve_root_S1_sciatic_muscular_branches_of_nerve_tibial_left_01 [Motor MRG Neuron 15.00um]  (Soleus_Motor_Nerves_15um),Motor MRG Neuron,15.00um,S1_sciatic,DM-R2,30,5.625,562.5,node[91]
379,Nerve_root_S1_muscular_branches_of_nerve_sciatic_left_05 [Motor MRG Neuron 15.00um]  (Soleus_Motor_Nerves_15um),Motor MRG Neuron,15.00um,S1_muscular,DM-R2,30,5.6875,568.75,node[91]
373,Nerve_root_S1_muscular_branches_of_nerve_sciatic_left_04 [Motor MRG Neuron 15.00um]  (Soleus_Motor_Nerves_15um),Motor MRG Neuron,15.00um,S1_muscular,DM-R2,30,5.8125,581.25,node[91]
361,Nerve_root_S1_muscular_branches_of_nerve_sciatic_left_01 [Motor MRG Neuron 15.00um]  (Soleus_Motor_Nerves_15um),Motor MRG Neuron,15.00um,S1_muscular,DM-R2,30,5.8125,581.25,node[91]
367,Nerve_root_S1_muscular_branches_of_nerve_sciatic_left_02 [Motor MRG Neuron 15.00um]  (Soleus_Motor_Nerves_15um),Motor MRG Neuron,15.00um,S1_muscular,DM-R2,30,5.8125,581.25,node[91]
589,Nerve_root_S2_sciatic_muscular_branches_of_nerve_tibial_left_01 [Motor MRG Neuron 15.00um]  (Soleus_Motor_Nerves_15um),Motor MRG Neuron,15.00um,S2_sciatic,DM-R2,30,5.96875,596.875,node[130]
559,Nerve_root_S2_muscular_branches_of_nerve_sciatic_left_05 [Motor MRG Neuron 15.00um]  (Soleus_Motor_Nerves_15um),Motor MRG Neuron,15.00um,S2_muscular,DM-R2,30,6.0,600.0000000000001,node[130]
607,Nerve_root_S2_sciatic_muscular_branches_of_nerve_tibial_left_04 [Motor MRG Neuron 15.00um]  (Soleus_Motor_Nerves_15um),Motor MRG Neuron,15.00um,S2_sciatic,DM-R2,30,6.0,600.0000000000001,node[130]
613,Nerve_root_S2_sciatic_muscular_branches_of_nerve_tibial_left_05 [Motor MRG Neuron 15.00um]  (Soleus_Motor_Nerves_15um),Motor MRG Neuron,15.00um,S2_sciatic,DM-R2,30,6.0,600.0000000000001,node[130]
535,Nerve_root_S2_muscular_branches_of_nerve_sciatic_left_01 [Motor MRG Neuron 15.00um]  (Soleus_Motor_Nerves_15um),Motor MRG Neuron,15.00um,S2_muscular,DM-R2,30,6.0,600.0000000000001,node[130]
601,Nerve_root_S2_sciatic_muscular_branches_of_nerve_tibial_left_03 [Motor MRG Neuron 15.00um]  (Soleus_Motor_Nerves_15um),Motor MRG Neuron,15.00um,S2_sciatic,DM-R2,30,6.0,600.0000000000001,node[130]
595,Nerve_root_S2_sciatic_muscular_branches_of_nerve_tibial_left_02 [Motor MRG Neuron 15.00um]  (Soleus_Motor_Nerves_15um),Motor MRG Neuron,15.00um,S2_sciatic,DM-R2,30,6.0,600.0000000000001,node[130]
643,Nerve_root_S2_sciatic_nerve_tibial_left_01 [Motor MRG Neuron 15.00um]  (Soleus_Motor_Nerves_15um),Motor MRG Neuron,15.00um,S2_sciatic,DM-R2,30,6.0,600.0000000000001,node[130]
649,Nerve_root_S2_sciatic_nerve_tibial_left_02 [Motor MRG Neuron 15.00um]  (Soleus_Motor_Nerves_15um),Motor MRG Neuron,15.00um,S2_sciatic,DM-R2,30,6.0,600.0000000000001,node[130]
655,Nerve_root_S2_sciatic_nerve_tibial_left_03 [Motor MRG Neuron 15.00um]  (Soleus_Motor_Nerves_15um),Motor MRG Neuron,15.00um,S2_sciatic,DM-R2,30,6.0,600.0000000000001,node[130]
553,Nerve_root_S2_muscular_branches_of_nerve_sciatic_left_04 [Motor MRG Neuron 15.00um]  (Soleus_Motor_Nerves_15um),Motor MRG Neuron,15.00um,S2_muscular,DM-R2,30,6.0,600.0000000000001,node[131]
661,Nerve_root_S2_sciatic_nerve_tibial_left_04 [Motor MRG Neuron 15.00um]  (Soleus_Motor_Nerves_15um),Motor MRG Neuron,15.00um,S2_sciatic,DM-R2,30,6.0,600.0000000000001,node[130]
667,Nerve_root_S2_sciatic_nerve_tibial_left_05 [Motor MRG Neuron 15.00um]  (Soleus_Motor_Nerves_15um),Motor MRG Neuron,15.00um,S2_sciatic,DM-R2,30,6.0,600.0000000000001,node[130]
547,Nerve_root_S2_muscular_branches_of_nerve_sciatic_left_03 [Motor MRG Neuron 15.00um]  (Soleus_Motor_Nerves_15um),Motor MRG Neuron,15.00um,S2_muscular,DM-R2,30,6.0,600.0000000000001,node[130]
541,Nerve_root_S2_muscular_branches_of_nerve_sciatic_left_02 [Motor MRG Neuron 15.00um]  (Soleus_Motor_Nerves_15um),Motor MRG Neuron,15.00um,S2_muscular,DM-R2,30,6.0,600.0000000000001,node[130]
494,Nerve_root_S1_sciatic_nerve_tibial_right_01 [Motor MRG Neuron 20.00um]  (Soleus_Motor_Nerves_20um),Motor MRG Neuron,20.00um,S1_sciatic,DM-R2,30,6.5,650.0,node[15]
518,Nerve_root_S1_sciatic_nerve_tibial_right_05 [Motor MRG Neuron 20.00um]  (Soleus_Motor_Nerves_20um),Motor MRG Neuron,20.00um,S1_sciatic,DM-R2,30,6.5,650.0,node[15]
440,Nerve_root_S1_sciatic_muscular_branches_of_nerve_tibial_right_01 [Motor MRG Neuron 20.00um]  (Soleus_Motor_Nerves_20um),Motor MRG Neuron,20.00um,S1_sciatic,DM-R2,30,6.5,650.0,node[15]
506,Nerve_root_S1_sciatic_nerve_tibial_right_03 [Motor MRG Neuron 20.00um]  (Soleus_Motor_Nerves_20um),Motor MRG Neuron,20.00um,S1_sciatic,DM-R2,30,6.5,650.0,node[15]
458,Nerve_root_S1_sciatic_muscular_branches_of_nerve_tibial_right_04 [Motor MRG Neuron 20.00um]  (Soleus_Motor_Nerves_20um),Motor MRG Neuron,20.00um,S1_sciatic,DM-R2,30,6.5,650.0,node[15]
500,Nerve_root_S1_sciatic_nerve_tibial_right_02 [Motor MRG Neuron 20.00um]  (Soleus_Motor_Nerves_20um),Motor MRG Neuron,20.00um,S1_sciatic,DM-R2,30,6.5,650.0,node[15]
452,Nerve_root_S1_sciatic_muscular_branches_of_nerve_tibial_right_03 [Motor MRG Neuron 20.00um]  (Soleus_Motor_Nerves_20um),Motor MRG Neuron,20.00um,S1_sciatic,DM-R2,30,6.5,650.0,node[15]
446,Nerve_root_S1_sciatic_muscular_branches_of_nerve_tibial_right_02 [Motor MRG Neuron 20.00um]  (Soleus_Motor_Nerves_20um),Motor MRG Neuron,20.00um,S1_sciatic,DM-R2,30,6.5,650.0,node[15]
512,Nerve_root_S1_sciatic_nerve_tibial_right_04 [Motor MRG Neuron 20.00um]  (Soleus_Motor_Nerves_20um),Motor MRG Neuron,20.00um,S1_sciatic,DM-R2,30,6.5,650.0,node[15]
530,Nerve_root_S1_sciatic_nerve_tibial_right_07 [Motor MRG Neuron 20.00um]  (Soleus_Motor_Nerves_20um),Motor MRG Neuron,20.00um,S1_sciatic,DM-R2,30,6.5,650.0,node[15]
405,Nerve_root_S1_muscular_branches_of_nerve_sciatic_right_04 [Sensory MRG Neuron 10.00um]  (Soleus_Sensory_Nerves_10um),Sensory MRG Neuron,10.00um,S1_muscular,DM-R2,30,6.5,650.0,node[123]
524,Nerve_root_S1_sciatic_nerve_tibial_right_06 [Motor MRG Neuron 20.00um]  (Soleus_Motor_Nerves_20um),Motor MRG Neuron,20.00um,S1_sciatic,DM-R2,30,6.5,650.0,node[15]
404,Nerve_root_S1_muscular_branches_of_nerve_sciatic_right_04 [Motor MRG Neuron 20.00um]  (Soleus_Motor_Nerves_20um),Motor MRG Neuron,20.00um,S1_muscular,DM-R2,30,6.5,650.0,node[14]
453,Nerve_root_S1_sciatic_muscular_branches_of_nerve_tibial_right_03 [Sensory MRG Neuron 10.00um]  (Soleus_Sensory_Nerves_10um),Sensory MRG Neuron,10.00um,S1_sciatic,DM-R2,30,6.5,650.0,node[123]
399,Nerve_root_S1_muscular_branches_of_nerve_sciatic_right_03 [Sensory MRG Neuron 10.00um]  (Soleus_Sensory_Nerves_10um),Sensory MRG Neuron,10.00um,S1_muscular,DM-R2,30,6.5,650.0,node[122]
392,Nerve_root_S1_muscular_branches_of_nerve_sciatic_right_02 [Motor MRG Neuron 20.00um]  (Soleus_Motor_Nerves_20um),Motor MRG Neuron,20.00um,S1_muscular,DM-R2,30,6.5625,656.25,node[14]
393,Nerve_root_S1_muscular_branches_of_nerve_sciatic_right_02 [Sensory MRG Neuron 10.00um]  (Soleus_Sensory_Nerves_10um),Sensory MRG Neuron,10.00um,S1_muscular,DM-R2,30,6.5625,656.25,node[122]
398,Nerve_root_S1_muscular_branches_of_nerve_sciatic_right_03 [Motor MRG Neuron 20.00um]  (Soleus_Motor_Nerves_20um),Motor MRG Neuron,20.00um,S1_muscular,DM-R2,30,6.5625,656.25,node[14]
386,Nerve_root_S1_muscular_branches_of_nerve_sciatic_right_01 [Motor MRG Neuron 20.00um]  (Soleus_Motor_Nerves_20um),Motor MRG Neuron,20.00um,S1_muscular,DM-R2,30,6.625,662.5000000000001,node[14]
519,Nerve_root_S1_sciatic_nerve_tibial_right_05 [Sensory MRG Neuron 10.00um]  (Soleus_Sensory_Nerves_10um),Sensory MRG Neuron,10.00um,S1_sciatic,DM-R2,30,6.6875,668.7500000000001,node[123]
531,Nerve_root_S1_sciatic_nerve_tibial_right_07 [Sensory MRG Neuron 10.00um]  (Soleus_Sensory_Nerves_10um),Sensory MRG Neuron,10.00um,S1_sciatic,DM-R2,30,6.6875,668.7500000000001,node[123]
459,Nerve_root_S1_sciatic_muscular_branches_of_nerve_tibial_right_04 [Sensory MRG Neuron 10.00um]  (Soleus_Sensory_Nerves_10um),Sensory MRG Neuron,10.00um,S1_sciatic,DM-R2,30,6.6875,668.7500000000001,node[123]
525,Nerve_root_S1_sciatic_nerve_tibial_right_06 [Sensory MRG Neuron 10.00um]  (Soleus_Sensory_Nerves_10um),Sensory MRG Neuron,10.00um,S1_sciatic,DM-R2,30,6.6875,668.7500000000001,node[123]
501,Nerve_root_S1_sciatic_nerve_tibial_right_02 [Sensory MRG Neuron 10.00um]  (Soleus_Sensory_Nerves_10um),Sensory MRG Neuron,10.00um,S1_sciatic,DM-R2,30,6.6875,668.7500000000001,node[123]
507,Nerve_root_S1_sciatic_nerve_tibial_right_03 [Sensory MRG Neuron 10.00um]  (Soleus_Sensory_Nerves_10um),Sensory MRG Neuron,10.00um,S1_sciatic,DM-R2,30,6.6875,668.7500000000001,node[123]
441,Nerve_root_S1_sciatic_muscular_branches_of_nerve_tibial_right_01 [Sensory MRG Neuron 10.00um]  (Soleus_Sensory_Nerves_10um),Sensory MRG Neuron,10.00um,S1_sciatic,DM-R2,30,6.6875,668.7500000000001,node[123]
495,Nerve_root_S1_sciatic_nerve_tibial_right_01 [Sensory MRG Neuron 10.00um]  (Soleus_Sensory_Nerves_10um),Sensory MRG Neuron,10.00um,S1_sciatic,DM-R2,30,6.6875,668.7500000000001,node[123]
387,Nerve_root_S1_muscular_branches_of_nerve_sciatic_right_01 [Sensory MRG Neuron 10.00um]  (Soleus_Sensory_Nerves_10um),Sensory MRG Neuron,10.00um,S1_muscular,DM-R2,30,6.6875,668.7500000000001,node[122]
200,Nerve_root_L5_muscular_branches_of_nerve_sciatic_left_04 [Motor MRG Neuron 20.00um]  (Soleus_Motor_Nerves_20um),Motor MRG Neuron,20.00um,L5_muscular,DM-R2,30,6.6875,668.7500000000001,node[19]
206,Nerve_root_L5_muscular_branches_of_nerve_sciatic_left_05 [Motor MRG Neuron 20.00um]  (Soleus_Motor_Nerves_20um),Motor MRG Neuron,20.00um,L5_muscular,DM-R2,30,6.6875,668.7500000000001,node[18]
194,Nerve_root_L5_muscular_branches_of_nerve_sciatic_left_03 [Motor MRG Neuron 20.00um]  (Soleus_Motor_Nerves_20um),Motor MRG Neuron,20.00um,L5_muscular,DM-R2,30,6.6875,668.7500000000001,node[19]
447,Nerve_root_S1_sciatic_muscular_branches_of_nerve_tibial_right_02 [Sensory MRG Neuron 10.00um]  (Soleus_Sensory_Nerves_10um),Sensory MRG Neuron,10.00um,S1_sciatic,DM-R2,30,6.6875,668.7500000000001,node[123]
513,Nerve_root_S1_sciatic_nerve_tibial_right_04 [Sensory MRG Neuron 10.00um]  (Soleus_Sensory_Nerves_10um),Sensory MRG Neuron,10.00um,S1_sciatic,DM-R2,30,6.6875,668.7500000000001,node[123]
212,Nerve_root_L5_muscular_branches_of_nerve_sciatic_right_01 [Motor MRG Neuron 20.00um]  (Soleus_Motor_Nerves_20um),Motor MRG Neuron,20.00um,L5_muscular,DM-R2,30,6.75,675.0,node[18]
224,Nerve_root_L5_muscular_branches_of_nerve_sciatic_right_03 [Motor MRG Neuron 20.00um]  (Soleus_Motor_Nerves_20um),Motor MRG Neuron,20.00um,L5_muscular,DM-R2,30,6.75,675.0,node[17]
45,Nerve_root_L4_L5_muscular_branches_of_nerve_sciatic_right_03 [Sensory MRG Neuron 10.00um]  (Soleus_Sensory_Nerves_10um),Sensory MRG Neuron,10.00um,L4_L5,DM-R2,30,6.75,675.0,node[92]
188,Nerve_root_L5_muscular_branches_of_nerve_sciatic_left_02 [Motor MRG Neuron 20.00um]  (Soleus_Motor_Nerves_20um),Motor MRG Neuron,20.00um,L5_muscular,DM-R2,30,6.75,675.0,node[19]
230,Nerve_root_L5_muscular_branches_of_nerve_sciatic_right_04 [Motor MRG Neuron 20.00um]  (Soleus_Motor_Nerves_20um),Motor MRG Neuron,20.00um,L5_muscular,DM-R2,30,6.75,675.0,node[18]
182,Nerve_root_L5_muscular_branches_of_nerve_sciatic_left_01 [Motor MRG Neuron 20.00um]  (Soleus_Motor_Nerves_20um),Motor MRG Neuron,20.00um,L5_muscular,DM-R2,30,6.75,675.0,node[19]
39,Nerve_root_L4_L5_muscular_branches_of_nerve_sciatic_right_02 [Sensory MRG Neuron 10.00um]  (Soleus_Sensory_Nerves_10um),Sensory MRG Neuron,10.00um,L4_L5,DM-R2,30,6.75,675.0,node[92]
33,Nerve_root_L4_L5_muscular_branches_of_nerve_sciatic_right_01 [Sensory MRG Neuron 10.00um]  (Soleus_Sensory_Nerves_10um),Sensory MRG Neuron,10.00um,L4_L5,DM-R2,30,6.75,675.0,node[91]
218,Nerve_root_L5_muscular_branches_of_nerve_sciatic_right_02 [Motor MRG Neuron 20.00um]  (Soleus_Motor_Nerves_20um),Motor MRG Neuron,20.00um,L5_muscular,DM-R2,30,6.75,675.0,node[17]
296,Nerve_root_L5_sciatic_nerve_tibial_left_02 [Motor MRG Neuron 20.00um]  (Soleus_Motor_Nerves_20um),Motor MRG Neuron,20.00um,L5_sciatic,DM-R2,30,6.8125,681.25,node[18]
290,Nerve_root_L5_sciatic_nerve_tibial_left_01 [Motor MRG Neuron 20.00um]  (Soleus_Motor_Nerves_20um),Motor MRG Neuron,20.00um,L5_sciatic,DM-R2,30,6.8125,681.25,node[18]
248,Nerve_root_L5_sciatic_muscular_branches_of_nerve_tibial_left_03 [Motor MRG Neuron 20.00um]  (Soleus_Motor_Nerves_20um),Motor MRG Neuron,20.00um,L5_sciatic,DM-R2,30,6.8125,681.25,node[18]
278,Nerve_root_L5_sciatic_muscular_branches_of_nerve_tibial_right_03 [Motor MRG Neuron 20.00um]  (Soleus_Motor_Nerves_20um),Motor MRG Neuron,20.00um,L5_sciatic,DM-R2,30,6.8125,681.25,node[19]
272,Nerve_root_L5_sciatic_muscular_branches_of_nerve_tibial_right_02 [Motor MRG Neuron 20.00um]  (Soleus_Motor_Nerves_20um),Motor MRG Neuron,20.00um,L5_sciatic,DM-R2,30,6.8125,681.25,node[19]
266,Nerve_root_L5_sciatic_muscular_branches_of_nerve_tibial_right_01 [Motor MRG Neuron 20.00um]  (Soleus_Motor_Nerves_20um),Motor MRG Neuron,20.00um,L5_sciatic,DM-R2,30,6.8125,681.25,node[19]
260,Nerve_root_L5_sciatic_muscular_branches_of_nerve_tibial_left_05 [Motor MRG Neuron 20.00um]  (Soleus_Motor_Nerves_20um),Motor MRG Neuron,20.00um,L5_sciatic,DM-R2,30,6.8125,681.25,node[18]
254,Nerve_root_L5_sciatic_muscular_branches_of_nerve_tibial_left_04 [Motor MRG Neuron 20.00um]  (Soleus_Motor_Nerves_20um),Motor MRG Neuron,20.00um,L5_sciatic,DM-R2,30,6.8125,681.25,node[18]
242,Nerve_root_L5_sciatic_muscular_branches_of_nerve_tibial_left_02 [Motor MRG Neuron 20.00um]  (Soleus_Motor_Nerves_20um),Motor MRG Neuron,20.00um,L5_sciatic,DM-R2,30,6.8125,681.25,node[18]
236,Nerve_root_L5_sciatic_muscular_branches_of_nerve_tibial_left_01 [Motor MRG Neuron 20.00um]  (Soleus_Motor_Nerves_20um),Motor MRG Neuron,20.00um,L5_sciatic,DM-R2,30,6.8125,681.25,node[19]
284,Nerve_root_L5_sciatic_muscular_branches_of_nerve_tibial_right_04 [Motor MRG Neuron 20.00um]  (Soleus_Motor_Nerves_20um),Motor MRG Neuron,20.00um,L5_sciatic,DM-R2,30,6.8125,681.25,node[19]
302,Nerve_root_L5_sciatic_nerve_tibial_left_03 [Motor MRG Neuron 20.00um]  (Soleus_Motor_Nerves_20um),Motor MRG Neuron,20.00um,L5_sciatic,DM-R2,30,6.8125,681.25,node[18]
356,Nerve_root_L5_sciatic_nerve_tibial_right_07 [Motor MRG Neuron 20.00um]  (Soleus_Motor_Nerves_20um),Motor MRG Neuron,20.00um,L5_sciatic,DM-R2,30,6.8125,681.25,node[19]
350,Nerve_root_L5_sciatic_nerve_tibial_right_06 [Motor MRG Neuron 20.00um]  (Soleus_Motor_Nerves_20um),Motor MRG Neuron,20.00um,L5_sciatic,DM-R2,30,6.8125,681.25,node[19]
344,Nerve_root_L5_sciatic_nerve_tibial_right_05 [Motor MRG Neuron 20.00um]  (Soleus_Motor_Nerves_20um),Motor MRG Neuron,20.00um,L5_sciatic,DM-R2,30,6.8125,681.25,node[19]
314,Nerve_root_L5_sciatic_nerve_tibial_left_05 [Motor MRG Neuron 20.00um]  (Soleus_Motor_Nerves_20um),Motor MRG Neuron,20.00um,L5_sciatic,DM-R2,30,6.8125,681.25,node[18]
320,Nerve_root_L5_sciatic_nerve_tibial_right_01 [Motor MRG Neuron 20.00um]  (Soleus_Motor_Nerves_20um),Motor MRG Neuron,20.00um,L5_sciatic,DM-R2,30,6.8125,681.25,node[19]
338,Nerve_root_L5_sciatic_nerve_tibial_right_04 [Motor MRG Neuron 20.00um]  (Soleus_Motor_Nerves_20um),Motor MRG Neuron,20.00um,L5_sciatic,DM-R2,30,6.8125,681.25,node[19]
332,Nerve_root_L5_sciatic_nerve_tibial_right_03 [Motor MRG Neuron 20.00um]  (Soleus_Motor_Nerves_20um),Motor MRG Neuron,20.00um,L5_sciatic,DM-R2,30,6.8125,681.25,node[19]
326,Nerve_root_L5_sciatic_nerve_tibial_right_02 [Motor MRG Neuron 20.00um]  (Soleus_Motor_Nerves_20um),Motor MRG Neuron,20.00um,L5_sciatic,DM-R2,30,6.8125,681.25,node[19]
308,Nerve_root_L5_sciatic_nerve_tibial_left_04 [Motor MRG Neuron 20.00um]  (Soleus_Motor_Nerves_20um),Motor MRG Neuron,20.00um,L5_sciatic,DM-R2,30,6.8125,681.25,node[18]
51,Nerve_root_L4_L5_muscular_branches_of_nerve_sciatic_right_04 [Sensory MRG Neuron 10.00um]  (Soleus_Sensory_Nerves_10um),Sensory MRG Neuron,10.00um,L4_L5,DM-R2,30,6.875,687.5,node[92]
146,Nerve_root_L4_L5_sciatic_nerve_tibial_right_02 [Motor MRG Neuron 20.00um]  (Soleus_Motor_Nerves_20um),Motor MRG Neuron,20.00um,L4_L5,DM-R2,30,6.875,687.5,node[20]
92,Nerve_root_L4_L5_sciatic_muscular_branches_of_nerve_tibial_right_02 [Motor MRG Neuron 20.00um]  (Soleus_Motor_Nerves_20um),Motor MRG Neuron,20.00um,L4_L5,DM-R2,30,6.875,687.5,node[20]
170,Nerve_root_L4_L5_sciatic_nerve_tibial_right_06 [Motor MRG Neuron 20.00um]  (Soleus_Motor_Nerves_20um),Motor MRG Neuron,20.00um,L4_L5,DM-R2,30,6.875,687.5,node[20]
140,Nerve_root_L4_L5_sciatic_nerve_tibial_right_01 [Motor MRG Neuron 20.00um]  (Soleus_Motor_Nerves_20um),Motor MRG Neuron,20.00um,L4_L5,DM-R2,30,6.875,687.5,node[20]
164,Nerve_root_L4_L5_sciatic_nerve_tibial_right_05 [Motor MRG Neuron 20.00um]  (Soleus_Motor_Nerves_20um),Motor MRG Neuron,20.00um,L4_L5,DM-R2,30,6.875,687.5,node[20]
176,Nerve_root_L4_L5_sciatic_nerve_tibial_right_07 [Motor MRG Neuron 20.00um]  (Soleus_Motor_Nerves_20um),Motor MRG Neuron,20.00um,L4_L5,DM-R2,30,6.875,687.5,node[20]
86,Nerve_root_L4_L5_sciatic_muscular_branches_of_nerve_tibial_right_01 [Motor MRG Neuron 20.00um]  (Soleus_Motor_Nerves_20um),Motor MRG Neuron,20.00um,L4_L5,DM-R2,30,6.875,687.5,node[20]
98,Nerve_root_L4_L5_sciatic_muscular_branches_of_nerve_tibial_right_03 [Motor MRG Neuron 20.00um]  (Soleus_Motor_Nerves_20um),Motor MRG Neuron,20.00um,L4_L5,DM-R2,30,6.875,687.5,node[20]
152,Nerve_root_L4_L5_sciatic_nerve_tibial_right_03 [Motor MRG Neuron 20.00um]  (Soleus_Motor_Nerves_20um),Motor MRG Neuron,20.00um,L4_L5,DM-R2,30,6.875,687.5,node[20]
104,Nerve_root_L4_L5_sciatic_muscular_branches_of_nerve_tibial_right_04 [Motor MRG Neuron 20.00um]  (Soleus_Motor_Nerves_20um),Motor MRG Neuron,20.00um,L4_L5,DM-R2,30,6.875,687.5,node[20]
158,Nerve_root_L4_L5_sciatic_nerve_tibial_right_04 [Motor MRG Neuron 20.00um]  (Soleus_Motor_Nerves_20um),Motor MRG Neuron,20.00um,L4_L5,DM-R2,30,6.875,687.5,node[20]
32,Nerve_root_L4_L5_muscular_branches_of_nerve_sciatic_right_01 [Motor MRG Neuron 20.00um]  (Soleus_Motor_Nerves_20um),Motor MRG Neuron,20.00um,L4_L5,DM-R2,30,6.9375,693.7500000000001,node[19]
38,Nerve_root_L4_L5_muscular_branches_of_nerve_sciatic_right_02 [Motor MRG Neuron 20.00um]  (Soleus_Motor_Nerves_20um),Motor MRG Neuron,20.00um,L4_L5,DM-R2,30,6.9375,693.7500000000001,node[20]
50,Nerve_root_L4_L5_muscular_branches_of_nerve_sciatic_right_04 [Motor MRG Neuron 20.00um]  (Soleus_Motor_Nerves_20um),Motor MRG Neuron,20.00um,L4_L5,DM-R2,30,6.9375,693.7500000000001,node[20]
44,Nerve_root_L4_L5_muscular_branches_of_nerve_sciatic_right_03 [Motor MRG Neuron 20.00um]  (Soleus_Motor_Nerves_20um),Motor MRG Neuron,20.00um,L4_L5,DM-R2,30,6.9375,693.7500000000001,node[20]
177,Nerve_root_L4_L5_sciatic_nerve_tibial_right_07 [Sensory MRG Neuron 10.00um]  (Soleus_Sensory_Nerves_10um),Sensory MRG Neuron,10.00um,L4_L5,DM-R2,30,7.0,700.0000000000001,node[92]
165,Nerve_root_L4_L5_sciatic_nerve_tibial_right_05 [Sensory MRG Neuron 10.00um]  (Soleus_Sensory_Nerves_10um),Sensory MRG Neuron,10.00um,L4_L5,DM-R2,30,7.0,700.0000000000001,node[92]
159,Nerve_root_L4_L5_sciatic_nerve_tibial_right_04 [Sensory MRG Neuron 10.00um]  (Soleus_Sensory_Nerves_10um),Sensory MRG Neuron,10.00um,L4_L5,DM-R2,30,7.0,700.0000000000001,node[92]
93,Nerve_root_L4_L5_sciatic_muscular_branches_of_nerve_tibial_right_02 [Sensory MRG Neuron 10.00um]  (Soleus_Sensory_Nerves_10um),Sensory MRG Neuron,10.00um,L4_L5,DM-R2,30,7.0,700.0000000000001,node[92]
147,Nerve_root_L4_L5_sciatic_nerve_tibial_right_02 [Sensory MRG Neuron 10.00um]  (Soleus_Sensory_Nerves_10um),Sensory MRG Neuron,10.00um,L4_L5,DM-R2,30,7.0,700.0000000000001,node[92]
99,Nerve_root_L4_L5_sciatic_muscular_branches_of_nerve_tibial_right_03 [Sensory MRG Neuron 10.00um]  (Soleus_Sensory_Nerves_10um),Sensory MRG Neuron,10.00um,L4_L5,DM-R2,30,7.0,700.0000000000001,node[92]
153,Nerve_root_L4_L5_sciatic_nerve_tibial_right_03 [Sensory MRG Neuron 10.00um]  (Soleus_Sensory_Nerves_10um),Sensory MRG Neuron,10.00um,L4_L5,DM-R2,30,7.0,700.0000000000001,node[92]
171,Nerve_root_L4_L5_sciatic_nerve_tibial_right_06 [Sensory MRG Neuron 10.00um]  (Soleus_Sensory_Nerves_10um),Sensory MRG Neuron,10.00um,L4_L5,DM-R2,30,7.0,700.0000000000001,node[92]
105,Nerve_root_L4_L5_sciatic_muscular_branches_of_nerve_tibial_right_04 [Sensory MRG Neuron 10.00um]  (Soleus_Sensory_Nerves_10um),Sensory MRG Neuron,10.00um,L4_L5,DM-R2,30,7.0,700.0000000000001,node[92]
141,Nerve_root_L4_L5_sciatic_nerve_tibial_right_01 [Sensory MRG Neuron 10.00um]  (Soleus_Sensory_Nerves_10um),Sensory MRG Neuron,10.00um,L4_L5,DM-R2,30,7.0,700.0000000000001,node[92]
87,Nerve_root_L4_L5_sciatic_muscular_branches_of_nerve_tibial_right_01 [Sensory MRG Neuron 10.00um]  (Soleus_Sensory_Nerves_10um),Sensory MRG Neuron,10.00um,L4_L5,DM-R2,30,7.0,700.0000000000001,node[92]
583,Nerve_root_S2_muscular_branches_of_nerve_sciatic_right_04 [Motor MRG Neuron 15.00um]  (Soleus_Motor_Nerves_15um),Motor MRG Neuron,15.00um,S2_muscular,DM-R2,30,7.1875,718.75,node[128]
631,Nerve_root_S2_sciatic_muscular_branches_of_nerve_tibial_right_03 [Motor MRG Neuron 15.00um]  (Soleus_Motor_Nerves_15um),Motor MRG Neuron,15.00um,S2_sciatic,DM-R2,30,7.1875,718.75,node[128]
571,Nerve_root_S2_muscular_branches_of_nerve_sciatic_right_02 [Motor MRG Neuron 15.00um]  (Soleus_Motor_Nerves_15um),Motor MRG Neuron,15.00um,S2_muscular,DM-R2,30,7.25,725.0000000000001,node[128]
673,Nerve_root_S2_sciatic_nerve_tibial_right_01 [Motor MRG Neuron 15.00um]  (Soleus_Motor_Nerves_15um),Motor MRG Neuron,15.00um,S2_sciatic,DM-R2,30,7.25,725.0000000000001,node[128]
577,Nerve_root_S2_muscular_branches_of_nerve_sciatic_right_03 [Motor MRG Neuron 15.00um]  (Soleus_Motor_Nerves_15um),Motor MRG Neuron,15.00um,S2_muscular,DM-R2,30,7.25,725.0000000000001,node[128]
679,Nerve_root_S2_sciatic_nerve_tibial_right_02 [Motor MRG Neuron 15.00um]  (Soleus_Motor_Nerves_15um),Motor MRG Neuron,15.00um,S2_sciatic,DM-R2,30,7.25,725.0000000000001,node[128]
685,Nerve_root_S2_sciatic_nerve_tibial_right_03 [Motor MRG Neuron 15.00um]  (Soleus_Motor_Nerves_15um),Motor MRG Neuron,15.00um,S2_sciatic,DM-R2,30,7.25,725.0000000000001,node[128]
703,Nerve_root_S2_sciatic_nerve_tibial_right_06 [Motor MRG Neuron 15.00um]  (Soleus_Motor_Nerves_15um),Motor MRG Neuron,15.00um,S2_sciatic,DM-R2,30,7.25,725.0000000000001,node[128]
697,Nerve_root_S2_sciatic_nerve_tibial_right_05 [Motor MRG Neuron 15.00um]  (Soleus_Motor_Nerves_15um),Motor MRG Neuron,15.00um,S2_sciatic,DM-R2,30,7.25,725.0000000000001,node[128]
619,Nerve_root_S2_sciatic_muscular_branches_of_nerve_tibial_right_01 [Motor MRG Neuron 15.00um]  (Soleus_Motor_Nerves_15um),Motor MRG Neuron,15.00um,S2_sciatic,DM-R2,30,7.25,725.0000000000001,node[128]
691,Nerve_root_S2_sciatic_nerve_tibial_right_04 [Motor MRG Neuron 15.00um]  (Soleus_Motor_Nerves_15um),Motor MRG Neuron,15.00um,S2_sciatic,DM-R2,30,7.25,725.0000000000001,node[128]
709,Nerve_root_S2_sciatic_nerve_tibial_right_07 [Motor MRG Neuron 15.00um]  (Soleus_Motor_Nerves_15um),Motor MRG Neuron,15.00um,S2_sciatic,DM-R2,30,7.25,725.0000000000001,node[128]
637,Nerve_root_S2_sciatic_muscular_branches_of_nerve_tibial_right_04 [Motor MRG Neuron 15.00um]  (Soleus_Motor_Nerves_15um),Motor MRG Neuron,15.00um,S2_sciatic,DM-R2,30,7.25,725.0000000000001,node[128]
625,Nerve_root_S2_sciatic_muscular_branches_of_nerve_tibial_right_02 [Motor MRG Neuron 15.00um]  (Soleus_Motor_Nerves_15um),Motor MRG Neuron,15.00um,S2_sciatic,DM-R2,30,7.25,725.0000000000001,node[128]
565,Nerve_root_S2_muscular_branches_of_nerve_sciatic_right_01 [Motor MRG Neuron 15.00um]  (Soleus_Motor_Nerves_15um),Motor MRG Neuron,15.00um,S2_muscular,DM-R2,30,7.375,737.5,node[127]
420,Nerve_root_S1_sciatic_muscular_branches_of_nerve_tibial_left_03 [Motor MRG Neuron 10.00um]  (Soleus_Motor_Nerves_10um),Motor MRG Neuron,10.00um,S1_sciatic,DM-R2,30,7.5625,756.2500000000001,node[124]
468,Nerve_root_S1_sciatic_nerve_tibial_left_02 [Motor MRG Neuron 10.00um]  (Soleus_Motor_Nerves_10um),Motor MRG Neuron,10.00um,S1_sciatic,DM-R2,30,7.5625,756.2500000000001,node[124]
432,Nerve_root_S1_sciatic_muscular_branches_of_nerve_tibial_left_05 [Motor MRG Neuron 10.00um]  (Soleus_Motor_Nerves_10um),Motor MRG Neuron,10.00um,S1_sciatic,DM-R2,30,7.5625,756.2500000000001,node[124]
474,Nerve_root_S1_sciatic_nerve_tibial_left_03 [Motor MRG Neuron 10.00um]  (Soleus_Motor_Nerves_10um),Motor MRG Neuron,10.00um,S1_sciatic,DM-R2,30,7.5625,756.2500000000001,node[124]
462,Nerve_root_S1_sciatic_nerve_tibial_left_01 [Motor MRG Neuron 10.00um]  (Soleus_Motor_Nerves_10um),Motor MRG Neuron,10.00um,S1_sciatic,DM-R2,30,7.5625,756.2500000000001,node[124]
480,Nerve_root_S1_sciatic_nerve_tibial_left_04 [Motor MRG Neuron 10.00um]  (Soleus_Motor_Nerves_10um),Motor MRG Neuron,10.00um,S1_sciatic,DM-R2,30,7.5625,756.2500000000001,node[124]
486,Nerve_root_S1_sciatic_nerve_tibial_left_05 [Motor MRG Neuron 10.00um]  (Soleus_Motor_Nerves_10um),Motor MRG Neuron,10.00um,S1_sciatic,DM-R2,30,7.5625,756.2500000000001,node[124]
426,Nerve_root_S1_sciatic_muscular_branches_of_nerve_tibial_left_04 [Motor MRG Neuron 10.00um]  (Soleus_Motor_Nerves_10um),Motor MRG Neuron,10.00um,S1_sciatic,DM-R2,30,7.5625,756.2500000000001,node[124]
414,Nerve_root_S1_sciatic_muscular_branches_of_nerve_tibial_left_02 [Motor MRG Neuron 10.00um]  (Soleus_Motor_Nerves_10um),Motor MRG Neuron,10.00um,S1_sciatic,DM-R2,30,7.5625,756.2500000000001,node[124]
408,Nerve_root_S1_sciatic_muscular_branches_of_nerve_tibial_left_01 [Motor MRG Neuron 10.00um]  (Soleus_Motor_Nerves_10um),Motor MRG Neuron,10.00um,S1_sciatic,DM-R2,30,7.5625,756.2500000000001,node[124]
211,Nerve_root_L5_muscular_branches_of_nerve_sciatic_right_01 [Motor MRG Neuron 15.00um]  (Soleus_Motor_Nerves_15um),Motor MRG Neuron,15.00um,L5_muscular,DM-R2,30,7.625,762.5000000000001,node[79]
223,Nerve_root_L5_muscular_branches_of_nerve_sciatic_right_03 [Motor MRG Neuron 15.00um]  (Soleus_Motor_Nerves_15um),Motor MRG Neuron,15.00um,L5_muscular,DM-R2,30,7.625,762.5000000000001,node[79]
217,Nerve_root_L5_muscular_branches_of_nerve_sciatic_right_02 [Motor MRG Neuron 15.00um]  (Soleus_Motor_Nerves_15um),Motor MRG Neuron,15.00um,L5_muscular,DM-R2,30,7.6875,768.75,node[79]
378,Nerve_root_S1_muscular_branches_of_nerve_sciatic_left_05 [Motor MRG Neuron 10.00um]  (Soleus_Motor_Nerves_10um),Motor MRG Neuron,10.00um,S1_muscular,DM-R2,30,7.6875,768.75,node[124]
372,Nerve_root_S1_muscular_branches_of_nerve_sciatic_left_04 [Motor MRG Neuron 10.00um]  (Soleus_Motor_Nerves_10um),Motor MRG Neuron,10.00um,S1_muscular,DM-R2,30,7.75,775.0,node[124]
366,Nerve_root_S1_muscular_branches_of_nerve_sciatic_left_02 [Motor MRG Neuron 10.00um]  (Soleus_Motor_Nerves_10um),Motor MRG Neuron,10.00um,S1_muscular,DM-R2,30,7.75,775.0,node[124]
360,Nerve_root_S1_muscular_branches_of_nerve_sciatic_left_01 [Motor MRG Neuron 10.00um]  (Soleus_Motor_Nerves_10um),Motor MRG Neuron,10.00um,S1_muscular,DM-R2,30,7.75,775.0,node[124]
229,Nerve_root_L5_muscular_branches_of_nerve_sciatic_right_04 [Motor MRG Neuron 15.00um]  (Soleus_Motor_Nerves_15um),Motor MRG Neuron,15.00um,L5_muscular,DM-R2,30,7.75,775.0,node[79]
207,Nerve_root_L5_muscular_branches_of_nerve_sciatic_left_05 [Sensory MRG Neuron 10.00um]  (Soleus_Sensory_Nerves_10um),Sensory MRG Neuron,10.00um,L5_muscular,DM-R2,30,8.25,825.0000000000001,node[31]
349,Nerve_root_L5_sciatic_nerve_tibial_right_06 [Motor MRG Neuron 15.00um]  (Soleus_Motor_Nerves_15um),Motor MRG Neuron,15.00um,L5_sciatic,DM-R2,30,8.3125,831.25,node[79]
331,Nerve_root_L5_sciatic_nerve_tibial_right_03 [Motor MRG Neuron 15.00um]  (Soleus_Motor_Nerves_15um),Motor MRG Neuron,15.00um,L5_sciatic,DM-R2,30,8.3125,831.25,node[79]
201,Nerve_root_L5_muscular_branches_of_nerve_sciatic_left_04 [Sensory MRG Neuron 10.00um]  (Soleus_Sensory_Nerves_10um),Sensory MRG Neuron,10.00um,L5_muscular,DM-R2,30,8.3125,831.25,node[32]
265,Nerve_root_L5_sciatic_muscular_branches_of_nerve_tibial_right_01 [Motor MRG Neuron 15.00um]  (Soleus_Motor_Nerves_15um),Motor MRG Neuron,15.00um,L5_sciatic,DM-R2,30,8.3125,831.25,node[79]
343,Nerve_root_L5_sciatic_nerve_tibial_right_05 [Motor MRG Neuron 15.00um]  (Soleus_Motor_Nerves_15um),Motor MRG Neuron,15.00um,L5_sciatic,DM-R2,30,8.3125,831.25,node[79]
355,Nerve_root_L5_sciatic_nerve_tibial_right_07 [Motor MRG Neuron 15.00um]  (Soleus_Motor_Nerves_15um),Motor MRG Neuron,15.00um,L5_sciatic,DM-R2,30,8.3125,831.25,node[79]
271,Nerve_root_L5_sciatic_muscular_branches_of_nerve_tibial_right_02 [Motor MRG Neuron 15.00um]  (Soleus_Motor_Nerves_15um),Motor MRG Neuron,15.00um,L5_sciatic,DM-R2,30,8.3125,831.25,node[79]
325,Nerve_root_L5_sciatic_nerve_tibial_right_02 [Motor MRG Neuron 15.00um]  (Soleus_Motor_Nerves_15um),Motor MRG Neuron,15.00um,L5_sciatic,DM-R2,30,8.3125,831.25,node[79]
277,Nerve_root_L5_sciatic_muscular_branches_of_nerve_tibial_right_03 [Motor MRG Neuron 15.00um]  (Soleus_Motor_Nerves_15um),Motor MRG Neuron,15.00um,L5_sciatic,DM-R2,30,8.3125,831.25,node[79]
337,Nerve_root_L5_sciatic_nerve_tibial_right_04 [Motor MRG Neuron 15.00um]  (Soleus_Motor_Nerves_15um),Motor MRG Neuron,15.00um,L5_sciatic,DM-R2,30,8.3125,831.25,node[79]
283,Nerve_root_L5_sciatic_muscular_branches_of_nerve_tibial_right_04 [Motor MRG Neuron 15.00um]  (Soleus_Motor_Nerves_15um),Motor MRG Neuron,15.00um,L5_sciatic,DM-R2,30,8.3125,831.25,node[79]
195,Nerve_root_L5_muscular_branches_of_nerve_sciatic_left_03 [Sensory MRG Neuron 10.00um]  (Soleus_Sensory_Nerves_10um),Sensory MRG Neuron,10.00um,L5_muscular,DM-R2,30,8.3125,831.25,node[32]
319,Nerve_root_L5_sciatic_nerve_tibial_right_01 [Motor MRG Neuron 15.00um]  (Soleus_Motor_Nerves_15um),Motor MRG Neuron,15.00um,L5_sciatic,DM-R2,30,8.3125,831.25,node[79]
189,Nerve_root_L5_muscular_branches_of_nerve_sciatic_left_02 [Sensory MRG Neuron 10.00um]  (Soleus_Sensory_Nerves_10um),Sensory MRG Neuron,10.00um,L5_muscular,DM-R2,30,8.5,850.0000000000001,node[31]
237,Nerve_root_L5_sciatic_muscular_branches_of_nerve_tibial_left_01 [Sensory MRG Neuron 10.00um]  (Soleus_Sensory_Nerves_10um),Sensory MRG Neuron,10.00um,L5_sciatic,DM-R2,30,8.5,850.0000000000001,node[32]
183,Nerve_root_L5_muscular_branches_of_nerve_sciatic_left_01 [Sensory MRG Neuron 10.00um]  (Soleus_Sensory_Nerves_10um),Sensory MRG Neuron,10.00um,L5_muscular,DM-R2,30,8.5,850.0000000000001,node[31]
249,Nerve_root_L5_sciatic_muscular_branches_of_nerve_tibial_left_03 [Sensory MRG Neuron 10.00um]  (Soleus_Sensory_Nerves_10um),Sensory MRG Neuron,10.00um,L5_sciatic,DM-R2,30,8.5625,856.2500000000001,node[31]
303,Nerve_root_L5_sciatic_nerve_tibial_left_03 [Sensory MRG Neuron 10.00um]  (Soleus_Sensory_Nerves_10um),Sensory MRG Neuron,10.00um,L5_sciatic,DM-R2,30,8.5625,856.2500000000001,node[31]
309,Nerve_root_L5_sciatic_nerve_tibial_left_04 [Sensory MRG Neuron 10.00um]  (Soleus_Sensory_Nerves_10um),Sensory MRG Neuron,10.00um,L5_sciatic,DM-R2,30,8.5625,856.2500000000001,node[31]
291,Nerve_root_L5_sciatic_nerve_tibial_left_01 [Sensory MRG Neuron 10.00um]  (Soleus_Sensory_Nerves_10um),Sensory MRG Neuron,10.00um,L5_sciatic,DM-R2,30,8.5625,856.2500000000001,node[31]
297,Nerve_root_L5_sciatic_nerve_tibial_left_02 [Sensory MRG Neuron 10.00um]  (Soleus_Sensory_Nerves_10um),Sensory MRG Neuron,10.00um,L5_sciatic,DM-R2,30,8.5625,856.2500000000001,node[31]
255,Nerve_root_L5_sciatic_muscular_branches_of_nerve_tibial_left_04 [Sensory MRG Neuron 10.00um]  (Soleus_Sensory_Nerves_10um),Sensory MRG Neuron,10.00um,L5_sciatic,DM-R2,30,8.5625,856.2500000000001,node[31]
315,Nerve_root_L5_sciatic_nerve_tibial_left_05 [Sensory MRG Neuron 10.00um]  (Soleus_Sensory_Nerves_10um),Sensory MRG Neuron,10.00um,L5_sciatic,DM-R2,30,8.5625,856.2500000000001,node[31]
243,Nerve_root_L5_sciatic_muscular_branches_of_nerve_tibial_left_02 [Sensory MRG Neuron 10.00um]  (Soleus_Sensory_Nerves_10um),Sensory MRG Neuron,10.00um,L5_sciatic,DM-R2,30,8.5625,856.2500000000001,node[31]
261,Nerve_root_L5_sciatic_muscular_branches_of_nerve_tibial_left_05 [Sensory MRG Neuron 10.00um]  (Soleus_Sensory_Nerves_10um),Sensory MRG Neuron,10.00um,L5_sciatic,DM-R2,30,8.5625,856.2500000000001,node[31]
397,Nerve_root_S1_muscular_branches_of_nerve_sciatic_right_03 [Motor MRG Neuron 15.00um]  (Soleus_Motor_Nerves_15um),Motor MRG Neuron,15.00um,S1_muscular,DM-R2,30,9.25,925.0,node[89]
391,Nerve_root_S1_muscular_branches_of_nerve_sciatic_right_02 [Motor MRG Neuron 15.00um]  (Soleus_Motor_Nerves_15um),Motor MRG Neuron,15.00um,S1_muscular,DM-R2,30,9.25,925.0,node[90]
511,Nerve_root_S1_sciatic_nerve_tibial_right_04 [Motor MRG Neuron 15.00um]  (Soleus_Motor_Nerves_15um),Motor MRG Neuron,15.00um,S1_sciatic,DM-R2,30,9.3125,931.25,node[91]
439,Nerve_root_S1_sciatic_muscular_branches_of_nerve_tibial_right_01 [Motor MRG Neuron 15.00um]  (Soleus_Motor_Nerves_15um),Motor MRG Neuron,15.00um,S1_sciatic,DM-R2,30,9.3125,931.25,node[91]
499,Nerve_root_S1_sciatic_nerve_tibial_right_02 [Motor MRG Neuron 15.00um]  (Soleus_Motor_Nerves_15um),Motor MRG Neuron,15.00um,S1_sciatic,DM-R2,30,9.3125,931.25,node[91]
529,Nerve_root_S1_sciatic_nerve_tibial_right_07 [Motor MRG Neuron 15.00um]  (Soleus_Motor_Nerves_15um),Motor MRG Neuron,15.00um,S1_sciatic,DM-R2,30,9.3125,931.25,node[91]
505,Nerve_root_S1_sciatic_nerve_tibial_right_03 [Motor MRG Neuron 15.00um]  (Soleus_Motor_Nerves_15um),Motor MRG Neuron,15.00um,S1_sciatic,DM-R2,30,9.3125,931.25,node[91]
493,Nerve_root_S1_sciatic_nerve_tibial_right_01 [Motor MRG Neuron 15.00um]  (Soleus_Motor_Nerves_15um),Motor MRG Neuron,15.00um,S1_sciatic,DM-R2,30,9.3125,931.25,node[91]
457,Nerve_root_S1_sciatic_muscular_branches_of_nerve_tibial_right_04 [Motor MRG Neuron 15.00um]  (Soleus_Motor_Nerves_15um),Motor MRG Neuron,15.00um,S1_sciatic,DM-R2,30,9.3125,931.25,node[91]
523,Nerve_root_S1_sciatic_nerve_tibial_right_06 [Motor MRG Neuron 15.00um]  (Soleus_Motor_Nerves_15um),Motor MRG Neuron,15.00um,S1_sciatic,DM-R2,30,9.3125,931.25,node[91]
517,Nerve_root_S1_sciatic_nerve_tibial_right_05 [Motor MRG Neuron 15.00um]  (Soleus_Motor_Nerves_15um),Motor MRG Neuron,15.00um,S1_sciatic,DM-R2,30,9.3125,931.25,node[91]
445,Nerve_root_S1_sciatic_muscular_branches_of_nerve_tibial_right_02 [Motor MRG Neuron 15.00um]  (Soleus_Motor_Nerves_15um),Motor MRG Neuron,15.00um,S1_sciatic,DM-R2,30,9.3125,931.25,node[91]
385,Nerve_root_S1_muscular_branches_of_nerve_sciatic_right_01 [Motor MRG Neuron 15.00um]  (Soleus_Motor_Nerves_15um),Motor MRG Neuron,15.00um,S1_muscular,DM-R2,30,9.3125,931.25,node[89]
451,Nerve_root_S1_sciatic_muscular_branches_of_nerve_tibial_right_03 [Motor MRG Neuron 15.00um]  (Soleus_Motor_Nerves_15um),Motor MRG Neuron,15.00um,S1_sciatic,DM-R2,30,9.375,937.5,node[90]
403,Nerve_root_S1_muscular_branches_of_nerve_sciatic_right_04 [Motor MRG Neuron 15.00um]  (Soleus_Motor_Nerves_15um),Motor MRG Neuron,15.00um,S1_muscular,DM-R2,30,9.4375,943.7500000000001,node[91]
31,Nerve_root_L4_L5_muscular_branches_of_nerve_sciatic_right_01 [Motor MRG Neuron 15.00um]  (Soleus_Motor_Nerves_15um),Motor MRG Neuron,15.00um,L4_L5,DM-R2,30,9.4375,943.7500000000001,node[67]
43,Nerve_root_L4_L5_muscular_branches_of_nerve_sciatic_right_03 [Motor MRG Neuron 15.00um]  (Soleus_Motor_Nerves_15um),Motor MRG Neuron,15.00um,L4_L5,DM-R2,30,9.4375,943.7500000000001,node[68]
37,Nerve_root_L4_L5_muscular_branches_of_nerve_sciatic_right_02 [Motor MRG Neuron 15.00um]  (Soleus_Motor_Nerves_15um),Motor MRG Neuron,15.00um,L4_L5,DM-R2,30,9.4375,943.7500000000001,node[68]
145,Nerve_root_L4_L5_sciatic_nerve_tibial_right_02 [Motor MRG Neuron 15.00um]  (Soleus_Motor_Nerves_15um),Motor MRG Neuron,15.00um,L4_L5,DM-R2,30,9.5,950.0000000000001,node[68]
85,Nerve_root_L4_L5_sciatic_muscular_branches_of_nerve_tibial_right_01 [Motor MRG Neuron 15.00um]  (Soleus_Motor_Nerves_15um),Motor MRG Neuron,15.00um,L4_L5,DM-R2,30,9.5,950.0000000000001,node[68]
91,Nerve_root_L4_L5_sciatic_muscular_branches_of_nerve_tibial_right_02 [Motor MRG Neuron 15.00um]  (Soleus_Motor_Nerves_15um),Motor MRG Neuron,15.00um,L4_L5,DM-R2,30,9.5,950.0000000000001,node[68]
169,Nerve_root_L4_L5_sciatic_nerve_tibial_right_06 [Motor MRG Neuron 15.00um]  (Soleus_Motor_Nerves_15um),Motor MRG Neuron,15.00um,L4_L5,DM-R2,30,9.5,950.0000000000001,node[68]
151,Nerve_root_L4_L5_sciatic_nerve_tibial_right_03 [Motor MRG Neuron 15.00um]  (Soleus_Motor_Nerves_15um),Motor MRG Neuron,15.00um,L4_L5,DM-R2,30,9.5,950.0000000000001,node[68]
97,Nerve_root_L4_L5_sciatic_muscular_branches_of_nerve_tibial_right_03 [Motor MRG Neuron 15.00um]  (Soleus_Motor_Nerves_15um),Motor MRG Neuron,15.00um,L4_L5,DM-R2,30,9.5,950.0000000000001,node[68]
103,Nerve_root_L4_L5_sciatic_muscular_branches_of_nerve_tibial_right_04 [Motor MRG Neuron 15.00um]  (Soleus_Motor_Nerves_15um),Motor MRG Neuron,15.00um,L4_L5,DM-R2,30,9.5,950.0000000000001,node[68]
163,Nerve_root_L4_L5_sciatic_nerve_tibial_right_05 [Motor MRG Neuron 15.00um]  (Soleus_Motor_Nerves_15um),Motor MRG Neuron,15.00um,L4_L5,DM-R2,30,9.5,950.0000000000001,node[68]
175,Nerve_root_L4_L5_sciatic_nerve_tibial_right_07 [Motor MRG Neuron 15.00um]  (Soleus_Motor_Nerves_15um),Motor MRG Neuron,15.00um,L4_L5,DM-R2,30,9.5,950.0000000000001,node[68]
157,Nerve_root_L4_L5_sciatic_nerve_tibial_right_04 [Motor MRG Neuron 15.00um]  (Soleus_Motor_Nerves_15um),Motor MRG Neuron,15.00um,L4_L5,DM-R2,30,9.5,950.0000000000001,node[68]
49,Nerve_root_L4_L5_muscular_branches_of_nerve_sciatic_right_04 [Motor MRG Neuron 15.00um]  (Soleus_Motor_Nerves_15um),Motor MRG Neuron,15.00um,L4_L5,DM-R2,30,9.5,950.0000000000001,node[68]
139,Nerve_root_L4_L5_sciatic_nerve_tibial_right_01 [Motor MRG Neuron 15.00um]  (Soleus_Motor_Nerves_15um),Motor MRG Neuron,15.00um,L4_L5,DM-R2,30,9.5,950.0000000000001,node[68]
612,Nerve_root_S2_sciatic_muscular_branches_of_nerve_tibial_left_05 [Motor MRG Neuron 10.00um]  (Soleus_Motor_Nerves_10um),Motor MRG Neuron,10.00um,S2_sciatic,DM-R2,30,9.8125,981.2500000000001,node[178]
660,Nerve_root_S2_sciatic_nerve_tibial_left_04 [Motor MRG Neuron 10.00um]  (Soleus_Motor_Nerves_10um),Motor MRG Neuron,10.00um,S2_sciatic,DM-R2,30,9.8125,981.2500000000001,node[178]
606,Nerve_root_S2_sciatic_muscular_branches_of_nerve_tibial_left_04 [Motor MRG Neuron 10.00um]  (Soleus_Motor_Nerves_10um),Motor MRG Neuron,10.00um,S2_sciatic,DM-R2,30,9.8125,981.2500000000001,node[178]
558,Nerve_root_S2_muscular_branches_of_nerve_sciatic_left_05 [Motor MRG Neuron 10.00um]  (Soleus_Motor_Nerves_10um),Motor MRG Neuron,10.00um,S2_muscular,DM-R2,30,9.8125,981.2500000000001,node[178]
654,Nerve_root_S2_sciatic_nerve_tibial_left_03 [Motor MRG Neuron 10.00um]  (Soleus_Motor_Nerves_10um),Motor MRG Neuron,10.00um,S2_sciatic,DM-R2,30,9.8125,981.2500000000001,node[178]
648,Nerve_root_S2_sciatic_nerve_tibial_left_02 [Motor MRG Neuron 10.00um]  (Soleus_Motor_Nerves_10um),Motor MRG Neuron,10.00um,S2_sciatic,DM-R2,30,9.8125,981.2500000000001,node[178]
588,Nerve_root_S2_sciatic_muscular_branches_of_nerve_tibial_left_01 [Motor MRG Neuron 10.00um]  (Soleus_Motor_Nerves_10um),Motor MRG Neuron,10.00um,S2_sciatic,DM-R2,30,9.8125,981.2500000000001,node[178]
540,Nerve_root_S2_muscular_branches_of_nerve_sciatic_left_02 [Motor MRG Neuron 10.00um]  (Soleus_Motor_Nerves_10um),Motor MRG Neuron,10.00um,S2_muscular,DM-R2,30,9.8125,981.2500000000001,node[178]
546,Nerve_root_S2_muscular_branches_of_nerve_sciatic_left_03 [Motor MRG Neuron 10.00um]  (Soleus_Motor_Nerves_10um),Motor MRG Neuron,10.00um,S2_muscular,DM-R2,30,9.8125,981.2500000000001,node[178]
534,Nerve_root_S2_muscular_branches_of_nerve_sciatic_left_01 [Motor MRG Neuron 10.00um]  (Soleus_Motor_Nerves_10um),Motor MRG Neuron,10.00um,S2_muscular,DM-R2,30,9.8125,981.2500000000001,node[178]
600,Nerve_root_S2_sciatic_muscular_branches_of_nerve_tibial_left_03 [Motor MRG Neuron 10.00um]  (Soleus_Motor_Nerves_10um),Motor MRG Neuron,10.00um,S2_sciatic,DM-R2,30,9.8125,981.2500000000001,node[178]
642,Nerve_root_S2_sciatic_nerve_tibial_left_01 [Motor MRG Neuron 10.00um]  (Soleus_Motor_Nerves_10um),Motor MRG Neuron,10.00um,S2_sciatic,DM-R2,30,9.8125,981.2500000000001,node[178]
594,Nerve_root_S2_sciatic_muscular_branches_of_nerve_tibial_left_02 [Motor MRG Neuron 10.00um]  (Soleus_Motor_Nerves_10um),Motor MRG Neuron,10.00um,S2_sciatic,DM-R2,30,9.8125,981.2500000000001,node[178]
666,Nerve_root_S2_sciatic_nerve_tibial_left_05 [Motor MRG Neuron 10.00um]  (Soleus_Motor_Nerves_10um),Motor MRG Neuron,10.00um,S2_sciatic,DM-R2,30,9.8125,981.2500000000001,node[178]
552,Nerve_root_S2_muscular_branches_of_nerve_sciatic_left_04 [Motor MRG Neuron 10.00um]  (Soleus_Motor_Nerves_10um),Motor MRG Neuron,10.00um,S2_muscular,DM-R2,30,9.875,987.5,node[179]
205,Nerve_root_L5_muscular_branches_of_nerve_sciatic_left_05 [Motor MRG Neuron 15.00um]  (Soleus_Motor_Nerves_15um),Motor MRG Neuron,15.00um,L5_muscular,DM-R2,30,10.0,1000.0,node[23]
199,Nerve_root_L5_muscular_branches_of_nerve_sciatic_left_04 [Motor MRG Neuron 15.00um]  (Soleus_Motor_Nerves_15um),Motor MRG Neuron,15.00um,L5_muscular,DM-R2,30,10.0625,1006.2500000000001,node[23]
193,Nerve_root_L5_muscular_branches_of_nerve_sciatic_left_03 [Motor MRG Neuron 15.00um]  (Soleus_Motor_Nerves_15um),Motor MRG Neuron,15.00um,L5_muscular,DM-R2,30,10.125,1012.5,node[22]
181,Nerve_root_L5_muscular_branches_of_nerve_sciatic_left_01 [Motor MRG Neuron 15.00um]  (Soleus_Motor_Nerves_15um),Motor MRG Neuron,15.00um,L5_muscular,DM-R2,30,10.1875,1018.75,node[24]
187,Nerve_root_L5_muscular_branches_of_nerve_sciatic_left_02 [Motor MRG Neuron 15.00um]  (Soleus_Motor_Nerves_15um),Motor MRG Neuron,15.00um,L5_muscular,DM-R2,30,10.1875,1018.75,node[24]
307,Nerve_root_L5_sciatic_nerve_tibial_left_04 [Motor MRG Neuron 15.00um]  (Soleus_Motor_Nerves_15um),Motor MRG Neuron,15.00um,L5_sciatic,DM-R2,30,10.3125,1031.25,node[22]
282,Nerve_root_L5_sciatic_muscular_branches_of_nerve_tibial_right_04 [Motor MRG Neuron 10.00um]  (Soleus_Motor_Nerves_10um),Motor MRG Neuron,10.00um,L5_sciatic,DM-R2,30,10.3125,1031.25,node[108]
354,Nerve_root_L5_sciatic_nerve_tibial_right_07 [Motor MRG Neuron 10.00um]  (Soleus_Motor_Nerves_10um),Motor MRG Neuron,10.00um,L5_sciatic,DM-R2,30,10.3125,1031.25,node[108]
253,Nerve_root_L5_sciatic_muscular_branches_of_nerve_tibial_left_04 [Motor MRG Neuron 15.00um]  (Soleus_Motor_Nerves_15um),Motor MRG Neuron,15.00um,L5_sciatic,DM-R2,30,10.3125,1031.25,node[22]
348,Nerve_root_L5_sciatic_nerve_tibial_right_06 [Motor MRG Neuron 10.00um]  (Soleus_Motor_Nerves_10um),Motor MRG Neuron,10.00um,L5_sciatic,DM-R2,30,10.3125,1031.25,node[108]
289,Nerve_root_L5_sciatic_nerve_tibial_left_01 [Motor MRG Neuron 15.00um]  (Soleus_Motor_Nerves_15um),Motor MRG Neuron,15.00um,L5_sciatic,DM-R2,30,10.3125,1031.25,node[22]
241,Nerve_root_L5_sciatic_muscular_branches_of_nerve_tibial_left_02 [Motor MRG Neuron 15.00um]  (Soleus_Motor_Nerves_15um),Motor MRG Neuron,15.00um,L5_sciatic,DM-R2,30,10.3125,1031.25,node[22]
324,Nerve_root_L5_sciatic_nerve_tibial_right_02 [Motor MRG Neuron 10.00um]  (Soleus_Motor_Nerves_10um),Motor MRG Neuron,10.00um,L5_sciatic,DM-R2,30,10.3125,1031.25,node[108]
295,Nerve_root_L5_sciatic_nerve_tibial_left_02 [Motor MRG Neuron 15.00um]  (Soleus_Motor_Nerves_15um),Motor MRG Neuron,15.00um,L5_sciatic,DM-R2,30,10.3125,1031.25,node[22]
313,Nerve_root_L5_sciatic_nerve_tibial_left_05 [Motor MRG Neuron 15.00um]  (Soleus_Motor_Nerves_15um),Motor MRG Neuron,15.00um,L5_sciatic,DM-R2,30,10.3125,1031.25,node[22]
247,Nerve_root_L5_sciatic_muscular_branches_of_nerve_tibial_left_03 [Motor MRG Neuron 15.00um]  (Soleus_Motor_Nerves_15um),Motor MRG Neuron,15.00um,L5_sciatic,DM-R2,30,10.3125,1031.25,node[22]
330,Nerve_root_L5_sciatic_nerve_tibial_right_03 [Motor MRG Neuron 10.00um]  (Soleus_Motor_Nerves_10um),Motor MRG Neuron,10.00um,L5_sciatic,DM-R2,30,10.3125,1031.25,node[108]
264,Nerve_root_L5_sciatic_muscular_branches_of_nerve_tibial_right_01 [Motor MRG Neuron 10.00um]  (Soleus_Motor_Nerves_10um),Motor MRG Neuron,10.00um,L5_sciatic,DM-R2,30,10.3125,1031.25,node[108]
270,Nerve_root_L5_sciatic_muscular_branches_of_nerve_tibial_right_02 [Motor MRG Neuron 10.00um]  (Soleus_Motor_Nerves_10um),Motor MRG Neuron,10.00um,L5_sciatic,DM-R2,30,10.3125,1031.25,node[108]
318,Nerve_root_L5_sciatic_nerve_tibial_right_01 [Motor MRG Neuron 10.00um]  (Soleus_Motor_Nerves_10um),Motor MRG Neuron,10.00um,L5_sciatic,DM-R2,30,10.3125,1031.25,node[108]
342,Nerve_root_L5_sciatic_nerve_tibial_right_05 [Motor MRG Neuron 10.00um]  (Soleus_Motor_Nerves_10um),Motor MRG Neuron,10.00um,L5_sciatic,DM-R2,30,10.3125,1031.25,node[108]
301,Nerve_root_L5_sciatic_nerve_tibial_left_03 [Motor MRG Neuron 15.00um]  (Soleus_Motor_Nerves_15um),Motor MRG Neuron,15.00um,L5_sciatic,DM-R2,30,10.3125,1031.25,node[22]
276,Nerve_root_L5_sciatic_muscular_branches_of_nerve_tibial_right_03 [Motor MRG Neuron 10.00um]  (Soleus_Motor_Nerves_10um),Motor MRG Neuron,10.00um,L5_sciatic,DM-R2,30,10.3125,1031.25,node[108]
336,Nerve_root_L5_sciatic_nerve_tibial_right_04 [Motor MRG Neuron 10.00um]  (Soleus_Motor_Nerves_10um),Motor MRG Neuron,10.00um,L5_sciatic,DM-R2,30,10.3125,1031.25,node[108]
259,Nerve_root_L5_sciatic_muscular_branches_of_nerve_tibial_left_05 [Motor MRG Neuron 15.00um]  (Soleus_Motor_Nerves_15um),Motor MRG Neuron,15.00um,L5_sciatic,DM-R2,30,10.3125,1031.25,node[22]
235,Nerve_root_L5_sciatic_muscular_branches_of_nerve_tibial_left_01 [Motor MRG Neuron 15.00um]  (Soleus_Motor_Nerves_15um),Motor MRG Neuron,15.00um,L5_sciatic,DM-R2,30,10.3125,1031.25,node[22]
216,Nerve_root_L5_muscular_branches_of_nerve_sciatic_right_02 [Motor MRG Neuron 10.00um]  (Soleus_Motor_Nerves_10um),Motor MRG Neuron,10.00um,L5_muscular,DM-R2,30,10.375,1037.5,node[107]
222,Nerve_root_L5_muscular_branches_of_nerve_sciatic_right_03 [Motor MRG Neuron 10.00um]  (Soleus_Motor_Nerves_10um),Motor MRG Neuron,10.00um,L5_muscular,DM-R2,30,10.4375,1043.75,node[107]
228,Nerve_root_L5_muscular_branches_of_nerve_sciatic_right_04 [Motor MRG Neuron 10.00um]  (Soleus_Motor_Nerves_10um),Motor MRG Neuron,10.00um,L5_muscular,DM-R2,30,10.4375,1043.75,node[108]
210,Nerve_root_L5_muscular_branches_of_nerve_sciatic_right_01 [Motor MRG Neuron 10.00um]  (Soleus_Motor_Nerves_10um),Motor MRG Neuron,10.00um,L5_muscular,DM-R2,30,10.5,1050.0,node[108]
672,Nerve_root_S2_sciatic_nerve_tibial_right_01 [Motor MRG Neuron 10.00um]  (Soleus_Motor_Nerves_10um),Motor MRG Neuron,10.00um,S2_sciatic,DM-R2,30,12.625,1262.5000000000002,node[176]
678,Nerve_root_S2_sciatic_nerve_tibial_right_02 [Motor MRG Neuron 10.00um]  (Soleus_Motor_Nerves_10um),Motor MRG Neuron,10.00um,S2_sciatic,DM-R2,30,12.625,1262.5000000000002,node[176]
690,Nerve_root_S2_sciatic_nerve_tibial_right_04 [Motor MRG Neuron 10.00um]  (Soleus_Motor_Nerves_10um),Motor MRG Neuron,10.00um,S2_sciatic,DM-R2,30,12.625,1262.5000000000002,node[176]
630,Nerve_root_S2_sciatic_muscular_branches_of_nerve_tibial_right_03 [Motor MRG Neuron 10.00um]  (Soleus_Motor_Nerves_10um),Motor MRG Neuron,10.00um,S2_sciatic,DM-R2,30,12.625,1262.5000000000002,node[176]
570,Nerve_root_S2_muscular_branches_of_nerve_sciatic_right_02 [Motor MRG Neuron 10.00um]  (Soleus_Motor_Nerves_10um),Motor MRG Neuron,10.00um,S2_muscular,DM-R2,30,12.625,1262.5000000000002,node[176]
684,Nerve_root_S2_sciatic_nerve_tibial_right_03 [Motor MRG Neuron 10.00um]  (Soleus_Motor_Nerves_10um),Motor MRG Neuron,10.00um,S2_sciatic,DM-R2,30,12.625,1262.5000000000002,node[176]
624,Nerve_root_S2_sciatic_muscular_branches_of_nerve_tibial_right_02 [Motor MRG Neuron 10.00um]  (Soleus_Motor_Nerves_10um),Motor MRG Neuron,10.00um,S2_sciatic,DM-R2,30,12.625,1262.5000000000002,node[176]
708,Nerve_root_S2_sciatic_nerve_tibial_right_07 [Motor MRG Neuron 10.00um]  (Soleus_Motor_Nerves_10um),Motor MRG Neuron,10.00um,S2_sciatic,DM-R2,30,12.625,1262.5000000000002,node[176]
582,Nerve_root_S2_muscular_branches_of_nerve_sciatic_right_04 [Motor MRG Neuron 10.00um]  (Soleus_Motor_Nerves_10um),Motor MRG Neuron,10.00um,S2_muscular,DM-R2,30,12.625,1262.5000000000002,node[176]
636,Nerve_root_S2_sciatic_muscular_branches_of_nerve_tibial_right_04 [Motor MRG Neuron 10.00um]  (Soleus_Motor_Nerves_10um),Motor MRG Neuron,10.00um,S2_sciatic,DM-R2,30,12.625,1262.5000000000002,node[176]
618,Nerve_root_S2_sciatic_muscular_branches_of_nerve_tibial_right_01 [Motor MRG Neuron 10.00um]  (Soleus_Motor_Nerves_10um),Motor MRG Neuron,10.00um,S2_sciatic,DM-R2,30,12.625,1262.5000000000002,node[176]
702,Nerve_root_S2_sciatic_nerve_tibial_right_06 [Motor MRG Neuron 10.00um]  (Soleus_Motor_Nerves_10um),Motor MRG Neuron,10.00um,S2_sciatic,DM-R2,30,12.625,1262.5000000000002,node[176]
696,Nerve_root_S2_sciatic_nerve_tibial_right_05 [Motor MRG Neuron 10.00um]  (Soleus_Motor_Nerves_10um),Motor MRG Neuron,10.00um,S2_sciatic,DM-R2,30,12.625,1262.5000000000002,node[176]
576,Nerve_root_S2_muscular_branches_of_nerve_sciatic_right_03 [Motor MRG Neuron 10.00um]  (Soleus_Motor_Nerves_10um),Motor MRG Neuron,10.00um,S2_muscular,DM-R2,30,12.75,1275.0000000000002,node[176]
564,Nerve_root_S2_muscular_branches_of_nerve_sciatic_right_01 [Motor MRG Neuron 10.00um]  (Soleus_Motor_Nerves_10um),Motor MRG Neuron,10.00um,S2_muscular,DM-R2,30,13.125,1312.5,node[176]
390,Nerve_root_S1_muscular_branches_of_nerve_sciatic_right_02 [Motor MRG Neuron 10.00um]  (Soleus_Motor_Nerves_10um),Motor MRG Neuron,10.00um,S1_muscular,DM-R2,30,14.375,1437.5,node[122]
396,Nerve_root_S1_muscular_branches_of_nerve_sciatic_right_03 [Motor MRG Neuron 10.00um]  (Soleus_Motor_Nerves_10um),Motor MRG Neuron,10.00um,S1_muscular,DM-R2,30,14.375,1437.5,node[122]
450,Nerve_root_S1_sciatic_muscular_branches_of_nerve_tibial_right_03 [Motor MRG Neuron 10.00um]  (Soleus_Motor_Nerves_10um),Motor MRG Neuron,10.00um,S1_sciatic,DM-R2,30,14.5,1450.0000000000002,node[123]
402,Nerve_root_S1_muscular_branches_of_nerve_sciatic_right_04 [Motor MRG Neuron 10.00um]  (Soleus_Motor_Nerves_10um),Motor MRG Neuron,10.00um,S1_muscular,DM-R2,30,14.5,1450.0000000000002,node[123]
444,Nerve_root_S1_sciatic_muscular_branches_of_nerve_tibial_right_02 [Motor MRG Neuron 10.00um]  (Soleus_Motor_Nerves_10um),Motor MRG Neuron,10.00um,S1_sciatic,DM-R2,30,14.625,1462.5000000000002,node[123]
492,Nerve_root_S1_sciatic_nerve_tibial_right_01 [Motor MRG Neuron 10.00um]  (Soleus_Motor_Nerves_10um),Motor MRG Neuron,10.00um,S1_sciatic,DM-R2,30,14.625,1462.5000000000002,node[123]
456,Nerve_root_S1_sciatic_muscular_branches_of_nerve_tibial_right_04 [Motor MRG Neuron 10.00um]  (Soleus_Motor_Nerves_10um),Motor MRG Neuron,10.00um,S1_sciatic,DM-R2,30,14.625,1462.5000000000002,node[123]
498,Nerve_root_S1_sciatic_nerve_tibial_right_02 [Motor MRG Neuron 10.00um]  (Soleus_Motor_Nerves_10um),Motor MRG Neuron,10.00um,S1_sciatic,DM-R2,30,14.625,1462.5000000000002,node[123]
522,Nerve_root_S1_sciatic_nerve_tibial_right_06 [Motor MRG Neuron 10.00um]  (Soleus_Motor_Nerves_10um),Motor MRG Neuron,10.00um,S1_sciatic,DM-R2,30,14.625,1462.5000000000002,node[123]
510,Nerve_root_S1_sciatic_nerve_tibial_right_04 [Motor MRG Neuron 10.00um]  (Soleus_Motor_Nerves_10um),Motor MRG Neuron,10.00um,S1_sciatic,DM-R2,30,14.625,1462.5000000000002,node[123]
504,Nerve_root_S1_sciatic_nerve_tibial_right_03 [Motor MRG Neuron 10.00um]  (Soleus_Motor_Nerves_10um),Motor MRG Neuron,10.00um,S1_sciatic,DM-R2,30,14.625,1462.5000000000002,node[123]
528,Nerve_root_S1_sciatic_nerve_tibial_right_07 [Motor MRG Neuron 10.00um]  (Soleus_Motor_Nerves_10um),Motor MRG Neuron,10.00um,S1_sciatic,DM-R2,30,14.625,1462.5000000000002,node[123]
438,Nerve_root_S1_sciatic_muscular_branches_of_nerve_tibial_right_01 [Motor MRG Neuron 10.00um]  (Soleus_Motor_Nerves_10um),Motor MRG Neuron,10.00um,S1_sciatic,DM-R2,30,14.625,1462.5000000000002,node[123]
516,Nerve_root_S1_sciatic_nerve_tibial_right_05 [Motor MRG Neuron 10.00um]  (Soleus_Motor_Nerves_10um),Motor MRG Neuron,10.00um,S1_sciatic,DM-R2,30,14.625,1462.5000000000002,node[123]
384,Nerve_root_S1_muscular_branches_of_nerve_sciatic_right_01 [Motor MRG Neuron 10.00um]  (Soleus_Motor_Nerves_10um),Motor MRG Neuron,10.00um,S1_muscular,DM-R2,30,14.75,1475.0,node[122]
30,Nerve_root_L4_L5_muscular_branches_of_nerve_sciatic_right_01 [Motor MRG Neuron 10.00um]  (Soleus_Motor_Nerves_10um),Motor MRG Neuron,10.00um,L4_L5,DM-R2,30,15.125,1512.5000000000002,node[92]
36,Nerve_root_L4_L5_muscular_branches_of_nerve_sciatic_right_02 [Motor MRG Neuron 10.00um]  (Soleus_Motor_Nerves_10um),Motor MRG Neuron,10.00um,L4_L5,DM-R2,30,15.125,1512.5000000000002,node[92]
42,Nerve_root_L4_L5_muscular_branches_of_nerve_sciatic_right_03 [Motor MRG Neuron 10.00um]  (Soleus_Motor_Nerves_10um),Motor MRG Neuron,10.00um,L4_L5,DM-R2,30,15.125,1512.5000000000002,node[92]
48,Nerve_root_L4_L5_muscular_branches_of_nerve_sciatic_right_04 [Motor MRG Neuron 10.00um]  (Soleus_Motor_Nerves_10um),Motor MRG Neuron,10.00um,L4_L5,DM-R2,30,15.25,1525.0000000000002,node[92]
102,Nerve_root_L4_L5_sciatic_muscular_branches_of_nerve_tibial_right_04 [Motor MRG Neuron 10.00um]  (Soleus_Motor_Nerves_10um),Motor MRG Neuron,10.00um,L4_L5,DM-R2,30,15.375,1537.5,node[92]
174,Nerve_root_L4_L5_sciatic_nerve_tibial_right_07 [Motor MRG Neuron 10.00um]  (Soleus_Motor_Nerves_10um),Motor MRG Neuron,10.00um,L4_L5,DM-R2,30,15.375,1537.5,node[92]
168,Nerve_root_L4_L5_sciatic_nerve_tibial_right_06 [Motor MRG Neuron 10.00um]  (Soleus_Motor_Nerves_10um),Motor MRG Neuron,10.00um,L4_L5,DM-R2,30,15.375,1537.5,node[92]
138,Nerve_root_L4_L5_sciatic_nerve_tibial_right_01 [Motor MRG Neuron 10.00um]  (Soleus_Motor_Nerves_10um),Motor MRG Neuron,10.00um,L4_L5,DM-R2,30,15.375,1537.5,node[92]
96,Nerve_root_L4_L5_sciatic_muscular_branches_of_nerve_tibial_right_03 [Motor MRG Neuron 10.00um]  (Soleus_Motor_Nerves_10um),Motor MRG Neuron,10.00um,L4_L5,DM-R2,30,15.375,1537.5,node[92]
162,Nerve_root_L4_L5_sciatic_nerve_tibial_right_05 [Motor MRG Neuron 10.00um]  (Soleus_Motor_Nerves_10um),Motor MRG Neuron,10.00um,L4_L5,DM-R2,30,15.375,1537.5,node[92]
144,Nerve_root_L4_L5_sciatic_nerve_tibial_right_02 [Motor MRG Neuron 10.00um]  (Soleus_Motor_Nerves_10um),Motor MRG Neuron,10.00um,L4_L5,DM-R2,30,15.375,1537.5,node[92]
84,Nerve_root_L4_L5_sciatic_muscular_branches_of_nerve_tibial_right_01 [Motor MRG Neuron 10.00um]  (Soleus_Motor_Nerves_10um),Motor MRG Neuron,10.00um,L4_L5,DM-R2,30,15.375,1537.5,node[92]
90,Nerve_root_L4_L5_sciatic_muscular_branches_of_nerve_tibial_right_02 [Motor MRG Neuron 10.00um]  (Soleus_Motor_Nerves_10um),Motor MRG Neuron,10.00um,L4_L5,DM-R2,30,15.375,1537.5,node[92]
156,Nerve_root_L4_L5_sciatic_nerve_tibial_right_04 [Motor MRG Neuron 10.00um]  (Soleus_Motor_Nerves_10um),Motor MRG Neuron,10.00um,L4_L5,DM-R2,30,15.375,1537.5,node[92]
150,Nerve_root_L4_L5_sciatic_nerve_tibial_right_03 [Motor MRG Neuron 10.00um]  (Soleus_Motor_Nerves_10um),Motor MRG Neuron,10.00um,L4_L5,DM-R2,30,15.375,1537.5,node[92]
246,Nerve_root_L5_sciatic_muscular_branches_of_nerve_tibial_left_03 [Motor MRG Neuron 10.00um]  (Soleus_Motor_Nerves_10um),Motor MRG Neuron,10.00um,L5_sciatic,DM-R2,30,18.75,1875.0,node[112]
306,Nerve_root_L5_sciatic_nerve_tibial_left_04 [Motor MRG Neuron 10.00um]  (Soleus_Motor_Nerves_10um),Motor MRG Neuron,10.00um,L5_sciatic,DM-R2,30,18.75,1875.0,node[112]
300,Nerve_root_L5_sciatic_nerve_tibial_left_03 [Motor MRG Neuron 10.00um]  (Soleus_Motor_Nerves_10um),Motor MRG Neuron,10.00um,L5_sciatic,DM-R2,30,18.75,1875.0,node[112]
312,Nerve_root_L5_sciatic_nerve_tibial_left_05 [Motor MRG Neuron 10.00um]  (Soleus_Motor_Nerves_10um),Motor MRG Neuron,10.00um,L5_sciatic,DM-R2,30,18.75,1875.0,node[112]
234,Nerve_root_L5_sciatic_muscular_branches_of_nerve_tibial_left_01 [Motor MRG Neuron 10.00um]  (Soleus_Motor_Nerves_10um),Motor MRG Neuron,10.00um,L5_sciatic,DM-R2,30,18.75,1875.0,node[113]
288,Nerve_root_L5_sciatic_nerve_tibial_left_01 [Motor MRG Neuron 10.00um]  (Soleus_Motor_Nerves_10um),Motor MRG Neuron,10.00um,L5_sciatic,DM-R2,30,18.75,1875.0,node[112]
258,Nerve_root_L5_sciatic_muscular_branches_of_nerve_tibial_left_05 [Motor MRG Neuron 10.00um]  (Soleus_Motor_Nerves_10um),Motor MRG Neuron,10.00um,L5_sciatic,DM-R2,30,18.75,1875.0,node[112]
240,Nerve_root_L5_sciatic_muscular_branches_of_nerve_tibial_left_02 [Motor MRG Neuron 10.00um]  (Soleus_Motor_Nerves_10um),Motor MRG Neuron,10.00um,L5_sciatic,DM-R2,30,18.75,1875.0,node[112]
252,Nerve_root_L5_sciatic_muscular_branches_of_nerve_tibial_left_04 [Motor MRG Neuron 10.00um]  (Soleus_Motor_Nerves_10um),Motor MRG Neuron,10.00um,L5_sciatic,DM-R2,30,18.75,1875.0,node[112]
294,Nerve_root_L5_sciatic_nerve_tibial_left_02 [Motor MRG Neuron 10.00um]  (Soleus_Motor_Nerves_10um),Motor MRG Neuron,10.00um,L5_sciatic,DM-R2,30,18.75,1875.0,node[112]
198,Nerve_root_L5_muscular_branches_of_nerve_sciatic_left_04 [Motor MRG Neuron 10.00um]  (Soleus_Motor_Nerves_10um),Motor MRG Neuron,10.00um,L5_muscular,DM-R2,30,19.25,1925.0,node[112]
192,Nerve_root_L5_muscular_branches_of_nerve_sciatic_left_03 [Motor MRG Neuron 10.00um]  (Soleus_Motor_Nerves_10um),Motor MRG Neuron,10.00um,L5_muscular,DM-R2,30,19.25,1925.0,node[112]
204,Nerve_root_L5_muscular_branches_of_nerve_sciatic_left_05 [Motor MRG Neuron 10.00um]  (Soleus_Motor_Nerves_10um),Motor MRG Neuron,10.00um,L5_muscular,DM-R2,30,19.5,1950.0000000000002,node[112]
180,Nerve_root_L5_muscular_branches_of_nerve_sciatic_left_01 [Motor MRG Neuron 10.00um]  (Soleus_Motor_Nerves_10um),Motor MRG Neuron,10.00um,L5_muscular,DM-R2,30,19.5,1950.0000000000002,node[112]
186,Nerve_root_L5_muscular_branches_of_nerve_sciatic_left_02 [Motor MRG Neuron 10.00um]  (Soleus_Motor_Nerves_10um),Motor MRG Neuron,10.00um,L5_muscular,DM-R2,30,19.5,1950.0000000000002,node[112]
