,NeuronName,NeuronType,Fibre_Diameter,Location,Electrode_Config,Frequency,Titration_Factor,Activation_Threshold (mA),First_Spike_Loc
9,Nerve_root_L4_L5_muscular_branches_of_nerve_sciatic_left_02 [Sensory MRG Neuron 10.00um]  (Soleus_Sensory_Nerves_10um),Sensory MRG Neuron,10.00um,L4_L5,DO-C,30,0.33203125,33.203125,node[127]
3,Nerve_root_L4_L5_muscular_branches_of_nerve_sciatic_left_01 [Sensory MRG Neuron 10.00um]  (Soleus_Sensory_Nerves_10um),Sensory MRG Neuron,10.00um,L4_L5,DO-C,30,0.33203125,33.203125,node[127]
119,Nerve_root_L4_L5_sciatic_nerve_tibial_left_02 [Sensory MRG Neuron 20.00um]  (Soleus_Sensory_Nerves_20um),Sensory MRG Neuron,20.00um,L4_L5,DO-C,30,0.333984375,33.3984375,node[78]
137,Nerve_root_L4_L5_sciatic_nerve_tibial_left_05 [Sensory MRG Neuron 20.00um]  (Soleus_Sensory_Nerves_20um),Sensory MRG Neuron,20.00um,L4_L5,DO-C,30,0.333984375,33.3984375,node[78]
125,Nerve_root_L4_L5_sciatic_nerve_tibial_left_03 [Sensory MRG Neuron 20.00um]  (Soleus_Sensory_Nerves_20um),Sensory MRG Neuron,20.00um,L4_L5,DO-C,30,0.333984375,33.3984375,node[78]
65,Nerve_root_L4_L5_sciatic_muscular_branches_of_nerve_tibial_left_02 [Sensory MRG Neuron 20.00um]  (Soleus_Sensory_Nerves_20um),Sensory MRG Neuron,20.00um,L4_L5,DO-C,30,0.333984375,33.3984375,node[78]
131,Nerve_root_L4_L5_sciatic_nerve_tibial_left_04 [Sensory MRG Neuron 20.00um]  (Soleus_Sensory_Nerves_20um),Sensory MRG Neuron,20.00um,L4_L5,DO-C,30,0.333984375,33.3984375,node[78]
113,Nerve_root_L4_L5_sciatic_nerve_tibial_left_01 [Sensory MRG Neuron 20.00um]  (Soleus_Sensory_Nerves_20um),Sensory MRG Neuron,20.00um,L4_L5,DO-C,30,0.333984375,33.3984375,node[78]
11,Nerve_root_L4_L5_muscular_branches_of_nerve_sciatic_left_02 [Sensory MRG Neuron 20.00um]  (Soleus_Sensory_Nerves_20um),Sensory MRG Neuron,20.00um,L4_L5,DO-C,30,0.3359375,33.59375,node[79]
5,Nerve_root_L4_L5_muscular_branches_of_nerve_sciatic_left_01 [Sensory MRG Neuron 20.00um]  (Soleus_Sensory_Nerves_20um),Sensory MRG Neuron,20.00um,L4_L5,DO-C,30,0.3359375,33.59375,node[79]
71,Nerve_root_L4_L5_sciatic_muscular_branches_of_nerve_tibial_left_03 [Sensory MRG Neuron 20.00um]  (Soleus_Sensory_Nerves_20um),Sensory MRG Neuron,20.00um,L4_L5,DO-C,30,0.337890625,33.7890625,node[80]
59,Nerve_root_L4_L5_sciatic_muscular_branches_of_nerve_tibial_left_01 [Sensory MRG Neuron 20.00um]  (Soleus_Sensory_Nerves_20um),Sensory MRG Neuron,20.00um,L4_L5,DO-C,30,0.337890625,33.7890625,node[80]
83,Nerve_root_L4_L5_sciatic_muscular_branches_of_nerve_tibial_left_05 [Sensory MRG Neuron 20.00um]  (Soleus_Sensory_Nerves_20um),Sensory MRG Neuron,20.00um,L4_L5,DO-C,30,0.337890625,33.7890625,node[80]
77,Nerve_root_L4_L5_sciatic_muscular_branches_of_nerve_tibial_left_04 [Sensory MRG Neuron 20.00um]  (Soleus_Sensory_Nerves_20um),Sensory MRG Neuron,20.00um,L4_L5,DO-C,30,0.337890625,33.7890625,node[80]
17,Nerve_root_L4_L5_muscular_branches_of_nerve_sciatic_left_03 [Sensory MRG Neuron 20.00um]  (Soleus_Sensory_Nerves_20um),Sensory MRG Neuron,20.00um,L4_L5,DO-C,30,0.33984375,33.98437500000001,node[79]
23,Nerve_root_L4_L5_muscular_branches_of_nerve_sciatic_left_04 [Sensory MRG Neuron 20.00um]  (Soleus_Sensory_Nerves_20um),Sensory MRG Neuron,20.00um,L4_L5,DO-C,30,0.33984375,33.98437500000001,node[79]
29,Nerve_root_L4_L5_muscular_branches_of_nerve_sciatic_left_05 [Sensory MRG Neuron 20.00um]  (Soleus_Sensory_Nerves_20um),Sensory MRG Neuron,20.00um,L4_L5,DO-C,30,0.34375,34.375,node[79]
10,Nerve_root_L4_L5_muscular_branches_of_nerve_sciatic_left_02 [Sensory MRG Neuron 15.00um]  (Soleus_Sensory_Nerves_15um),Sensory MRG Neuron,15.00um,L4_L5,DO-C,30,0.37109375,37.109375,node[93]
4,Nerve_root_L4_L5_muscular_branches_of_nerve_sciatic_left_01 [Sensory MRG Neuron 15.00um]  (Soleus_Sensory_Nerves_15um),Sensory MRG Neuron,15.00um,L4_L5,DO-C,30,0.37109375,37.109375,node[93]
75,Nerve_root_L4_L5_sciatic_muscular_branches_of_nerve_tibial_left_04 [Sensory MRG Neuron 10.00um]  (Soleus_Sensory_Nerves_10um),Sensory MRG Neuron,10.00um,L4_L5,DO-C,30,0.375,37.50000000000001,node[126]
57,Nerve_root_L4_L5_sciatic_muscular_branches_of_nerve_tibial_left_01 [Sensory MRG Neuron 10.00um]  (Soleus_Sensory_Nerves_10um),Sensory MRG Neuron,10.00um,L4_L5,DO-C,30,0.375,37.50000000000001,node[126]
81,Nerve_root_L4_L5_sciatic_muscular_branches_of_nerve_tibial_left_05 [Sensory MRG Neuron 10.00um]  (Soleus_Sensory_Nerves_10um),Sensory MRG Neuron,10.00um,L4_L5,DO-C,30,0.375,37.50000000000001,node[126]
69,Nerve_root_L4_L5_sciatic_muscular_branches_of_nerve_tibial_left_03 [Sensory MRG Neuron 10.00um]  (Soleus_Sensory_Nerves_10um),Sensory MRG Neuron,10.00um,L4_L5,DO-C,30,0.375,37.50000000000001,node[126]
27,Nerve_root_L4_L5_muscular_branches_of_nerve_sciatic_left_05 [Sensory MRG Neuron 10.00um]  (Soleus_Sensory_Nerves_10um),Sensory MRG Neuron,10.00um,L4_L5,DO-C,30,0.376953125,37.6953125,node[126]
123,Nerve_root_L4_L5_sciatic_nerve_tibial_left_03 [Sensory MRG Neuron 10.00um]  (Soleus_Sensory_Nerves_10um),Sensory MRG Neuron,10.00um,L4_L5,DO-C,30,0.37890625,37.89062500000001,node[126]
111,Nerve_root_L4_L5_sciatic_nerve_tibial_left_01 [Sensory MRG Neuron 10.00um]  (Soleus_Sensory_Nerves_10um),Sensory MRG Neuron,10.00um,L4_L5,DO-C,30,0.37890625,37.89062500000001,node[126]
135,Nerve_root_L4_L5_sciatic_nerve_tibial_left_05 [Sensory MRG Neuron 10.00um]  (Soleus_Sensory_Nerves_10um),Sensory MRG Neuron,10.00um,L4_L5,DO-C,30,0.37890625,37.89062500000001,node[126]
117,Nerve_root_L4_L5_sciatic_nerve_tibial_left_02 [Sensory MRG Neuron 10.00um]  (Soleus_Sensory_Nerves_10um),Sensory MRG Neuron,10.00um,L4_L5,DO-C,30,0.37890625,37.89062500000001,node[126]
129,Nerve_root_L4_L5_sciatic_nerve_tibial_left_04 [Sensory MRG Neuron 10.00um]  (Soleus_Sensory_Nerves_10um),Sensory MRG Neuron,10.00um,L4_L5,DO-C,30,0.37890625,37.89062500000001,node[126]
63,Nerve_root_L4_L5_sciatic_muscular_branches_of_nerve_tibial_left_02 [Sensory MRG Neuron 10.00um]  (Soleus_Sensory_Nerves_10um),Sensory MRG Neuron,10.00um,L4_L5,DO-C,30,0.37890625,37.89062500000001,node[126]
15,Nerve_root_L4_L5_muscular_branches_of_nerve_sciatic_left_03 [Sensory MRG Neuron 10.00um]  (Soleus_Sensory_Nerves_10um),Sensory MRG Neuron,10.00um,L4_L5,DO-C,30,0.3828125,38.28125,node[127]
21,Nerve_root_L4_L5_muscular_branches_of_nerve_sciatic_left_04 [Sensory MRG Neuron 10.00um]  (Soleus_Sensory_Nerves_10um),Sensory MRG Neuron,10.00um,L4_L5,DO-C,30,0.3828125,38.28125,node[127]
28,Nerve_root_L4_L5_muscular_branches_of_nerve_sciatic_left_05 [Sensory MRG Neuron 15.00um]  (Soleus_Sensory_Nerves_15um),Sensory MRG Neuron,15.00um,L4_L5,DO-C,30,0.3984375,39.84375000000001,node[93]
58,Nerve_root_L4_L5_sciatic_muscular_branches_of_nerve_tibial_left_01 [Sensory MRG Neuron 15.00um]  (Soleus_Sensory_Nerves_15um),Sensory MRG Neuron,15.00um,L4_L5,DO-C,30,0.40234375,40.234375,node[93]
22,Nerve_root_L4_L5_muscular_branches_of_nerve_sciatic_left_04 [Sensory MRG Neuron 15.00um]  (Soleus_Sensory_Nerves_15um),Sensory MRG Neuron,15.00um,L4_L5,DO-C,30,0.40234375,40.234375,node[94]
82,Nerve_root_L4_L5_sciatic_muscular_branches_of_nerve_tibial_left_05 [Sensory MRG Neuron 15.00um]  (Soleus_Sensory_Nerves_15um),Sensory MRG Neuron,15.00um,L4_L5,DO-C,30,0.40234375,40.234375,node[93]
16,Nerve_root_L4_L5_muscular_branches_of_nerve_sciatic_left_03 [Sensory MRG Neuron 15.00um]  (Soleus_Sensory_Nerves_15um),Sensory MRG Neuron,15.00um,L4_L5,DO-C,30,0.40234375,40.234375,node[94]
70,Nerve_root_L4_L5_sciatic_muscular_branches_of_nerve_tibial_left_03 [Sensory MRG Neuron 15.00um]  (Soleus_Sensory_Nerves_15um),Sensory MRG Neuron,15.00um,L4_L5,DO-C,30,0.40234375,40.234375,node[93]
76,Nerve_root_L4_L5_sciatic_muscular_branches_of_nerve_tibial_left_04 [Sensory MRG Neuron 15.00um]  (Soleus_Sensory_Nerves_15um),Sensory MRG Neuron,15.00um,L4_L5,DO-C,30,0.40234375,40.234375,node[93]
112,Nerve_root_L4_L5_sciatic_nerve_tibial_left_01 [Sensory MRG Neuron 15.00um]  (Soleus_Sensory_Nerves_15um),Sensory MRG Neuron,15.00um,L4_L5,DO-C,30,0.40625,40.625,node[93]
118,Nerve_root_L4_L5_sciatic_nerve_tibial_left_02 [Sensory MRG Neuron 15.00um]  (Soleus_Sensory_Nerves_15um),Sensory MRG Neuron,15.00um,L4_L5,DO-C,30,0.40625,40.625,node[93]
64,Nerve_root_L4_L5_sciatic_muscular_branches_of_nerve_tibial_left_02 [Sensory MRG Neuron 15.00um]  (Soleus_Sensory_Nerves_15um),Sensory MRG Neuron,15.00um,L4_L5,DO-C,30,0.40625,40.625,node[93]
124,Nerve_root_L4_L5_sciatic_nerve_tibial_left_03 [Sensory MRG Neuron 15.00um]  (Soleus_Sensory_Nerves_15um),Sensory MRG Neuron,15.00um,L4_L5,DO-C,30,0.40625,40.625,node[93]
136,Nerve_root_L4_L5_sciatic_nerve_tibial_left_05 [Sensory MRG Neuron 15.00um]  (Soleus_Sensory_Nerves_15um),Sensory MRG Neuron,15.00um,L4_L5,DO-C,30,0.40625,40.625,node[93]
130,Nerve_root_L4_L5_sciatic_nerve_tibial_left_04 [Sensory MRG Neuron 15.00um]  (Soleus_Sensory_Nerves_15um),Sensory MRG Neuron,15.00um,L4_L5,DO-C,30,0.40625,40.625,node[93]
128,Nerve_root_L4_L5_sciatic_nerve_tibial_left_04 [Motor MRG Neuron 20.00um]  (Soleus_Motor_Nerves_20um),Motor MRG Neuron,20.00um,L4_L5,DO-C,30,0.6015625,60.15625,node[78]
110,Nerve_root_L4_L5_sciatic_nerve_tibial_left_01 [Motor MRG Neuron 20.00um]  (Soleus_Motor_Nerves_20um),Motor MRG Neuron,20.00um,L4_L5,DO-C,30,0.6015625,60.15625,node[78]
8,Nerve_root_L4_L5_muscular_branches_of_nerve_sciatic_left_02 [Motor MRG Neuron 20.00um]  (Soleus_Motor_Nerves_20um),Motor MRG Neuron,20.00um,L4_L5,DO-C,30,0.6015625,60.15625,node[79]
116,Nerve_root_L4_L5_sciatic_nerve_tibial_left_02 [Motor MRG Neuron 20.00um]  (Soleus_Motor_Nerves_20um),Motor MRG Neuron,20.00um,L4_L5,DO-C,30,0.6015625,60.15625,node[78]
62,Nerve_root_L4_L5_sciatic_muscular_branches_of_nerve_tibial_left_02 [Motor MRG Neuron 20.00um]  (Soleus_Motor_Nerves_20um),Motor MRG Neuron,20.00um,L4_L5,DO-C,30,0.6015625,60.15625,node[78]
2,Nerve_root_L4_L5_muscular_branches_of_nerve_sciatic_left_01 [Motor MRG Neuron 20.00um]  (Soleus_Motor_Nerves_20um),Motor MRG Neuron,20.00um,L4_L5,DO-C,30,0.6015625,60.15625,node[79]
122,Nerve_root_L4_L5_sciatic_nerve_tibial_left_03 [Motor MRG Neuron 20.00um]  (Soleus_Motor_Nerves_20um),Motor MRG Neuron,20.00um,L4_L5,DO-C,30,0.6015625,60.15625,node[78]
134,Nerve_root_L4_L5_sciatic_nerve_tibial_left_05 [Motor MRG Neuron 20.00um]  (Soleus_Motor_Nerves_20um),Motor MRG Neuron,20.00um,L4_L5,DO-C,30,0.6015625,60.15625,node[78]
20,Nerve_root_L4_L5_muscular_branches_of_nerve_sciatic_left_04 [Motor MRG Neuron 20.00um]  (Soleus_Motor_Nerves_20um),Motor MRG Neuron,20.00um,L4_L5,DO-C,30,0.609375,60.93750000000001,node[78]
68,Nerve_root_L4_L5_sciatic_muscular_branches_of_nerve_tibial_left_03 [Motor MRG Neuron 20.00um]  (Soleus_Motor_Nerves_20um),Motor MRG Neuron,20.00um,L4_L5,DO-C,30,0.609375,60.93750000000001,node[78]
74,Nerve_root_L4_L5_sciatic_muscular_branches_of_nerve_tibial_left_04 [Motor MRG Neuron 20.00um]  (Soleus_Motor_Nerves_20um),Motor MRG Neuron,20.00um,L4_L5,DO-C,30,0.609375,60.93750000000001,node[78]
56,Nerve_root_L4_L5_sciatic_muscular_branches_of_nerve_tibial_left_01 [Motor MRG Neuron 20.00um]  (Soleus_Motor_Nerves_20um),Motor MRG Neuron,20.00um,L4_L5,DO-C,30,0.609375,60.93750000000001,node[78]
80,Nerve_root_L4_L5_sciatic_muscular_branches_of_nerve_tibial_left_05 [Motor MRG Neuron 20.00um]  (Soleus_Motor_Nerves_20um),Motor MRG Neuron,20.00um,L4_L5,DO-C,30,0.609375,60.93750000000001,node[78]
14,Nerve_root_L4_L5_muscular_branches_of_nerve_sciatic_left_03 [Motor MRG Neuron 20.00um]  (Soleus_Motor_Nerves_20um),Motor MRG Neuron,20.00um,L4_L5,DO-C,30,0.609375,60.93750000000001,node[78]
581,Nerve_root_S2_muscular_branches_of_nerve_sciatic_right_03 [Sensory MRG Neuron 20.00um]  (Soleus_Sensory_Nerves_20um),Sensory MRG Neuron,20.00um,S2_muscular,DO-C,30,0.61328125,61.32812500000001,node[0]
575,Nerve_root_S2_muscular_branches_of_nerve_sciatic_right_02 [Sensory MRG Neuron 20.00um]  (Soleus_Sensory_Nerves_20um),Sensory MRG Neuron,20.00um,S2_muscular,DO-C,30,0.61328125,61.32812500000001,node[0]
6,Nerve_root_L4_L5_muscular_branches_of_nerve_sciatic_left_02 [Motor MRG Neuron 10.00um]  (Soleus_Motor_Nerves_10um),Motor MRG Neuron,10.00um,L4_L5,DO-C,30,0.6171875,61.71875,node[126]
0,Nerve_root_L4_L5_muscular_branches_of_nerve_sciatic_left_01 [Motor MRG Neuron 10.00um]  (Soleus_Motor_Nerves_10um),Motor MRG Neuron,10.00um,L4_L5,DO-C,30,0.6171875,61.71875,node[126]
26,Nerve_root_L4_L5_muscular_branches_of_nerve_sciatic_left_05 [Motor MRG Neuron 20.00um]  (Soleus_Motor_Nerves_20um),Motor MRG Neuron,20.00um,L4_L5,DO-C,30,0.6171875,61.71875,node[78]
587,Nerve_root_S2_muscular_branches_of_nerve_sciatic_right_04 [Sensory MRG Neuron 20.00um]  (Soleus_Sensory_Nerves_20um),Sensory MRG Neuron,20.00um,S2_muscular,DO-C,30,0.6171875,61.71875,node[0]
569,Nerve_root_S2_muscular_branches_of_nerve_sciatic_right_01 [Sensory MRG Neuron 20.00um]  (Soleus_Sensory_Nerves_20um),Sensory MRG Neuron,20.00um,S2_muscular,DO-C,30,0.62890625,62.89062500000001,node[0]
683,Nerve_root_S2_sciatic_nerve_tibial_right_02 [Sensory MRG Neuron 20.00um]  (Soleus_Sensory_Nerves_20um),Sensory MRG Neuron,20.00um,S2_sciatic,DO-C,30,0.6328125,63.28125,node[0]
635,Nerve_root_S2_sciatic_muscular_branches_of_nerve_tibial_right_03 [Sensory MRG Neuron 20.00um]  (Soleus_Sensory_Nerves_20um),Sensory MRG Neuron,20.00um,S2_sciatic,DO-C,30,0.6328125,63.28125,node[0]
689,Nerve_root_S2_sciatic_nerve_tibial_right_03 [Sensory MRG Neuron 20.00um]  (Soleus_Sensory_Nerves_20um),Sensory MRG Neuron,20.00um,S2_sciatic,DO-C,30,0.6328125,63.28125,node[0]
695,Nerve_root_S2_sciatic_nerve_tibial_right_04 [Sensory MRG Neuron 20.00um]  (Soleus_Sensory_Nerves_20um),Sensory MRG Neuron,20.00um,S2_sciatic,DO-C,30,0.6328125,63.28125,node[0]
629,Nerve_root_S2_sciatic_muscular_branches_of_nerve_tibial_right_02 [Sensory MRG Neuron 20.00um]  (Soleus_Sensory_Nerves_20um),Sensory MRG Neuron,20.00um,S2_sciatic,DO-C,30,0.6328125,63.28125,node[0]
623,Nerve_root_S2_sciatic_muscular_branches_of_nerve_tibial_right_01 [Sensory MRG Neuron 20.00um]  (Soleus_Sensory_Nerves_20um),Sensory MRG Neuron,20.00um,S2_sciatic,DO-C,30,0.6328125,63.28125,node[0]
701,Nerve_root_S2_sciatic_nerve_tibial_right_05 [Sensory MRG Neuron 20.00um]  (Soleus_Sensory_Nerves_20um),Sensory MRG Neuron,20.00um,S2_sciatic,DO-C,30,0.6328125,63.28125,node[0]
707,Nerve_root_S2_sciatic_nerve_tibial_right_06 [Sensory MRG Neuron 20.00um]  (Soleus_Sensory_Nerves_20um),Sensory MRG Neuron,20.00um,S2_sciatic,DO-C,30,0.6328125,63.28125,node[0]
677,Nerve_root_S2_sciatic_nerve_tibial_right_01 [Sensory MRG Neuron 20.00um]  (Soleus_Sensory_Nerves_20um),Sensory MRG Neuron,20.00um,S2_sciatic,DO-C,30,0.6328125,63.28125,node[0]
641,Nerve_root_S2_sciatic_muscular_branches_of_nerve_tibial_right_04 [Sensory MRG Neuron 20.00um]  (Soleus_Sensory_Nerves_20um),Sensory MRG Neuron,20.00um,S2_sciatic,DO-C,30,0.6328125,63.28125,node[0]
713,Nerve_root_S2_sciatic_nerve_tibial_right_07 [Sensory MRG Neuron 20.00um]  (Soleus_Sensory_Nerves_20um),Sensory MRG Neuron,20.00um,S2_sciatic,DO-C,30,0.6328125,63.28125,node[0]
365,Nerve_root_S1_muscular_branches_of_nerve_sciatic_left_01 [Sensory MRG Neuron 20.00um]  (Soleus_Sensory_Nerves_20um),Sensory MRG Neuron,20.00um,S1_muscular,DO-C,30,0.640625,64.06250000000001,node[0]
383,Nerve_root_S1_muscular_branches_of_nerve_sciatic_left_05 [Sensory MRG Neuron 20.00um]  (Soleus_Sensory_Nerves_20um),Sensory MRG Neuron,20.00um,S1_muscular,DO-C,30,0.640625,64.06250000000001,node[0]
371,Nerve_root_S1_muscular_branches_of_nerve_sciatic_left_02 [Sensory MRG Neuron 20.00um]  (Soleus_Sensory_Nerves_20um),Sensory MRG Neuron,20.00um,S1_muscular,DO-C,30,0.640625,64.06250000000001,node[0]
473,Nerve_root_S1_sciatic_nerve_tibial_left_02 [Sensory MRG Neuron 20.00um]  (Soleus_Sensory_Nerves_20um),Sensory MRG Neuron,20.00um,S1_sciatic,DO-C,30,0.64453125,64.453125,node[0]
485,Nerve_root_S1_sciatic_nerve_tibial_left_04 [Sensory MRG Neuron 20.00um]  (Soleus_Sensory_Nerves_20um),Sensory MRG Neuron,20.00um,S1_sciatic,DO-C,30,0.64453125,64.453125,node[0]
479,Nerve_root_S1_sciatic_nerve_tibial_left_03 [Sensory MRG Neuron 20.00um]  (Soleus_Sensory_Nerves_20um),Sensory MRG Neuron,20.00um,S1_sciatic,DO-C,30,0.64453125,64.453125,node[0]
467,Nerve_root_S1_sciatic_nerve_tibial_left_01 [Sensory MRG Neuron 20.00um]  (Soleus_Sensory_Nerves_20um),Sensory MRG Neuron,20.00um,S1_sciatic,DO-C,30,0.64453125,64.453125,node[0]
491,Nerve_root_S1_sciatic_nerve_tibial_left_05 [Sensory MRG Neuron 20.00um]  (Soleus_Sensory_Nerves_20um),Sensory MRG Neuron,20.00um,S1_sciatic,DO-C,30,0.64453125,64.453125,node[0]
437,Nerve_root_S1_sciatic_muscular_branches_of_nerve_tibial_left_05 [Sensory MRG Neuron 20.00um]  (Soleus_Sensory_Nerves_20um),Sensory MRG Neuron,20.00um,S1_sciatic,DO-C,30,0.64453125,64.453125,node[0]
425,Nerve_root_S1_sciatic_muscular_branches_of_nerve_tibial_left_03 [Sensory MRG Neuron 20.00um]  (Soleus_Sensory_Nerves_20um),Sensory MRG Neuron,20.00um,S1_sciatic,DO-C,30,0.64453125,64.453125,node[0]
419,Nerve_root_S1_sciatic_muscular_branches_of_nerve_tibial_left_02 [Sensory MRG Neuron 20.00um]  (Soleus_Sensory_Nerves_20um),Sensory MRG Neuron,20.00um,S1_sciatic,DO-C,30,0.64453125,64.453125,node[0]
413,Nerve_root_S1_sciatic_muscular_branches_of_nerve_tibial_left_01 [Sensory MRG Neuron 20.00um]  (Soleus_Sensory_Nerves_20um),Sensory MRG Neuron,20.00um,S1_sciatic,DO-C,30,0.64453125,64.453125,node[0]
431,Nerve_root_S1_sciatic_muscular_branches_of_nerve_tibial_left_04 [Sensory MRG Neuron 20.00um]  (Soleus_Sensory_Nerves_20um),Sensory MRG Neuron,20.00um,S1_sciatic,DO-C,30,0.64453125,64.453125,node[0]
377,Nerve_root_S1_muscular_branches_of_nerve_sciatic_left_04 [Sensory MRG Neuron 20.00um]  (Soleus_Sensory_Nerves_20um),Sensory MRG Neuron,20.00um,S1_muscular,DO-C,30,0.65234375,65.234375,node[0]
389,Nerve_root_S1_muscular_branches_of_nerve_sciatic_right_01 [Sensory MRG Neuron 20.00um]  (Soleus_Sensory_Nerves_20um),Sensory MRG Neuron,20.00um,S1_muscular,DO-C,30,0.6640625,66.40625,node[0]
563,Nerve_root_S2_muscular_branches_of_nerve_sciatic_left_05 [Sensory MRG Neuron 20.00um]  (Soleus_Sensory_Nerves_20um),Sensory MRG Neuron,20.00um,S2_muscular,DO-C,30,0.66796875,66.796875,node[0]
545,Nerve_root_S2_muscular_branches_of_nerve_sciatic_left_02 [Sensory MRG Neuron 20.00um]  (Soleus_Sensory_Nerves_20um),Sensory MRG Neuron,20.00um,S2_muscular,DO-C,30,0.66796875,66.796875,node[0]
539,Nerve_root_S2_muscular_branches_of_nerve_sciatic_left_01 [Sensory MRG Neuron 20.00um]  (Soleus_Sensory_Nerves_20um),Sensory MRG Neuron,20.00um,S2_muscular,DO-C,30,0.66796875,66.796875,node[0]
593,Nerve_root_S2_sciatic_muscular_branches_of_nerve_tibial_left_01 [Sensory MRG Neuron 20.00um]  (Soleus_Sensory_Nerves_20um),Sensory MRG Neuron,20.00um,S2_sciatic,DO-C,30,0.67578125,67.578125,node[0]
401,Nerve_root_S1_muscular_branches_of_nerve_sciatic_right_03 [Sensory MRG Neuron 20.00um]  (Soleus_Sensory_Nerves_20um),Sensory MRG Neuron,20.00um,S1_muscular,DO-C,30,0.6796875,67.96875000000001,node[0]
395,Nerve_root_S1_muscular_branches_of_nerve_sciatic_right_02 [Sensory MRG Neuron 20.00um]  (Soleus_Sensory_Nerves_20um),Sensory MRG Neuron,20.00um,S1_muscular,DO-C,30,0.6796875,67.96875000000001,node[0]
1,Nerve_root_L4_L5_muscular_branches_of_nerve_sciatic_left_01 [Motor MRG Neuron 15.00um]  (Soleus_Motor_Nerves_15um),Motor MRG Neuron,15.00um,L4_L5,DO-C,30,0.68359375,68.359375,node[93]
7,Nerve_root_L4_L5_muscular_branches_of_nerve_sciatic_left_02 [Motor MRG Neuron 15.00um]  (Soleus_Motor_Nerves_15um),Motor MRG Neuron,15.00um,L4_L5,DO-C,30,0.68359375,68.359375,node[93]
551,Nerve_root_S2_muscular_branches_of_nerve_sciatic_left_03 [Sensory MRG Neuron 20.00um]  (Soleus_Sensory_Nerves_20um),Sensory MRG Neuron,20.00um,S2_muscular,DO-C,30,0.69140625,69.140625,node[0]
557,Nerve_root_S2_muscular_branches_of_nerve_sciatic_left_04 [Sensory MRG Neuron 20.00um]  (Soleus_Sensory_Nerves_20um),Sensory MRG Neuron,20.00um,S2_muscular,DO-C,30,0.69140625,69.140625,node[0]
407,Nerve_root_S1_muscular_branches_of_nerve_sciatic_right_04 [Sensory MRG Neuron 20.00um]  (Soleus_Sensory_Nerves_20um),Sensory MRG Neuron,20.00um,S1_muscular,DO-C,30,0.69140625,69.140625,node[0]
671,Nerve_root_S2_sciatic_nerve_tibial_left_05 [Sensory MRG Neuron 20.00um]  (Soleus_Sensory_Nerves_20um),Sensory MRG Neuron,20.00um,S2_sciatic,DO-C,30,0.6953125,69.53125,node[0]
665,Nerve_root_S2_sciatic_nerve_tibial_left_04 [Sensory MRG Neuron 20.00um]  (Soleus_Sensory_Nerves_20um),Sensory MRG Neuron,20.00um,S2_sciatic,DO-C,30,0.6953125,69.53125,node[0]
599,Nerve_root_S2_sciatic_muscular_branches_of_nerve_tibial_left_02 [Sensory MRG Neuron 20.00um]  (Soleus_Sensory_Nerves_20um),Sensory MRG Neuron,20.00um,S2_sciatic,DO-C,30,0.6953125,69.53125,node[0]
605,Nerve_root_S2_sciatic_muscular_branches_of_nerve_tibial_left_03 [Sensory MRG Neuron 20.00um]  (Soleus_Sensory_Nerves_20um),Sensory MRG Neuron,20.00um,S2_sciatic,DO-C,30,0.6953125,69.53125,node[0]
659,Nerve_root_S2_sciatic_nerve_tibial_left_03 [Sensory MRG Neuron 20.00um]  (Soleus_Sensory_Nerves_20um),Sensory MRG Neuron,20.00um,S2_sciatic,DO-C,30,0.6953125,69.53125,node[0]
653,Nerve_root_S2_sciatic_nerve_tibial_left_02 [Sensory MRG Neuron 20.00um]  (Soleus_Sensory_Nerves_20um),Sensory MRG Neuron,20.00um,S2_sciatic,DO-C,30,0.6953125,69.53125,node[0]
647,Nerve_root_S2_sciatic_nerve_tibial_left_01 [Sensory MRG Neuron 20.00um]  (Soleus_Sensory_Nerves_20um),Sensory MRG Neuron,20.00um,S2_sciatic,DO-C,30,0.6953125,69.53125,node[0]
611,Nerve_root_S2_sciatic_muscular_branches_of_nerve_tibial_left_04 [Sensory MRG Neuron 20.00um]  (Soleus_Sensory_Nerves_20um),Sensory MRG Neuron,20.00um,S2_sciatic,DO-C,30,0.6953125,69.53125,node[0]
617,Nerve_root_S2_sciatic_muscular_branches_of_nerve_tibial_left_05 [Sensory MRG Neuron 20.00um]  (Soleus_Sensory_Nerves_20um),Sensory MRG Neuron,20.00um,S2_sciatic,DO-C,30,0.6953125,69.53125,node[0]
515,Nerve_root_S1_sciatic_nerve_tibial_right_04 [Sensory MRG Neuron 20.00um]  (Soleus_Sensory_Nerves_20um),Sensory MRG Neuron,20.00um,S1_sciatic,DO-C,30,0.703125,70.3125,node[0]
443,Nerve_root_S1_sciatic_muscular_branches_of_nerve_tibial_right_01 [Sensory MRG Neuron 20.00um]  (Soleus_Sensory_Nerves_20um),Sensory MRG Neuron,20.00um,S1_sciatic,DO-C,30,0.703125,70.3125,node[0]
449,Nerve_root_S1_sciatic_muscular_branches_of_nerve_tibial_right_02 [Sensory MRG Neuron 20.00um]  (Soleus_Sensory_Nerves_20um),Sensory MRG Neuron,20.00um,S1_sciatic,DO-C,30,0.703125,70.3125,node[0]
455,Nerve_root_S1_sciatic_muscular_branches_of_nerve_tibial_right_03 [Sensory MRG Neuron 20.00um]  (Soleus_Sensory_Nerves_20um),Sensory MRG Neuron,20.00um,S1_sciatic,DO-C,30,0.703125,70.3125,node[0]
461,Nerve_root_S1_sciatic_muscular_branches_of_nerve_tibial_right_04 [Sensory MRG Neuron 20.00um]  (Soleus_Sensory_Nerves_20um),Sensory MRG Neuron,20.00um,S1_sciatic,DO-C,30,0.703125,70.3125,node[0]
533,Nerve_root_S1_sciatic_nerve_tibial_right_07 [Sensory MRG Neuron 20.00um]  (Soleus_Sensory_Nerves_20um),Sensory MRG Neuron,20.00um,S1_sciatic,DO-C,30,0.703125,70.3125,node[0]
497,Nerve_root_S1_sciatic_nerve_tibial_right_01 [Sensory MRG Neuron 20.00um]  (Soleus_Sensory_Nerves_20um),Sensory MRG Neuron,20.00um,S1_sciatic,DO-C,30,0.703125,70.3125,node[0]
503,Nerve_root_S1_sciatic_nerve_tibial_right_02 [Sensory MRG Neuron 20.00um]  (Soleus_Sensory_Nerves_20um),Sensory MRG Neuron,20.00um,S1_sciatic,DO-C,30,0.703125,70.3125,node[0]
527,Nerve_root_S1_sciatic_nerve_tibial_right_06 [Sensory MRG Neuron 20.00um]  (Soleus_Sensory_Nerves_20um),Sensory MRG Neuron,20.00um,S1_sciatic,DO-C,30,0.703125,70.3125,node[0]
521,Nerve_root_S1_sciatic_nerve_tibial_right_05 [Sensory MRG Neuron 20.00um]  (Soleus_Sensory_Nerves_20um),Sensory MRG Neuron,20.00um,S1_sciatic,DO-C,30,0.703125,70.3125,node[0]
509,Nerve_root_S1_sciatic_nerve_tibial_right_03 [Sensory MRG Neuron 20.00um]  (Soleus_Sensory_Nerves_20um),Sensory MRG Neuron,20.00um,S1_sciatic,DO-C,30,0.703125,70.3125,node[0]
72,Nerve_root_L4_L5_sciatic_muscular_branches_of_nerve_tibial_left_04 [Motor MRG Neuron 10.00um]  (Soleus_Motor_Nerves_10um),Motor MRG Neuron,10.00um,L4_L5,DO-C,30,0.70703125,70.703125,node[126]
66,Nerve_root_L4_L5_sciatic_muscular_branches_of_nerve_tibial_left_03 [Motor MRG Neuron 10.00um]  (Soleus_Motor_Nerves_10um),Motor MRG Neuron,10.00um,L4_L5,DO-C,30,0.70703125,70.703125,node[126]
78,Nerve_root_L4_L5_sciatic_muscular_branches_of_nerve_tibial_left_05 [Motor MRG Neuron 10.00um]  (Soleus_Motor_Nerves_10um),Motor MRG Neuron,10.00um,L4_L5,DO-C,30,0.70703125,70.703125,node[126]
54,Nerve_root_L4_L5_sciatic_muscular_branches_of_nerve_tibial_left_01 [Motor MRG Neuron 10.00um]  (Soleus_Motor_Nerves_10um),Motor MRG Neuron,10.00um,L4_L5,DO-C,30,0.70703125,70.703125,node[126]
114,Nerve_root_L4_L5_sciatic_nerve_tibial_left_02 [Motor MRG Neuron 10.00um]  (Soleus_Motor_Nerves_10um),Motor MRG Neuron,10.00um,L4_L5,DO-C,30,0.7109375,71.09375,node[126]
108,Nerve_root_L4_L5_sciatic_nerve_tibial_left_01 [Motor MRG Neuron 10.00um]  (Soleus_Motor_Nerves_10um),Motor MRG Neuron,10.00um,L4_L5,DO-C,30,0.7109375,71.09375,node[126]
60,Nerve_root_L4_L5_sciatic_muscular_branches_of_nerve_tibial_left_02 [Motor MRG Neuron 10.00um]  (Soleus_Motor_Nerves_10um),Motor MRG Neuron,10.00um,L4_L5,DO-C,30,0.7109375,71.09375,node[126]
132,Nerve_root_L4_L5_sciatic_nerve_tibial_left_05 [Motor MRG Neuron 10.00um]  (Soleus_Motor_Nerves_10um),Motor MRG Neuron,10.00um,L4_L5,DO-C,30,0.7109375,71.09375,node[126]
24,Nerve_root_L4_L5_muscular_branches_of_nerve_sciatic_left_05 [Motor MRG Neuron 10.00um]  (Soleus_Motor_Nerves_10um),Motor MRG Neuron,10.00um,L4_L5,DO-C,30,0.7109375,71.09375,node[126]
126,Nerve_root_L4_L5_sciatic_nerve_tibial_left_04 [Motor MRG Neuron 10.00um]  (Soleus_Motor_Nerves_10um),Motor MRG Neuron,10.00um,L4_L5,DO-C,30,0.7109375,71.09375,node[126]
120,Nerve_root_L4_L5_sciatic_nerve_tibial_left_03 [Motor MRG Neuron 10.00um]  (Soleus_Motor_Nerves_10um),Motor MRG Neuron,10.00um,L4_L5,DO-C,30,0.7109375,71.09375,node[126]
18,Nerve_root_L4_L5_muscular_branches_of_nerve_sciatic_left_04 [Motor MRG Neuron 10.00um]  (Soleus_Motor_Nerves_10um),Motor MRG Neuron,10.00um,L4_L5,DO-C,30,0.71875,71.87500000000001,node[126]
12,Nerve_root_L4_L5_muscular_branches_of_nerve_sciatic_left_03 [Motor MRG Neuron 10.00um]  (Soleus_Motor_Nerves_10um),Motor MRG Neuron,10.00um,L4_L5,DO-C,30,0.71875,71.87500000000001,node[126]
25,Nerve_root_L4_L5_muscular_branches_of_nerve_sciatic_left_05 [Motor MRG Neuron 15.00um]  (Soleus_Motor_Nerves_15um),Motor MRG Neuron,15.00um,L4_L5,DO-C,30,0.76171875,76.171875,node[93]
79,Nerve_root_L4_L5_sciatic_muscular_branches_of_nerve_tibial_left_05 [Motor MRG Neuron 15.00um]  (Soleus_Motor_Nerves_15um),Motor MRG Neuron,15.00um,L4_L5,DO-C,30,0.765625,76.5625,node[93]
73,Nerve_root_L4_L5_sciatic_muscular_branches_of_nerve_tibial_left_04 [Motor MRG Neuron 15.00um]  (Soleus_Motor_Nerves_15um),Motor MRG Neuron,15.00um,L4_L5,DO-C,30,0.765625,76.5625,node[93]
67,Nerve_root_L4_L5_sciatic_muscular_branches_of_nerve_tibial_left_03 [Motor MRG Neuron 15.00um]  (Soleus_Motor_Nerves_15um),Motor MRG Neuron,15.00um,L4_L5,DO-C,30,0.765625,76.5625,node[93]
55,Nerve_root_L4_L5_sciatic_muscular_branches_of_nerve_tibial_left_01 [Motor MRG Neuron 15.00um]  (Soleus_Motor_Nerves_15um),Motor MRG Neuron,15.00um,L4_L5,DO-C,30,0.765625,76.5625,node[93]
13,Nerve_root_L4_L5_muscular_branches_of_nerve_sciatic_left_03 [Motor MRG Neuron 15.00um]  (Soleus_Motor_Nerves_15um),Motor MRG Neuron,15.00um,L4_L5,DO-C,30,0.76953125,76.95312500000001,node[93]
19,Nerve_root_L4_L5_muscular_branches_of_nerve_sciatic_left_04 [Motor MRG Neuron 15.00um]  (Soleus_Motor_Nerves_15um),Motor MRG Neuron,15.00um,L4_L5,DO-C,30,0.76953125,76.95312500000001,node[93]
61,Nerve_root_L4_L5_sciatic_muscular_branches_of_nerve_tibial_left_02 [Motor MRG Neuron 15.00um]  (Soleus_Motor_Nerves_15um),Motor MRG Neuron,15.00um,L4_L5,DO-C,30,0.7734375,77.34375,node[93]
121,Nerve_root_L4_L5_sciatic_nerve_tibial_left_03 [Motor MRG Neuron 15.00um]  (Soleus_Motor_Nerves_15um),Motor MRG Neuron,15.00um,L4_L5,DO-C,30,0.7734375,77.34375,node[93]
133,Nerve_root_L4_L5_sciatic_nerve_tibial_left_05 [Motor MRG Neuron 15.00um]  (Soleus_Motor_Nerves_15um),Motor MRG Neuron,15.00um,L4_L5,DO-C,30,0.7734375,77.34375,node[93]
127,Nerve_root_L4_L5_sciatic_nerve_tibial_left_04 [Motor MRG Neuron 15.00um]  (Soleus_Motor_Nerves_15um),Motor MRG Neuron,15.00um,L4_L5,DO-C,30,0.7734375,77.34375,node[93]
115,Nerve_root_L4_L5_sciatic_nerve_tibial_left_02 [Motor MRG Neuron 15.00um]  (Soleus_Motor_Nerves_15um),Motor MRG Neuron,15.00um,L4_L5,DO-C,30,0.7734375,77.34375,node[93]
109,Nerve_root_L4_L5_sciatic_nerve_tibial_left_01 [Motor MRG Neuron 15.00um]  (Soleus_Motor_Nerves_15um),Motor MRG Neuron,15.00um,L4_L5,DO-C,30,0.7734375,77.34375,node[93]
568,Nerve_root_S2_muscular_branches_of_nerve_sciatic_right_01 [Sensory MRG Neuron 15.00um]  (Soleus_Sensory_Nerves_15um),Sensory MRG Neuron,15.00um,S2_muscular,DO-C,30,0.7890625,78.90625000000001,node[0]
640,Nerve_root_S2_sciatic_muscular_branches_of_nerve_tibial_right_04 [Sensory MRG Neuron 15.00um]  (Soleus_Sensory_Nerves_15um),Sensory MRG Neuron,15.00um,S2_sciatic,DO-C,30,0.796875,79.68750000000001,node[0]
622,Nerve_root_S2_sciatic_muscular_branches_of_nerve_tibial_right_01 [Sensory MRG Neuron 15.00um]  (Soleus_Sensory_Nerves_15um),Sensory MRG Neuron,15.00um,S2_sciatic,DO-C,30,0.796875,79.68750000000001,node[0]
628,Nerve_root_S2_sciatic_muscular_branches_of_nerve_tibial_right_02 [Sensory MRG Neuron 15.00um]  (Soleus_Sensory_Nerves_15um),Sensory MRG Neuron,15.00um,S2_sciatic,DO-C,30,0.796875,79.68750000000001,node[0]
682,Nerve_root_S2_sciatic_nerve_tibial_right_02 [Sensory MRG Neuron 15.00um]  (Soleus_Sensory_Nerves_15um),Sensory MRG Neuron,15.00um,S2_sciatic,DO-C,30,0.796875,79.68750000000001,node[0]
676,Nerve_root_S2_sciatic_nerve_tibial_right_01 [Sensory MRG Neuron 15.00um]  (Soleus_Sensory_Nerves_15um),Sensory MRG Neuron,15.00um,S2_sciatic,DO-C,30,0.796875,79.68750000000001,node[0]
634,Nerve_root_S2_sciatic_muscular_branches_of_nerve_tibial_right_03 [Sensory MRG Neuron 15.00um]  (Soleus_Sensory_Nerves_15um),Sensory MRG Neuron,15.00um,S2_sciatic,DO-C,30,0.796875,79.68750000000001,node[0]
688,Nerve_root_S2_sciatic_nerve_tibial_right_03 [Sensory MRG Neuron 15.00um]  (Soleus_Sensory_Nerves_15um),Sensory MRG Neuron,15.00um,S2_sciatic,DO-C,30,0.796875,79.68750000000001,node[0]
712,Nerve_root_S2_sciatic_nerve_tibial_right_07 [Sensory MRG Neuron 15.00um]  (Soleus_Sensory_Nerves_15um),Sensory MRG Neuron,15.00um,S2_sciatic,DO-C,30,0.796875,79.68750000000001,node[0]
694,Nerve_root_S2_sciatic_nerve_tibial_right_04 [Sensory MRG Neuron 15.00um]  (Soleus_Sensory_Nerves_15um),Sensory MRG Neuron,15.00um,S2_sciatic,DO-C,30,0.796875,79.68750000000001,node[0]
700,Nerve_root_S2_sciatic_nerve_tibial_right_05 [Sensory MRG Neuron 15.00um]  (Soleus_Sensory_Nerves_15um),Sensory MRG Neuron,15.00um,S2_sciatic,DO-C,30,0.796875,79.68750000000001,node[0]
706,Nerve_root_S2_sciatic_nerve_tibial_right_06 [Sensory MRG Neuron 15.00um]  (Soleus_Sensory_Nerves_15um),Sensory MRG Neuron,15.00um,S2_sciatic,DO-C,30,0.796875,79.68750000000001,node[0]
233,Nerve_root_L5_muscular_branches_of_nerve_sciatic_right_04 [Sensory MRG Neuron 20.00um]  (Soleus_Sensory_Nerves_20um),Sensory MRG Neuron,20.00um,L5_muscular,DO-C,30,0.8046875,80.46875,node[0]
472,Nerve_root_S1_sciatic_nerve_tibial_left_02 [Sensory MRG Neuron 15.00um]  (Soleus_Sensory_Nerves_15um),Sensory MRG Neuron,15.00um,S1_sciatic,DO-C,30,0.8125,81.25,node[0]
466,Nerve_root_S1_sciatic_nerve_tibial_left_01 [Sensory MRG Neuron 15.00um]  (Soleus_Sensory_Nerves_15um),Sensory MRG Neuron,15.00um,S1_sciatic,DO-C,30,0.8125,81.25,node[0]
484,Nerve_root_S1_sciatic_nerve_tibial_left_04 [Sensory MRG Neuron 15.00um]  (Soleus_Sensory_Nerves_15um),Sensory MRG Neuron,15.00um,S1_sciatic,DO-C,30,0.8125,81.25,node[0]
490,Nerve_root_S1_sciatic_nerve_tibial_left_05 [Sensory MRG Neuron 15.00um]  (Soleus_Sensory_Nerves_15um),Sensory MRG Neuron,15.00um,S1_sciatic,DO-C,30,0.8125,81.25,node[0]
215,Nerve_root_L5_muscular_branches_of_nerve_sciatic_right_01 [Sensory MRG Neuron 20.00um]  (Soleus_Sensory_Nerves_20um),Sensory MRG Neuron,20.00um,L5_muscular,DO-C,30,0.8125,81.25,node[0]
478,Nerve_root_S1_sciatic_nerve_tibial_left_03 [Sensory MRG Neuron 15.00um]  (Soleus_Sensory_Nerves_15um),Sensory MRG Neuron,15.00um,S1_sciatic,DO-C,30,0.8125,81.25,node[0]
418,Nerve_root_S1_sciatic_muscular_branches_of_nerve_tibial_left_02 [Sensory MRG Neuron 15.00um]  (Soleus_Sensory_Nerves_15um),Sensory MRG Neuron,15.00um,S1_sciatic,DO-C,30,0.8125,81.25,node[0]
430,Nerve_root_S1_sciatic_muscular_branches_of_nerve_tibial_left_04 [Sensory MRG Neuron 15.00um]  (Soleus_Sensory_Nerves_15um),Sensory MRG Neuron,15.00um,S1_sciatic,DO-C,30,0.8125,81.25,node[0]
412,Nerve_root_S1_sciatic_muscular_branches_of_nerve_tibial_left_01 [Sensory MRG Neuron 15.00um]  (Soleus_Sensory_Nerves_15um),Sensory MRG Neuron,15.00um,S1_sciatic,DO-C,30,0.8125,81.25,node[0]
436,Nerve_root_S1_sciatic_muscular_branches_of_nerve_tibial_left_05 [Sensory MRG Neuron 15.00um]  (Soleus_Sensory_Nerves_15um),Sensory MRG Neuron,15.00um,S1_sciatic,DO-C,30,0.8125,81.25,node[0]
424,Nerve_root_S1_sciatic_muscular_branches_of_nerve_tibial_left_03 [Sensory MRG Neuron 15.00um]  (Soleus_Sensory_Nerves_15um),Sensory MRG Neuron,15.00um,S1_sciatic,DO-C,30,0.8125,81.25,node[0]
382,Nerve_root_S1_muscular_branches_of_nerve_sciatic_left_05 [Sensory MRG Neuron 15.00um]  (Soleus_Sensory_Nerves_15um),Sensory MRG Neuron,15.00um,S1_muscular,DO-C,30,0.8125,81.25,node[0]
376,Nerve_root_S1_muscular_branches_of_nerve_sciatic_left_04 [Sensory MRG Neuron 15.00um]  (Soleus_Sensory_Nerves_15um),Sensory MRG Neuron,15.00um,S1_muscular,DO-C,30,0.8125,81.25,node[0]
586,Nerve_root_S2_muscular_branches_of_nerve_sciatic_right_04 [Sensory MRG Neuron 15.00um]  (Soleus_Sensory_Nerves_15um),Sensory MRG Neuron,15.00um,S2_muscular,DO-C,30,0.8203125,82.03125,node[0]
221,Nerve_root_L5_muscular_branches_of_nerve_sciatic_right_02 [Sensory MRG Neuron 20.00um]  (Soleus_Sensory_Nerves_20um),Sensory MRG Neuron,20.00um,L5_muscular,DO-C,30,0.8203125,82.03125,node[0]
580,Nerve_root_S2_muscular_branches_of_nerve_sciatic_right_03 [Sensory MRG Neuron 15.00um]  (Soleus_Sensory_Nerves_15um),Sensory MRG Neuron,15.00um,S2_muscular,DO-C,30,0.8203125,82.03125,node[0]
574,Nerve_root_S2_muscular_branches_of_nerve_sciatic_right_02 [Sensory MRG Neuron 15.00um]  (Soleus_Sensory_Nerves_15um),Sensory MRG Neuron,15.00um,S2_muscular,DO-C,30,0.8203125,82.03125,node[0]
239,Nerve_root_L5_sciatic_muscular_branches_of_nerve_tibial_left_01 [Sensory MRG Neuron 20.00um]  (Soleus_Sensory_Nerves_20um),Sensory MRG Neuron,20.00um,L5_sciatic,DO-C,30,0.828125,82.81250000000001,node[0]
203,Nerve_root_L5_muscular_branches_of_nerve_sciatic_left_04 [Sensory MRG Neuron 20.00um]  (Soleus_Sensory_Nerves_20um),Sensory MRG Neuron,20.00um,L5_muscular,DO-C,30,0.828125,82.81250000000001,node[0]
191,Nerve_root_L5_muscular_branches_of_nerve_sciatic_left_02 [Sensory MRG Neuron 20.00um]  (Soleus_Sensory_Nerves_20um),Sensory MRG Neuron,20.00um,L5_muscular,DO-C,30,0.828125,82.81250000000001,node[0]
185,Nerve_root_L5_muscular_branches_of_nerve_sciatic_left_01 [Sensory MRG Neuron 20.00um]  (Soleus_Sensory_Nerves_20um),Sensory MRG Neuron,20.00um,L5_muscular,DO-C,30,0.828125,82.81250000000001,node[0]
370,Nerve_root_S1_muscular_branches_of_nerve_sciatic_left_02 [Sensory MRG Neuron 15.00um]  (Soleus_Sensory_Nerves_15um),Sensory MRG Neuron,15.00um,S1_muscular,DO-C,30,0.8359375,83.59375000000001,node[0]
227,Nerve_root_L5_muscular_branches_of_nerve_sciatic_right_03 [Sensory MRG Neuron 20.00um]  (Soleus_Sensory_Nerves_20um),Sensory MRG Neuron,20.00um,L5_muscular,DO-C,30,0.8359375,83.59375000000001,node[0]
364,Nerve_root_S1_muscular_branches_of_nerve_sciatic_left_01 [Sensory MRG Neuron 15.00um]  (Soleus_Sensory_Nerves_15um),Sensory MRG Neuron,15.00um,S1_muscular,DO-C,30,0.8359375,83.59375000000001,node[0]
359,Nerve_root_L5_sciatic_nerve_tibial_right_07 [Sensory MRG Neuron 20.00um]  (Soleus_Sensory_Nerves_20um),Sensory MRG Neuron,20.00um,L5_sciatic,DO-C,30,0.84375,84.375,node[0]
275,Nerve_root_L5_sciatic_muscular_branches_of_nerve_tibial_right_02 [Sensory MRG Neuron 20.00um]  (Soleus_Sensory_Nerves_20um),Sensory MRG Neuron,20.00um,L5_sciatic,DO-C,30,0.84375,84.375,node[0]
269,Nerve_root_L5_sciatic_muscular_branches_of_nerve_tibial_right_01 [Sensory MRG Neuron 20.00um]  (Soleus_Sensory_Nerves_20um),Sensory MRG Neuron,20.00um,L5_sciatic,DO-C,30,0.84375,84.375,node[0]
347,Nerve_root_L5_sciatic_nerve_tibial_right_05 [Sensory MRG Neuron 20.00um]  (Soleus_Sensory_Nerves_20um),Sensory MRG Neuron,20.00um,L5_sciatic,DO-C,30,0.84375,84.375,node[0]
323,Nerve_root_L5_sciatic_nerve_tibial_right_01 [Sensory MRG Neuron 20.00um]  (Soleus_Sensory_Nerves_20um),Sensory MRG Neuron,20.00um,L5_sciatic,DO-C,30,0.84375,84.375,node[0]
341,Nerve_root_L5_sciatic_nerve_tibial_right_04 [Sensory MRG Neuron 20.00um]  (Soleus_Sensory_Nerves_20um),Sensory MRG Neuron,20.00um,L5_sciatic,DO-C,30,0.84375,84.375,node[0]
335,Nerve_root_L5_sciatic_nerve_tibial_right_03 [Sensory MRG Neuron 20.00um]  (Soleus_Sensory_Nerves_20um),Sensory MRG Neuron,20.00um,L5_sciatic,DO-C,30,0.84375,84.375,node[0]
287,Nerve_root_L5_sciatic_muscular_branches_of_nerve_tibial_right_04 [Sensory MRG Neuron 20.00um]  (Soleus_Sensory_Nerves_20um),Sensory MRG Neuron,20.00um,L5_sciatic,DO-C,30,0.84375,84.375,node[0]
329,Nerve_root_L5_sciatic_nerve_tibial_right_02 [Sensory MRG Neuron 20.00um]  (Soleus_Sensory_Nerves_20um),Sensory MRG Neuron,20.00um,L5_sciatic,DO-C,30,0.84375,84.375,node[0]
353,Nerve_root_L5_sciatic_nerve_tibial_right_06 [Sensory MRG Neuron 20.00um]  (Soleus_Sensory_Nerves_20um),Sensory MRG Neuron,20.00um,L5_sciatic,DO-C,30,0.84375,84.375,node[0]
281,Nerve_root_L5_sciatic_muscular_branches_of_nerve_tibial_right_03 [Sensory MRG Neuron 20.00um]  (Soleus_Sensory_Nerves_20um),Sensory MRG Neuron,20.00um,L5_sciatic,DO-C,30,0.84375,84.375,node[0]
251,Nerve_root_L5_sciatic_muscular_branches_of_nerve_tibial_left_03 [Sensory MRG Neuron 20.00um]  (Soleus_Sensory_Nerves_20um),Sensory MRG Neuron,20.00um,L5_sciatic,DO-C,30,0.8515625,85.15625,node[0]
245,Nerve_root_L5_sciatic_muscular_branches_of_nerve_tibial_left_02 [Sensory MRG Neuron 20.00um]  (Soleus_Sensory_Nerves_20um),Sensory MRG Neuron,20.00um,L5_sciatic,DO-C,30,0.8515625,85.15625,node[0]
257,Nerve_root_L5_sciatic_muscular_branches_of_nerve_tibial_left_04 [Sensory MRG Neuron 20.00um]  (Soleus_Sensory_Nerves_20um),Sensory MRG Neuron,20.00um,L5_sciatic,DO-C,30,0.8515625,85.15625,node[0]
305,Nerve_root_L5_sciatic_nerve_tibial_left_03 [Sensory MRG Neuron 20.00um]  (Soleus_Sensory_Nerves_20um),Sensory MRG Neuron,20.00um,L5_sciatic,DO-C,30,0.8515625,85.15625,node[0]
263,Nerve_root_L5_sciatic_muscular_branches_of_nerve_tibial_left_05 [Sensory MRG Neuron 20.00um]  (Soleus_Sensory_Nerves_20um),Sensory MRG Neuron,20.00um,L5_sciatic,DO-C,30,0.8515625,85.15625,node[0]
299,Nerve_root_L5_sciatic_nerve_tibial_left_02 [Sensory MRG Neuron 20.00um]  (Soleus_Sensory_Nerves_20um),Sensory MRG Neuron,20.00um,L5_sciatic,DO-C,30,0.8515625,85.15625,node[0]
293,Nerve_root_L5_sciatic_nerve_tibial_left_01 [Sensory MRG Neuron 20.00um]  (Soleus_Sensory_Nerves_20um),Sensory MRG Neuron,20.00um,L5_sciatic,DO-C,30,0.8515625,85.15625,node[0]
197,Nerve_root_L5_muscular_branches_of_nerve_sciatic_left_03 [Sensory MRG Neuron 20.00um]  (Soleus_Sensory_Nerves_20um),Sensory MRG Neuron,20.00um,L5_muscular,DO-C,30,0.8515625,85.15625,node[0]
317,Nerve_root_L5_sciatic_nerve_tibial_left_05 [Sensory MRG Neuron 20.00um]  (Soleus_Sensory_Nerves_20um),Sensory MRG Neuron,20.00um,L5_sciatic,DO-C,30,0.8515625,85.15625,node[0]
311,Nerve_root_L5_sciatic_nerve_tibial_left_04 [Sensory MRG Neuron 20.00um]  (Soleus_Sensory_Nerves_20um),Sensory MRG Neuron,20.00um,L5_sciatic,DO-C,30,0.8515625,85.15625,node[0]
209,Nerve_root_L5_muscular_branches_of_nerve_sciatic_left_05 [Sensory MRG Neuron 20.00um]  (Soleus_Sensory_Nerves_20um),Sensory MRG Neuron,20.00um,L5_muscular,DO-C,30,0.859375,85.9375,node[0]
394,Nerve_root_S1_muscular_branches_of_nerve_sciatic_right_02 [Sensory MRG Neuron 15.00um]  (Soleus_Sensory_Nerves_15um),Sensory MRG Neuron,15.00um,S1_muscular,DO-C,30,0.8671875,86.71875000000001,node[0]
400,Nerve_root_S1_muscular_branches_of_nerve_sciatic_right_03 [Sensory MRG Neuron 15.00um]  (Soleus_Sensory_Nerves_15um),Sensory MRG Neuron,15.00um,S1_muscular,DO-C,30,0.8671875,86.71875000000001,node[0]
406,Nerve_root_S1_muscular_branches_of_nerve_sciatic_right_04 [Sensory MRG Neuron 15.00um]  (Soleus_Sensory_Nerves_15um),Sensory MRG Neuron,15.00um,S1_muscular,DO-C,30,0.890625,89.0625,node[0]
538,Nerve_root_S2_muscular_branches_of_nerve_sciatic_left_01 [Sensory MRG Neuron 15.00um]  (Soleus_Sensory_Nerves_15um),Sensory MRG Neuron,15.00um,S2_muscular,DO-C,30,0.890625,89.0625,node[0]
544,Nerve_root_S2_muscular_branches_of_nerve_sciatic_left_02 [Sensory MRG Neuron 15.00um]  (Soleus_Sensory_Nerves_15um),Sensory MRG Neuron,15.00um,S2_muscular,DO-C,30,0.890625,89.0625,node[0]
388,Nerve_root_S1_muscular_branches_of_nerve_sciatic_right_01 [Sensory MRG Neuron 15.00um]  (Soleus_Sensory_Nerves_15um),Sensory MRG Neuron,15.00um,S1_muscular,DO-C,30,0.890625,89.0625,node[0]
448,Nerve_root_S1_sciatic_muscular_branches_of_nerve_tibial_right_02 [Sensory MRG Neuron 15.00um]  (Soleus_Sensory_Nerves_15um),Sensory MRG Neuron,15.00um,S1_sciatic,DO-C,30,0.8984375,89.84375,node[0]
454,Nerve_root_S1_sciatic_muscular_branches_of_nerve_tibial_right_03 [Sensory MRG Neuron 15.00um]  (Soleus_Sensory_Nerves_15um),Sensory MRG Neuron,15.00um,S1_sciatic,DO-C,30,0.8984375,89.84375,node[0]
460,Nerve_root_S1_sciatic_muscular_branches_of_nerve_tibial_right_04 [Sensory MRG Neuron 15.00um]  (Soleus_Sensory_Nerves_15um),Sensory MRG Neuron,15.00um,S1_sciatic,DO-C,30,0.8984375,89.84375,node[0]
442,Nerve_root_S1_sciatic_muscular_branches_of_nerve_tibial_right_01 [Sensory MRG Neuron 15.00um]  (Soleus_Sensory_Nerves_15um),Sensory MRG Neuron,15.00um,S1_sciatic,DO-C,30,0.8984375,89.84375,node[0]
550,Nerve_root_S2_muscular_branches_of_nerve_sciatic_left_03 [Sensory MRG Neuron 15.00um]  (Soleus_Sensory_Nerves_15um),Sensory MRG Neuron,15.00um,S2_muscular,DO-C,30,0.8984375,89.84375,node[0]
514,Nerve_root_S1_sciatic_nerve_tibial_right_04 [Sensory MRG Neuron 15.00um]  (Soleus_Sensory_Nerves_15um),Sensory MRG Neuron,15.00um,S1_sciatic,DO-C,30,0.8984375,89.84375,node[0]
502,Nerve_root_S1_sciatic_nerve_tibial_right_02 [Sensory MRG Neuron 15.00um]  (Soleus_Sensory_Nerves_15um),Sensory MRG Neuron,15.00um,S1_sciatic,DO-C,30,0.8984375,89.84375,node[0]
556,Nerve_root_S2_muscular_branches_of_nerve_sciatic_left_04 [Sensory MRG Neuron 15.00um]  (Soleus_Sensory_Nerves_15um),Sensory MRG Neuron,15.00um,S2_muscular,DO-C,30,0.8984375,89.84375,node[0]
532,Nerve_root_S1_sciatic_nerve_tibial_right_07 [Sensory MRG Neuron 15.00um]  (Soleus_Sensory_Nerves_15um),Sensory MRG Neuron,15.00um,S1_sciatic,DO-C,30,0.8984375,89.84375,node[0]
508,Nerve_root_S1_sciatic_nerve_tibial_right_03 [Sensory MRG Neuron 15.00um]  (Soleus_Sensory_Nerves_15um),Sensory MRG Neuron,15.00um,S1_sciatic,DO-C,30,0.8984375,89.84375,node[0]
526,Nerve_root_S1_sciatic_nerve_tibial_right_06 [Sensory MRG Neuron 15.00um]  (Soleus_Sensory_Nerves_15um),Sensory MRG Neuron,15.00um,S1_sciatic,DO-C,30,0.8984375,89.84375,node[0]
520,Nerve_root_S1_sciatic_nerve_tibial_right_05 [Sensory MRG Neuron 15.00um]  (Soleus_Sensory_Nerves_15um),Sensory MRG Neuron,15.00um,S1_sciatic,DO-C,30,0.8984375,89.84375,node[0]
496,Nerve_root_S1_sciatic_nerve_tibial_right_01 [Sensory MRG Neuron 15.00um]  (Soleus_Sensory_Nerves_15um),Sensory MRG Neuron,15.00um,S1_sciatic,DO-C,30,0.8984375,89.84375,node[0]
646,Nerve_root_S2_sciatic_nerve_tibial_left_01 [Sensory MRG Neuron 15.00um]  (Soleus_Sensory_Nerves_15um),Sensory MRG Neuron,15.00um,S2_sciatic,DO-C,30,0.90625,90.62500000000001,node[0]
658,Nerve_root_S2_sciatic_nerve_tibial_left_03 [Sensory MRG Neuron 15.00um]  (Soleus_Sensory_Nerves_15um),Sensory MRG Neuron,15.00um,S2_sciatic,DO-C,30,0.90625,90.62500000000001,node[0]
664,Nerve_root_S2_sciatic_nerve_tibial_left_04 [Sensory MRG Neuron 15.00um]  (Soleus_Sensory_Nerves_15um),Sensory MRG Neuron,15.00um,S2_sciatic,DO-C,30,0.90625,90.62500000000001,node[0]
670,Nerve_root_S2_sciatic_nerve_tibial_left_05 [Sensory MRG Neuron 15.00um]  (Soleus_Sensory_Nerves_15um),Sensory MRG Neuron,15.00um,S2_sciatic,DO-C,30,0.90625,90.62500000000001,node[0]
592,Nerve_root_S2_sciatic_muscular_branches_of_nerve_tibial_left_01 [Sensory MRG Neuron 15.00um]  (Soleus_Sensory_Nerves_15um),Sensory MRG Neuron,15.00um,S2_sciatic,DO-C,30,0.90625,90.62500000000001,node[0]
616,Nerve_root_S2_sciatic_muscular_branches_of_nerve_tibial_left_05 [Sensory MRG Neuron 15.00um]  (Soleus_Sensory_Nerves_15um),Sensory MRG Neuron,15.00um,S2_sciatic,DO-C,30,0.90625,90.62500000000001,node[0]
610,Nerve_root_S2_sciatic_muscular_branches_of_nerve_tibial_left_04 [Sensory MRG Neuron 15.00um]  (Soleus_Sensory_Nerves_15um),Sensory MRG Neuron,15.00um,S2_sciatic,DO-C,30,0.90625,90.62500000000001,node[0]
604,Nerve_root_S2_sciatic_muscular_branches_of_nerve_tibial_left_03 [Sensory MRG Neuron 15.00um]  (Soleus_Sensory_Nerves_15um),Sensory MRG Neuron,15.00um,S2_sciatic,DO-C,30,0.90625,90.62500000000001,node[0]
598,Nerve_root_S2_sciatic_muscular_branches_of_nerve_tibial_left_02 [Sensory MRG Neuron 15.00um]  (Soleus_Sensory_Nerves_15um),Sensory MRG Neuron,15.00um,S2_sciatic,DO-C,30,0.90625,90.62500000000001,node[0]
652,Nerve_root_S2_sciatic_nerve_tibial_left_02 [Sensory MRG Neuron 15.00um]  (Soleus_Sensory_Nerves_15um),Sensory MRG Neuron,15.00um,S2_sciatic,DO-C,30,0.90625,90.62500000000001,node[0]
562,Nerve_root_S2_muscular_branches_of_nerve_sciatic_left_05 [Sensory MRG Neuron 15.00um]  (Soleus_Sensory_Nerves_15um),Sensory MRG Neuron,15.00um,S2_muscular,DO-C,30,0.921875,92.1875,node[0]
143,Nerve_root_L4_L5_sciatic_nerve_tibial_right_01 [Sensory MRG Neuron 20.00um]  (Soleus_Sensory_Nerves_20um),Sensory MRG Neuron,20.00um,L4_L5,DO-C,30,0.9375,93.75,node[0]
155,Nerve_root_L4_L5_sciatic_nerve_tibial_right_03 [Sensory MRG Neuron 20.00um]  (Soleus_Sensory_Nerves_20um),Sensory MRG Neuron,20.00um,L4_L5,DO-C,30,0.9375,93.75,node[0]
41,Nerve_root_L4_L5_muscular_branches_of_nerve_sciatic_right_02 [Sensory MRG Neuron 20.00um]  (Soleus_Sensory_Nerves_20um),Sensory MRG Neuron,20.00um,L4_L5,DO-C,30,0.9375,93.75,node[0]
149,Nerve_root_L4_L5_sciatic_nerve_tibial_right_02 [Sensory MRG Neuron 20.00um]  (Soleus_Sensory_Nerves_20um),Sensory MRG Neuron,20.00um,L4_L5,DO-C,30,0.9375,93.75,node[0]
35,Nerve_root_L4_L5_muscular_branches_of_nerve_sciatic_right_01 [Sensory MRG Neuron 20.00um]  (Soleus_Sensory_Nerves_20um),Sensory MRG Neuron,20.00um,L4_L5,DO-C,30,0.9375,93.75,node[0]
179,Nerve_root_L4_L5_sciatic_nerve_tibial_right_07 [Sensory MRG Neuron 20.00um]  (Soleus_Sensory_Nerves_20um),Sensory MRG Neuron,20.00um,L4_L5,DO-C,30,0.9375,93.75,node[0]
161,Nerve_root_L4_L5_sciatic_nerve_tibial_right_04 [Sensory MRG Neuron 20.00um]  (Soleus_Sensory_Nerves_20um),Sensory MRG Neuron,20.00um,L4_L5,DO-C,30,0.9375,93.75,node[0]
95,Nerve_root_L4_L5_sciatic_muscular_branches_of_nerve_tibial_right_02 [Sensory MRG Neuron 20.00um]  (Soleus_Sensory_Nerves_20um),Sensory MRG Neuron,20.00um,L4_L5,DO-C,30,0.9375,93.75,node[0]
167,Nerve_root_L4_L5_sciatic_nerve_tibial_right_05 [Sensory MRG Neuron 20.00um]  (Soleus_Sensory_Nerves_20um),Sensory MRG Neuron,20.00um,L4_L5,DO-C,30,0.9375,93.75,node[0]
173,Nerve_root_L4_L5_sciatic_nerve_tibial_right_06 [Sensory MRG Neuron 20.00um]  (Soleus_Sensory_Nerves_20um),Sensory MRG Neuron,20.00um,L4_L5,DO-C,30,0.9375,93.75,node[0]
107,Nerve_root_L4_L5_sciatic_muscular_branches_of_nerve_tibial_right_04 [Sensory MRG Neuron 20.00um]  (Soleus_Sensory_Nerves_20um),Sensory MRG Neuron,20.00um,L4_L5,DO-C,30,0.9375,93.75,node[0]
101,Nerve_root_L4_L5_sciatic_muscular_branches_of_nerve_tibial_right_03 [Sensory MRG Neuron 20.00um]  (Soleus_Sensory_Nerves_20um),Sensory MRG Neuron,20.00um,L4_L5,DO-C,30,0.9375,93.75,node[0]
47,Nerve_root_L4_L5_muscular_branches_of_nerve_sciatic_right_03 [Sensory MRG Neuron 20.00um]  (Soleus_Sensory_Nerves_20um),Sensory MRG Neuron,20.00um,L4_L5,DO-C,30,0.9375,93.75,node[0]
89,Nerve_root_L4_L5_sciatic_muscular_branches_of_nerve_tibial_right_01 [Sensory MRG Neuron 20.00um]  (Soleus_Sensory_Nerves_20um),Sensory MRG Neuron,20.00um,L4_L5,DO-C,30,0.9375,93.75,node[0]
53,Nerve_root_L4_L5_muscular_branches_of_nerve_sciatic_right_04 [Sensory MRG Neuron 20.00um]  (Soleus_Sensory_Nerves_20um),Sensory MRG Neuron,20.00um,L4_L5,DO-C,30,0.9453125,94.53125000000001,node[0]
220,Nerve_root_L5_muscular_branches_of_nerve_sciatic_right_02 [Sensory MRG Neuron 15.00um]  (Soleus_Sensory_Nerves_15um),Sensory MRG Neuron,15.00um,L5_muscular,DO-C,30,1.0859375,108.59375,node[0]
214,Nerve_root_L5_muscular_branches_of_nerve_sciatic_right_01 [Sensory MRG Neuron 15.00um]  (Soleus_Sensory_Nerves_15um),Sensory MRG Neuron,15.00um,L5_muscular,DO-C,30,1.09375,109.375,node[0]
232,Nerve_root_L5_muscular_branches_of_nerve_sciatic_right_04 [Sensory MRG Neuron 15.00um]  (Soleus_Sensory_Nerves_15um),Sensory MRG Neuron,15.00um,L5_muscular,DO-C,30,1.109375,110.93750000000001,node[0]
226,Nerve_root_L5_muscular_branches_of_nerve_sciatic_right_03 [Sensory MRG Neuron 15.00um]  (Soleus_Sensory_Nerves_15um),Sensory MRG Neuron,15.00um,L5_muscular,DO-C,30,1.1171875,111.71875,node[0]
208,Nerve_root_L5_muscular_branches_of_nerve_sciatic_left_05 [Sensory MRG Neuron 15.00um]  (Soleus_Sensory_Nerves_15um),Sensory MRG Neuron,15.00um,L5_muscular,DO-C,30,1.1171875,111.71875,node[0]
238,Nerve_root_L5_sciatic_muscular_branches_of_nerve_tibial_left_01 [Sensory MRG Neuron 15.00um]  (Soleus_Sensory_Nerves_15um),Sensory MRG Neuron,15.00um,L5_sciatic,DO-C,30,1.1171875,111.71875,node[0]
316,Nerve_root_L5_sciatic_nerve_tibial_left_05 [Sensory MRG Neuron 15.00um]  (Soleus_Sensory_Nerves_15um),Sensory MRG Neuron,15.00um,L5_sciatic,DO-C,30,1.125,112.5,node[0]
310,Nerve_root_L5_sciatic_nerve_tibial_left_04 [Sensory MRG Neuron 15.00um]  (Soleus_Sensory_Nerves_15um),Sensory MRG Neuron,15.00um,L5_sciatic,DO-C,30,1.125,112.5,node[0]
298,Nerve_root_L5_sciatic_nerve_tibial_left_02 [Sensory MRG Neuron 15.00um]  (Soleus_Sensory_Nerves_15um),Sensory MRG Neuron,15.00um,L5_sciatic,DO-C,30,1.125,112.5,node[0]
292,Nerve_root_L5_sciatic_nerve_tibial_left_01 [Sensory MRG Neuron 15.00um]  (Soleus_Sensory_Nerves_15um),Sensory MRG Neuron,15.00um,L5_sciatic,DO-C,30,1.125,112.5,node[0]
304,Nerve_root_L5_sciatic_nerve_tibial_left_03 [Sensory MRG Neuron 15.00um]  (Soleus_Sensory_Nerves_15um),Sensory MRG Neuron,15.00um,L5_sciatic,DO-C,30,1.125,112.5,node[0]
256,Nerve_root_L5_sciatic_muscular_branches_of_nerve_tibial_left_04 [Sensory MRG Neuron 15.00um]  (Soleus_Sensory_Nerves_15um),Sensory MRG Neuron,15.00um,L5_sciatic,DO-C,30,1.125,112.5,node[0]
250,Nerve_root_L5_sciatic_muscular_branches_of_nerve_tibial_left_03 [Sensory MRG Neuron 15.00um]  (Soleus_Sensory_Nerves_15um),Sensory MRG Neuron,15.00um,L5_sciatic,DO-C,30,1.125,112.5,node[0]
244,Nerve_root_L5_sciatic_muscular_branches_of_nerve_tibial_left_02 [Sensory MRG Neuron 15.00um]  (Soleus_Sensory_Nerves_15um),Sensory MRG Neuron,15.00um,L5_sciatic,DO-C,30,1.125,112.5,node[0]
196,Nerve_root_L5_muscular_branches_of_nerve_sciatic_left_03 [Sensory MRG Neuron 15.00um]  (Soleus_Sensory_Nerves_15um),Sensory MRG Neuron,15.00um,L5_muscular,DO-C,30,1.125,112.5,node[0]
262,Nerve_root_L5_sciatic_muscular_branches_of_nerve_tibial_left_05 [Sensory MRG Neuron 15.00um]  (Soleus_Sensory_Nerves_15um),Sensory MRG Neuron,15.00um,L5_sciatic,DO-C,30,1.125,112.5,node[0]
184,Nerve_root_L5_muscular_branches_of_nerve_sciatic_left_01 [Sensory MRG Neuron 15.00um]  (Soleus_Sensory_Nerves_15um),Sensory MRG Neuron,15.00um,L5_muscular,DO-C,30,1.125,112.5,node[0]
190,Nerve_root_L5_muscular_branches_of_nerve_sciatic_left_02 [Sensory MRG Neuron 15.00um]  (Soleus_Sensory_Nerves_15um),Sensory MRG Neuron,15.00um,L5_muscular,DO-C,30,1.125,112.5,node[0]
328,Nerve_root_L5_sciatic_nerve_tibial_right_02 [Sensory MRG Neuron 15.00um]  (Soleus_Sensory_Nerves_15um),Sensory MRG Neuron,15.00um,L5_sciatic,DO-C,30,1.140625,114.06250000000001,node[0]
286,Nerve_root_L5_sciatic_muscular_branches_of_nerve_tibial_right_04 [Sensory MRG Neuron 15.00um]  (Soleus_Sensory_Nerves_15um),Sensory MRG Neuron,15.00um,L5_sciatic,DO-C,30,1.140625,114.06250000000001,node[0]
334,Nerve_root_L5_sciatic_nerve_tibial_right_03 [Sensory MRG Neuron 15.00um]  (Soleus_Sensory_Nerves_15um),Sensory MRG Neuron,15.00um,L5_sciatic,DO-C,30,1.140625,114.06250000000001,node[0]
340,Nerve_root_L5_sciatic_nerve_tibial_right_04 [Sensory MRG Neuron 15.00um]  (Soleus_Sensory_Nerves_15um),Sensory MRG Neuron,15.00um,L5_sciatic,DO-C,30,1.140625,114.06250000000001,node[0]
280,Nerve_root_L5_sciatic_muscular_branches_of_nerve_tibial_right_03 [Sensory MRG Neuron 15.00um]  (Soleus_Sensory_Nerves_15um),Sensory MRG Neuron,15.00um,L5_sciatic,DO-C,30,1.140625,114.06250000000001,node[0]
346,Nerve_root_L5_sciatic_nerve_tibial_right_05 [Sensory MRG Neuron 15.00um]  (Soleus_Sensory_Nerves_15um),Sensory MRG Neuron,15.00um,L5_sciatic,DO-C,30,1.140625,114.06250000000001,node[0]
352,Nerve_root_L5_sciatic_nerve_tibial_right_06 [Sensory MRG Neuron 15.00um]  (Soleus_Sensory_Nerves_15um),Sensory MRG Neuron,15.00um,L5_sciatic,DO-C,30,1.140625,114.06250000000001,node[0]
274,Nerve_root_L5_sciatic_muscular_branches_of_nerve_tibial_right_02 [Sensory MRG Neuron 15.00um]  (Soleus_Sensory_Nerves_15um),Sensory MRG Neuron,15.00um,L5_sciatic,DO-C,30,1.140625,114.06250000000001,node[0]
358,Nerve_root_L5_sciatic_nerve_tibial_right_07 [Sensory MRG Neuron 15.00um]  (Soleus_Sensory_Nerves_15um),Sensory MRG Neuron,15.00um,L5_sciatic,DO-C,30,1.140625,114.06250000000001,node[0]
202,Nerve_root_L5_muscular_branches_of_nerve_sciatic_left_04 [Sensory MRG Neuron 15.00um]  (Soleus_Sensory_Nerves_15um),Sensory MRG Neuron,15.00um,L5_muscular,DO-C,30,1.140625,114.06250000000001,node[0]
268,Nerve_root_L5_sciatic_muscular_branches_of_nerve_tibial_right_01 [Sensory MRG Neuron 15.00um]  (Soleus_Sensory_Nerves_15um),Sensory MRG Neuron,15.00um,L5_sciatic,DO-C,30,1.140625,114.06250000000001,node[0]
322,Nerve_root_L5_sciatic_nerve_tibial_right_01 [Sensory MRG Neuron 15.00um]  (Soleus_Sensory_Nerves_15um),Sensory MRG Neuron,15.00um,L5_sciatic,DO-C,30,1.140625,114.06250000000001,node[0]
34,Nerve_root_L4_L5_muscular_branches_of_nerve_sciatic_right_01 [Sensory MRG Neuron 15.00um]  (Soleus_Sensory_Nerves_15um),Sensory MRG Neuron,15.00um,L4_L5,DO-C,30,1.171875,117.1875,node[82]
693,Nerve_root_S2_sciatic_nerve_tibial_right_04 [Sensory MRG Neuron 10.00um]  (Soleus_Sensory_Nerves_10um),Sensory MRG Neuron,10.00um,S2_sciatic,DO-C,30,1.203125,120.3125,node[0]
699,Nerve_root_S2_sciatic_nerve_tibial_right_05 [Sensory MRG Neuron 10.00um]  (Soleus_Sensory_Nerves_10um),Sensory MRG Neuron,10.00um,S2_sciatic,DO-C,30,1.203125,120.3125,node[0]
705,Nerve_root_S2_sciatic_nerve_tibial_right_06 [Sensory MRG Neuron 10.00um]  (Soleus_Sensory_Nerves_10um),Sensory MRG Neuron,10.00um,S2_sciatic,DO-C,30,1.203125,120.3125,node[0]
687,Nerve_root_S2_sciatic_nerve_tibial_right_03 [Sensory MRG Neuron 10.00um]  (Soleus_Sensory_Nerves_10um),Sensory MRG Neuron,10.00um,S2_sciatic,DO-C,30,1.203125,120.3125,node[0]
681,Nerve_root_S2_sciatic_nerve_tibial_right_02 [Sensory MRG Neuron 10.00um]  (Soleus_Sensory_Nerves_10um),Sensory MRG Neuron,10.00um,S2_sciatic,DO-C,30,1.203125,120.3125,node[0]
675,Nerve_root_S2_sciatic_nerve_tibial_right_01 [Sensory MRG Neuron 10.00um]  (Soleus_Sensory_Nerves_10um),Sensory MRG Neuron,10.00um,S2_sciatic,DO-C,30,1.203125,120.3125,node[0]
711,Nerve_root_S2_sciatic_nerve_tibial_right_07 [Sensory MRG Neuron 10.00um]  (Soleus_Sensory_Nerves_10um),Sensory MRG Neuron,10.00um,S2_sciatic,DO-C,30,1.203125,120.3125,node[0]
639,Nerve_root_S2_sciatic_muscular_branches_of_nerve_tibial_right_04 [Sensory MRG Neuron 10.00um]  (Soleus_Sensory_Nerves_10um),Sensory MRG Neuron,10.00um,S2_sciatic,DO-C,30,1.203125,120.3125,node[0]
585,Nerve_root_S2_muscular_branches_of_nerve_sciatic_right_04 [Sensory MRG Neuron 10.00um]  (Soleus_Sensory_Nerves_10um),Sensory MRG Neuron,10.00um,S2_muscular,DO-C,30,1.203125,120.3125,node[0]
627,Nerve_root_S2_sciatic_muscular_branches_of_nerve_tibial_right_02 [Sensory MRG Neuron 10.00um]  (Soleus_Sensory_Nerves_10um),Sensory MRG Neuron,10.00um,S2_sciatic,DO-C,30,1.203125,120.3125,node[0]
621,Nerve_root_S2_sciatic_muscular_branches_of_nerve_tibial_right_01 [Sensory MRG Neuron 10.00um]  (Soleus_Sensory_Nerves_10um),Sensory MRG Neuron,10.00um,S2_sciatic,DO-C,30,1.203125,120.3125,node[0]
633,Nerve_root_S2_sciatic_muscular_branches_of_nerve_tibial_right_03 [Sensory MRG Neuron 10.00um]  (Soleus_Sensory_Nerves_10um),Sensory MRG Neuron,10.00um,S2_sciatic,DO-C,30,1.203125,120.3125,node[0]
579,Nerve_root_S2_muscular_branches_of_nerve_sciatic_right_03 [Sensory MRG Neuron 10.00um]  (Soleus_Sensory_Nerves_10um),Sensory MRG Neuron,10.00um,S2_muscular,DO-C,30,1.2109375,121.09375,node[0]
573,Nerve_root_S2_muscular_branches_of_nerve_sciatic_right_02 [Sensory MRG Neuron 10.00um]  (Soleus_Sensory_Nerves_10um),Sensory MRG Neuron,10.00um,S2_muscular,DO-C,30,1.2109375,121.09375,node[0]
87,Nerve_root_L4_L5_sciatic_muscular_branches_of_nerve_tibial_right_01 [Sensory MRG Neuron 10.00um]  (Soleus_Sensory_Nerves_10um),Sensory MRG Neuron,10.00um,L4_L5,DO-C,30,1.21875,121.87500000000001,node[111]
93,Nerve_root_L4_L5_sciatic_muscular_branches_of_nerve_tibial_right_02 [Sensory MRG Neuron 10.00um]  (Soleus_Sensory_Nerves_10um),Sensory MRG Neuron,10.00um,L4_L5,DO-C,30,1.21875,121.87500000000001,node[111]
105,Nerve_root_L4_L5_sciatic_muscular_branches_of_nerve_tibial_right_04 [Sensory MRG Neuron 10.00um]  (Soleus_Sensory_Nerves_10um),Sensory MRG Neuron,10.00um,L4_L5,DO-C,30,1.21875,121.87500000000001,node[111]
99,Nerve_root_L4_L5_sciatic_muscular_branches_of_nerve_tibial_right_03 [Sensory MRG Neuron 10.00um]  (Soleus_Sensory_Nerves_10um),Sensory MRG Neuron,10.00um,L4_L5,DO-C,30,1.21875,121.87500000000001,node[111]
45,Nerve_root_L4_L5_muscular_branches_of_nerve_sciatic_right_03 [Sensory MRG Neuron 10.00um]  (Soleus_Sensory_Nerves_10um),Sensory MRG Neuron,10.00um,L4_L5,DO-C,30,1.21875,121.87500000000001,node[111]
159,Nerve_root_L4_L5_sciatic_nerve_tibial_right_04 [Sensory MRG Neuron 10.00um]  (Soleus_Sensory_Nerves_10um),Sensory MRG Neuron,10.00um,L4_L5,DO-C,30,1.21875,121.87500000000001,node[111]
147,Nerve_root_L4_L5_sciatic_nerve_tibial_right_02 [Sensory MRG Neuron 10.00um]  (Soleus_Sensory_Nerves_10um),Sensory MRG Neuron,10.00um,L4_L5,DO-C,30,1.21875,121.87500000000001,node[111]
141,Nerve_root_L4_L5_sciatic_nerve_tibial_right_01 [Sensory MRG Neuron 10.00um]  (Soleus_Sensory_Nerves_10um),Sensory MRG Neuron,10.00um,L4_L5,DO-C,30,1.21875,121.87500000000001,node[111]
165,Nerve_root_L4_L5_sciatic_nerve_tibial_right_05 [Sensory MRG Neuron 10.00um]  (Soleus_Sensory_Nerves_10um),Sensory MRG Neuron,10.00um,L4_L5,DO-C,30,1.21875,121.87500000000001,node[111]
153,Nerve_root_L4_L5_sciatic_nerve_tibial_right_03 [Sensory MRG Neuron 10.00um]  (Soleus_Sensory_Nerves_10um),Sensory MRG Neuron,10.00um,L4_L5,DO-C,30,1.21875,121.87500000000001,node[111]
171,Nerve_root_L4_L5_sciatic_nerve_tibial_right_06 [Sensory MRG Neuron 10.00um]  (Soleus_Sensory_Nerves_10um),Sensory MRG Neuron,10.00um,L4_L5,DO-C,30,1.21875,121.87500000000001,node[111]
177,Nerve_root_L4_L5_sciatic_nerve_tibial_right_07 [Sensory MRG Neuron 10.00um]  (Soleus_Sensory_Nerves_10um),Sensory MRG Neuron,10.00um,L4_L5,DO-C,30,1.21875,121.87500000000001,node[111]
39,Nerve_root_L4_L5_muscular_branches_of_nerve_sciatic_right_02 [Sensory MRG Neuron 10.00um]  (Soleus_Sensory_Nerves_10um),Sensory MRG Neuron,10.00um,L4_L5,DO-C,30,1.21875,121.87500000000001,node[111]
567,Nerve_root_S2_muscular_branches_of_nerve_sciatic_right_01 [Sensory MRG Neuron 10.00um]  (Soleus_Sensory_Nerves_10um),Sensory MRG Neuron,10.00um,S2_muscular,DO-C,30,1.2265625,122.65625000000001,node[0]
51,Nerve_root_L4_L5_muscular_branches_of_nerve_sciatic_right_04 [Sensory MRG Neuron 10.00um]  (Soleus_Sensory_Nerves_10um),Sensory MRG Neuron,10.00um,L4_L5,DO-C,30,1.234375,123.4375,node[111]
411,Nerve_root_S1_sciatic_muscular_branches_of_nerve_tibial_left_01 [Sensory MRG Neuron 10.00um]  (Soleus_Sensory_Nerves_10um),Sensory MRG Neuron,10.00um,S1_sciatic,DO-C,30,1.25,125.0,node[0]
423,Nerve_root_S1_sciatic_muscular_branches_of_nerve_tibial_left_03 [Sensory MRG Neuron 10.00um]  (Soleus_Sensory_Nerves_10um),Sensory MRG Neuron,10.00um,S1_sciatic,DO-C,30,1.25,125.0,node[0]
489,Nerve_root_S1_sciatic_nerve_tibial_left_05 [Sensory MRG Neuron 10.00um]  (Soleus_Sensory_Nerves_10um),Sensory MRG Neuron,10.00um,S1_sciatic,DO-C,30,1.25,125.0,node[0]
465,Nerve_root_S1_sciatic_nerve_tibial_left_01 [Sensory MRG Neuron 10.00um]  (Soleus_Sensory_Nerves_10um),Sensory MRG Neuron,10.00um,S1_sciatic,DO-C,30,1.25,125.0,node[0]
435,Nerve_root_S1_sciatic_muscular_branches_of_nerve_tibial_left_05 [Sensory MRG Neuron 10.00um]  (Soleus_Sensory_Nerves_10um),Sensory MRG Neuron,10.00um,S1_sciatic,DO-C,30,1.25,125.0,node[0]
477,Nerve_root_S1_sciatic_nerve_tibial_left_03 [Sensory MRG Neuron 10.00um]  (Soleus_Sensory_Nerves_10um),Sensory MRG Neuron,10.00um,S1_sciatic,DO-C,30,1.25,125.0,node[0]
483,Nerve_root_S1_sciatic_nerve_tibial_left_04 [Sensory MRG Neuron 10.00um]  (Soleus_Sensory_Nerves_10um),Sensory MRG Neuron,10.00um,S1_sciatic,DO-C,30,1.25,125.0,node[0]
429,Nerve_root_S1_sciatic_muscular_branches_of_nerve_tibial_left_04 [Sensory MRG Neuron 10.00um]  (Soleus_Sensory_Nerves_10um),Sensory MRG Neuron,10.00um,S1_sciatic,DO-C,30,1.25,125.0,node[0]
471,Nerve_root_S1_sciatic_nerve_tibial_left_02 [Sensory MRG Neuron 10.00um]  (Soleus_Sensory_Nerves_10um),Sensory MRG Neuron,10.00um,S1_sciatic,DO-C,30,1.25,125.0,node[0]
417,Nerve_root_S1_sciatic_muscular_branches_of_nerve_tibial_left_02 [Sensory MRG Neuron 10.00um]  (Soleus_Sensory_Nerves_10um),Sensory MRG Neuron,10.00um,S1_sciatic,DO-C,30,1.25,125.0,node[0]
52,Nerve_root_L4_L5_muscular_branches_of_nerve_sciatic_right_04 [Sensory MRG Neuron 15.00um]  (Soleus_Sensory_Nerves_15um),Sensory MRG Neuron,15.00um,L4_L5,DO-C,30,1.2734375,127.34375,node[0]
375,Nerve_root_S1_muscular_branches_of_nerve_sciatic_left_04 [Sensory MRG Neuron 10.00um]  (Soleus_Sensory_Nerves_10um),Sensory MRG Neuron,10.00um,S1_muscular,DO-C,30,1.28125,128.12500000000003,node[0]
100,Nerve_root_L4_L5_sciatic_muscular_branches_of_nerve_tibial_right_03 [Sensory MRG Neuron 15.00um]  (Soleus_Sensory_Nerves_15um),Sensory MRG Neuron,15.00um,L4_L5,DO-C,30,1.2890625,128.90625,node[0]
381,Nerve_root_S1_muscular_branches_of_nerve_sciatic_left_05 [Sensory MRG Neuron 10.00um]  (Soleus_Sensory_Nerves_10um),Sensory MRG Neuron,10.00um,S1_muscular,DO-C,30,1.2890625,128.90625,node[0]
172,Nerve_root_L4_L5_sciatic_nerve_tibial_right_06 [Sensory MRG Neuron 15.00um]  (Soleus_Sensory_Nerves_15um),Sensory MRG Neuron,15.00um,L4_L5,DO-C,30,1.2890625,128.90625,node[0]
154,Nerve_root_L4_L5_sciatic_nerve_tibial_right_03 [Sensory MRG Neuron 15.00um]  (Soleus_Sensory_Nerves_15um),Sensory MRG Neuron,15.00um,L4_L5,DO-C,30,1.2890625,128.90625,node[0]
166,Nerve_root_L4_L5_sciatic_nerve_tibial_right_05 [Sensory MRG Neuron 15.00um]  (Soleus_Sensory_Nerves_15um),Sensory MRG Neuron,15.00um,L4_L5,DO-C,30,1.2890625,128.90625,node[0]
178,Nerve_root_L4_L5_sciatic_nerve_tibial_right_07 [Sensory MRG Neuron 15.00um]  (Soleus_Sensory_Nerves_15um),Sensory MRG Neuron,15.00um,L4_L5,DO-C,30,1.2890625,128.90625,node[0]
160,Nerve_root_L4_L5_sciatic_nerve_tibial_right_04 [Sensory MRG Neuron 15.00um]  (Soleus_Sensory_Nerves_15um),Sensory MRG Neuron,15.00um,L4_L5,DO-C,30,1.2890625,128.90625,node[0]
106,Nerve_root_L4_L5_sciatic_muscular_branches_of_nerve_tibial_right_04 [Sensory MRG Neuron 15.00um]  (Soleus_Sensory_Nerves_15um),Sensory MRG Neuron,15.00um,L4_L5,DO-C,30,1.2890625,128.90625,node[0]
88,Nerve_root_L4_L5_sciatic_muscular_branches_of_nerve_tibial_right_01 [Sensory MRG Neuron 15.00um]  (Soleus_Sensory_Nerves_15um),Sensory MRG Neuron,15.00um,L4_L5,DO-C,30,1.2890625,128.90625,node[0]
94,Nerve_root_L4_L5_sciatic_muscular_branches_of_nerve_tibial_right_02 [Sensory MRG Neuron 15.00um]  (Soleus_Sensory_Nerves_15um),Sensory MRG Neuron,15.00um,L4_L5,DO-C,30,1.2890625,128.90625,node[0]
142,Nerve_root_L4_L5_sciatic_nerve_tibial_right_01 [Sensory MRG Neuron 15.00um]  (Soleus_Sensory_Nerves_15um),Sensory MRG Neuron,15.00um,L4_L5,DO-C,30,1.2890625,128.90625,node[0]
148,Nerve_root_L4_L5_sciatic_nerve_tibial_right_02 [Sensory MRG Neuron 15.00um]  (Soleus_Sensory_Nerves_15um),Sensory MRG Neuron,15.00um,L4_L5,DO-C,30,1.2890625,128.90625,node[0]
46,Nerve_root_L4_L5_muscular_branches_of_nerve_sciatic_right_03 [Sensory MRG Neuron 15.00um]  (Soleus_Sensory_Nerves_15um),Sensory MRG Neuron,15.00um,L4_L5,DO-C,30,1.296875,129.6875,node[0]
40,Nerve_root_L4_L5_muscular_branches_of_nerve_sciatic_right_02 [Sensory MRG Neuron 15.00um]  (Soleus_Sensory_Nerves_15um),Sensory MRG Neuron,15.00um,L4_L5,DO-C,30,1.296875,129.6875,node[0]
369,Nerve_root_S1_muscular_branches_of_nerve_sciatic_left_02 [Sensory MRG Neuron 10.00um]  (Soleus_Sensory_Nerves_10um),Sensory MRG Neuron,10.00um,S1_muscular,DO-C,30,1.3046875,130.46875,node[0]
363,Nerve_root_S1_muscular_branches_of_nerve_sciatic_left_01 [Sensory MRG Neuron 10.00um]  (Soleus_Sensory_Nerves_10um),Sensory MRG Neuron,10.00um,S1_muscular,DO-C,30,1.3046875,130.46875,node[0]
387,Nerve_root_S1_muscular_branches_of_nerve_sciatic_right_01 [Sensory MRG Neuron 10.00um]  (Soleus_Sensory_Nerves_10um),Sensory MRG Neuron,10.00um,S1_muscular,DO-C,30,1.3359375,133.59375,node[0]
393,Nerve_root_S1_muscular_branches_of_nerve_sciatic_right_02 [Sensory MRG Neuron 10.00um]  (Soleus_Sensory_Nerves_10um),Sensory MRG Neuron,10.00um,S1_muscular,DO-C,30,1.34375,134.375,node[0]
399,Nerve_root_S1_muscular_branches_of_nerve_sciatic_right_03 [Sensory MRG Neuron 10.00um]  (Soleus_Sensory_Nerves_10um),Sensory MRG Neuron,10.00um,S1_muscular,DO-C,30,1.34375,134.375,node[0]
33,Nerve_root_L4_L5_muscular_branches_of_nerve_sciatic_right_01 [Sensory MRG Neuron 10.00um]  (Soleus_Sensory_Nerves_10um),Sensory MRG Neuron,10.00um,L4_L5,DO-C,30,1.3515625,135.15625,node[111]
405,Nerve_root_S1_muscular_branches_of_nerve_sciatic_right_04 [Sensory MRG Neuron 10.00um]  (Soleus_Sensory_Nerves_10um),Sensory MRG Neuron,10.00um,S1_muscular,DO-C,30,1.4140625,141.40625,node[0]
597,Nerve_root_S2_sciatic_muscular_branches_of_nerve_tibial_left_02 [Sensory MRG Neuron 10.00um]  (Soleus_Sensory_Nerves_10um),Sensory MRG Neuron,10.00um,S2_sciatic,DO-C,30,1.4375,143.75000000000003,node[0]
572,Nerve_root_S2_muscular_branches_of_nerve_sciatic_right_02 [Motor MRG Neuron 20.00um]  (Soleus_Motor_Nerves_20um),Motor MRG Neuron,20.00um,S2_muscular,DO-C,30,1.4375,143.75000000000003,node[0]
578,Nerve_root_S2_muscular_branches_of_nerve_sciatic_right_03 [Motor MRG Neuron 20.00um]  (Soleus_Motor_Nerves_20um),Motor MRG Neuron,20.00um,S2_muscular,DO-C,30,1.4375,143.75000000000003,node[0]
603,Nerve_root_S2_sciatic_muscular_branches_of_nerve_tibial_left_03 [Sensory MRG Neuron 10.00um]  (Soleus_Sensory_Nerves_10um),Sensory MRG Neuron,10.00um,S2_sciatic,DO-C,30,1.4375,143.75000000000003,node[0]
657,Nerve_root_S2_sciatic_nerve_tibial_left_03 [Sensory MRG Neuron 10.00um]  (Soleus_Sensory_Nerves_10um),Sensory MRG Neuron,10.00um,S2_sciatic,DO-C,30,1.4375,143.75000000000003,node[0]
651,Nerve_root_S2_sciatic_nerve_tibial_left_02 [Sensory MRG Neuron 10.00um]  (Soleus_Sensory_Nerves_10um),Sensory MRG Neuron,10.00um,S2_sciatic,DO-C,30,1.4375,143.75000000000003,node[0]
645,Nerve_root_S2_sciatic_nerve_tibial_left_01 [Sensory MRG Neuron 10.00um]  (Soleus_Sensory_Nerves_10um),Sensory MRG Neuron,10.00um,S2_sciatic,DO-C,30,1.4375,143.75000000000003,node[0]
663,Nerve_root_S2_sciatic_nerve_tibial_left_04 [Sensory MRG Neuron 10.00um]  (Soleus_Sensory_Nerves_10um),Sensory MRG Neuron,10.00um,S2_sciatic,DO-C,30,1.4375,143.75000000000003,node[0]
615,Nerve_root_S2_sciatic_muscular_branches_of_nerve_tibial_left_05 [Sensory MRG Neuron 10.00um]  (Soleus_Sensory_Nerves_10um),Sensory MRG Neuron,10.00um,S2_sciatic,DO-C,30,1.4375,143.75000000000003,node[0]
669,Nerve_root_S2_sciatic_nerve_tibial_left_05 [Sensory MRG Neuron 10.00um]  (Soleus_Sensory_Nerves_10um),Sensory MRG Neuron,10.00um,S2_sciatic,DO-C,30,1.4375,143.75000000000003,node[0]
609,Nerve_root_S2_sciatic_muscular_branches_of_nerve_tibial_left_04 [Sensory MRG Neuron 10.00um]  (Soleus_Sensory_Nerves_10um),Sensory MRG Neuron,10.00um,S2_sciatic,DO-C,30,1.4375,143.75000000000003,node[0]
566,Nerve_root_S2_muscular_branches_of_nerve_sciatic_right_01 [Motor MRG Neuron 20.00um]  (Soleus_Motor_Nerves_20um),Motor MRG Neuron,20.00um,S2_muscular,DO-C,30,1.4453125,144.53125,node[0]
584,Nerve_root_S2_muscular_branches_of_nerve_sciatic_right_04 [Motor MRG Neuron 20.00um]  (Soleus_Motor_Nerves_20um),Motor MRG Neuron,20.00um,S2_muscular,DO-C,30,1.4453125,144.53125,node[0]
698,Nerve_root_S2_sciatic_nerve_tibial_right_05 [Motor MRG Neuron 20.00um]  (Soleus_Motor_Nerves_20um),Motor MRG Neuron,20.00um,S2_sciatic,DO-C,30,1.453125,145.3125,node[0]
519,Nerve_root_S1_sciatic_nerve_tibial_right_05 [Sensory MRG Neuron 10.00um]  (Soleus_Sensory_Nerves_10um),Sensory MRG Neuron,10.00um,S1_sciatic,DO-C,30,1.453125,145.3125,node[0]
686,Nerve_root_S2_sciatic_nerve_tibial_right_03 [Motor MRG Neuron 20.00um]  (Soleus_Motor_Nerves_20um),Motor MRG Neuron,20.00um,S2_sciatic,DO-C,30,1.453125,145.3125,node[0]
680,Nerve_root_S2_sciatic_nerve_tibial_right_02 [Motor MRG Neuron 20.00um]  (Soleus_Motor_Nerves_20um),Motor MRG Neuron,20.00um,S2_sciatic,DO-C,30,1.453125,145.3125,node[0]
704,Nerve_root_S2_sciatic_nerve_tibial_right_06 [Motor MRG Neuron 20.00um]  (Soleus_Motor_Nerves_20um),Motor MRG Neuron,20.00um,S2_sciatic,DO-C,30,1.453125,145.3125,node[0]
513,Nerve_root_S1_sciatic_nerve_tibial_right_04 [Sensory MRG Neuron 10.00um]  (Soleus_Sensory_Nerves_10um),Sensory MRG Neuron,10.00um,S1_sciatic,DO-C,30,1.453125,145.3125,node[0]
441,Nerve_root_S1_sciatic_muscular_branches_of_nerve_tibial_right_01 [Sensory MRG Neuron 10.00um]  (Soleus_Sensory_Nerves_10um),Sensory MRG Neuron,10.00um,S1_sciatic,DO-C,30,1.453125,145.3125,node[0]
674,Nerve_root_S2_sciatic_nerve_tibial_right_01 [Motor MRG Neuron 20.00um]  (Soleus_Motor_Nerves_20um),Motor MRG Neuron,20.00um,S2_sciatic,DO-C,30,1.453125,145.3125,node[0]
710,Nerve_root_S2_sciatic_nerve_tibial_right_07 [Motor MRG Neuron 20.00um]  (Soleus_Motor_Nerves_20um),Motor MRG Neuron,20.00um,S2_sciatic,DO-C,30,1.453125,145.3125,node[0]
531,Nerve_root_S1_sciatic_nerve_tibial_right_07 [Sensory MRG Neuron 10.00um]  (Soleus_Sensory_Nerves_10um),Sensory MRG Neuron,10.00um,S1_sciatic,DO-C,30,1.453125,145.3125,node[0]
692,Nerve_root_S2_sciatic_nerve_tibial_right_04 [Motor MRG Neuron 20.00um]  (Soleus_Motor_Nerves_20um),Motor MRG Neuron,20.00um,S2_sciatic,DO-C,30,1.453125,145.3125,node[0]
507,Nerve_root_S1_sciatic_nerve_tibial_right_03 [Sensory MRG Neuron 10.00um]  (Soleus_Sensory_Nerves_10um),Sensory MRG Neuron,10.00um,S1_sciatic,DO-C,30,1.453125,145.3125,node[0]
495,Nerve_root_S1_sciatic_nerve_tibial_right_01 [Sensory MRG Neuron 10.00um]  (Soleus_Sensory_Nerves_10um),Sensory MRG Neuron,10.00um,S1_sciatic,DO-C,30,1.453125,145.3125,node[0]
555,Nerve_root_S2_muscular_branches_of_nerve_sciatic_left_04 [Sensory MRG Neuron 10.00um]  (Soleus_Sensory_Nerves_10um),Sensory MRG Neuron,10.00um,S2_muscular,DO-C,30,1.453125,145.3125,node[0]
447,Nerve_root_S1_sciatic_muscular_branches_of_nerve_tibial_right_02 [Sensory MRG Neuron 10.00um]  (Soleus_Sensory_Nerves_10um),Sensory MRG Neuron,10.00um,S1_sciatic,DO-C,30,1.453125,145.3125,node[0]
638,Nerve_root_S2_sciatic_muscular_branches_of_nerve_tibial_right_04 [Motor MRG Neuron 20.00um]  (Soleus_Motor_Nerves_20um),Motor MRG Neuron,20.00um,S2_sciatic,DO-C,30,1.453125,145.3125,node[0]
632,Nerve_root_S2_sciatic_muscular_branches_of_nerve_tibial_right_03 [Motor MRG Neuron 20.00um]  (Soleus_Motor_Nerves_20um),Motor MRG Neuron,20.00um,S2_sciatic,DO-C,30,1.453125,145.3125,node[0]
626,Nerve_root_S2_sciatic_muscular_branches_of_nerve_tibial_right_02 [Motor MRG Neuron 20.00um]  (Soleus_Motor_Nerves_20um),Motor MRG Neuron,20.00um,S2_sciatic,DO-C,30,1.453125,145.3125,node[0]
620,Nerve_root_S2_sciatic_muscular_branches_of_nerve_tibial_right_01 [Motor MRG Neuron 20.00um]  (Soleus_Motor_Nerves_20um),Motor MRG Neuron,20.00um,S2_sciatic,DO-C,30,1.453125,145.3125,node[0]
453,Nerve_root_S1_sciatic_muscular_branches_of_nerve_tibial_right_03 [Sensory MRG Neuron 10.00um]  (Soleus_Sensory_Nerves_10um),Sensory MRG Neuron,10.00um,S1_sciatic,DO-C,30,1.453125,145.3125,node[0]
459,Nerve_root_S1_sciatic_muscular_branches_of_nerve_tibial_right_04 [Sensory MRG Neuron 10.00um]  (Soleus_Sensory_Nerves_10um),Sensory MRG Neuron,10.00um,S1_sciatic,DO-C,30,1.453125,145.3125,node[0]
501,Nerve_root_S1_sciatic_nerve_tibial_right_02 [Sensory MRG Neuron 10.00um]  (Soleus_Sensory_Nerves_10um),Sensory MRG Neuron,10.00um,S1_sciatic,DO-C,30,1.453125,145.3125,node[0]
549,Nerve_root_S2_muscular_branches_of_nerve_sciatic_left_03 [Sensory MRG Neuron 10.00um]  (Soleus_Sensory_Nerves_10um),Sensory MRG Neuron,10.00um,S2_muscular,DO-C,30,1.453125,145.3125,node[0]
525,Nerve_root_S1_sciatic_nerve_tibial_right_06 [Sensory MRG Neuron 10.00um]  (Soleus_Sensory_Nerves_10um),Sensory MRG Neuron,10.00um,S1_sciatic,DO-C,30,1.453125,145.3125,node[0]
543,Nerve_root_S2_muscular_branches_of_nerve_sciatic_left_02 [Sensory MRG Neuron 10.00um]  (Soleus_Sensory_Nerves_10um),Sensory MRG Neuron,10.00um,S2_muscular,DO-C,30,1.4609375,146.09375,node[0]
537,Nerve_root_S2_muscular_branches_of_nerve_sciatic_left_01 [Sensory MRG Neuron 10.00um]  (Soleus_Sensory_Nerves_10um),Sensory MRG Neuron,10.00um,S2_muscular,DO-C,30,1.4609375,146.09375,node[0]
561,Nerve_root_S2_muscular_branches_of_nerve_sciatic_left_05 [Sensory MRG Neuron 10.00um]  (Soleus_Sensory_Nerves_10um),Sensory MRG Neuron,10.00um,S2_muscular,DO-C,30,1.46875,146.875,node[0]
591,Nerve_root_S2_sciatic_muscular_branches_of_nerve_tibial_left_01 [Sensory MRG Neuron 10.00um]  (Soleus_Sensory_Nerves_10um),Sensory MRG Neuron,10.00um,S2_sciatic,DO-C,30,1.4765625,147.65625000000003,node[0]
380,Nerve_root_S1_muscular_branches_of_nerve_sciatic_left_05 [Motor MRG Neuron 20.00um]  (Soleus_Motor_Nerves_20um),Motor MRG Neuron,20.00um,S1_muscular,DO-C,30,1.484375,148.4375,node[0]
434,Nerve_root_S1_sciatic_muscular_branches_of_nerve_tibial_left_05 [Motor MRG Neuron 20.00um]  (Soleus_Motor_Nerves_20um),Motor MRG Neuron,20.00um,S1_sciatic,DO-C,30,1.484375,148.4375,node[0]
482,Nerve_root_S1_sciatic_nerve_tibial_left_04 [Motor MRG Neuron 20.00um]  (Soleus_Motor_Nerves_20um),Motor MRG Neuron,20.00um,S1_sciatic,DO-C,30,1.484375,148.4375,node[0]
428,Nerve_root_S1_sciatic_muscular_branches_of_nerve_tibial_left_04 [Motor MRG Neuron 20.00um]  (Soleus_Motor_Nerves_20um),Motor MRG Neuron,20.00um,S1_sciatic,DO-C,30,1.484375,148.4375,node[0]
410,Nerve_root_S1_sciatic_muscular_branches_of_nerve_tibial_left_01 [Motor MRG Neuron 20.00um]  (Soleus_Motor_Nerves_20um),Motor MRG Neuron,20.00um,S1_sciatic,DO-C,30,1.484375,148.4375,node[0]
416,Nerve_root_S1_sciatic_muscular_branches_of_nerve_tibial_left_02 [Motor MRG Neuron 20.00um]  (Soleus_Motor_Nerves_20um),Motor MRG Neuron,20.00um,S1_sciatic,DO-C,30,1.484375,148.4375,node[0]
464,Nerve_root_S1_sciatic_nerve_tibial_left_01 [Motor MRG Neuron 20.00um]  (Soleus_Motor_Nerves_20um),Motor MRG Neuron,20.00um,S1_sciatic,DO-C,30,1.484375,148.4375,node[0]
422,Nerve_root_S1_sciatic_muscular_branches_of_nerve_tibial_left_03 [Motor MRG Neuron 20.00um]  (Soleus_Motor_Nerves_20um),Motor MRG Neuron,20.00um,S1_sciatic,DO-C,30,1.484375,148.4375,node[0]
470,Nerve_root_S1_sciatic_nerve_tibial_left_02 [Motor MRG Neuron 20.00um]  (Soleus_Motor_Nerves_20um),Motor MRG Neuron,20.00um,S1_sciatic,DO-C,30,1.484375,148.4375,node[0]
476,Nerve_root_S1_sciatic_nerve_tibial_left_03 [Motor MRG Neuron 20.00um]  (Soleus_Motor_Nerves_20um),Motor MRG Neuron,20.00um,S1_sciatic,DO-C,30,1.484375,148.4375,node[0]
488,Nerve_root_S1_sciatic_nerve_tibial_left_05 [Motor MRG Neuron 20.00um]  (Soleus_Motor_Nerves_20um),Motor MRG Neuron,20.00um,S1_sciatic,DO-C,30,1.484375,148.4375,node[0]
368,Nerve_root_S1_muscular_branches_of_nerve_sciatic_left_02 [Motor MRG Neuron 20.00um]  (Soleus_Motor_Nerves_20um),Motor MRG Neuron,20.00um,S1_muscular,DO-C,30,1.4921875,149.21875,node[0]
362,Nerve_root_S1_muscular_branches_of_nerve_sciatic_left_01 [Motor MRG Neuron 20.00um]  (Soleus_Motor_Nerves_20um),Motor MRG Neuron,20.00um,S1_muscular,DO-C,30,1.4921875,149.21875,node[0]
374,Nerve_root_S1_muscular_branches_of_nerve_sciatic_left_04 [Motor MRG Neuron 20.00um]  (Soleus_Motor_Nerves_20um),Motor MRG Neuron,20.00um,S1_muscular,DO-C,30,1.5078125,150.78125,node[0]
386,Nerve_root_S1_muscular_branches_of_nerve_sciatic_right_01 [Motor MRG Neuron 20.00um]  (Soleus_Motor_Nerves_20um),Motor MRG Neuron,20.00um,S1_muscular,DO-C,30,1.515625,151.56250000000003,node[0]
392,Nerve_root_S1_muscular_branches_of_nerve_sciatic_right_02 [Motor MRG Neuron 20.00um]  (Soleus_Motor_Nerves_20um),Motor MRG Neuron,20.00um,S1_muscular,DO-C,30,1.5234375,152.34375,node[0]
398,Nerve_root_S1_muscular_branches_of_nerve_sciatic_right_03 [Motor MRG Neuron 20.00um]  (Soleus_Motor_Nerves_20um),Motor MRG Neuron,20.00um,S1_muscular,DO-C,30,1.5234375,152.34375,node[0]
458,Nerve_root_S1_sciatic_muscular_branches_of_nerve_tibial_right_04 [Motor MRG Neuron 20.00um]  (Soleus_Motor_Nerves_20um),Motor MRG Neuron,20.00um,S1_sciatic,DO-C,30,1.59375,159.37500000000003,node[0]
452,Nerve_root_S1_sciatic_muscular_branches_of_nerve_tibial_right_03 [Motor MRG Neuron 20.00um]  (Soleus_Motor_Nerves_20um),Motor MRG Neuron,20.00um,S1_sciatic,DO-C,30,1.59375,159.37500000000003,node[0]
446,Nerve_root_S1_sciatic_muscular_branches_of_nerve_tibial_right_02 [Motor MRG Neuron 20.00um]  (Soleus_Motor_Nerves_20um),Motor MRG Neuron,20.00um,S1_sciatic,DO-C,30,1.59375,159.37500000000003,node[0]
440,Nerve_root_S1_sciatic_muscular_branches_of_nerve_tibial_right_01 [Motor MRG Neuron 20.00um]  (Soleus_Motor_Nerves_20um),Motor MRG Neuron,20.00um,S1_sciatic,DO-C,30,1.59375,159.37500000000003,node[0]
560,Nerve_root_S2_muscular_branches_of_nerve_sciatic_left_05 [Motor MRG Neuron 20.00um]  (Soleus_Motor_Nerves_20um),Motor MRG Neuron,20.00um,S2_muscular,DO-C,30,1.59375,159.37500000000003,node[0]
494,Nerve_root_S1_sciatic_nerve_tibial_right_01 [Motor MRG Neuron 20.00um]  (Soleus_Motor_Nerves_20um),Motor MRG Neuron,20.00um,S1_sciatic,DO-C,30,1.59375,159.37500000000003,node[0]
500,Nerve_root_S1_sciatic_nerve_tibial_right_02 [Motor MRG Neuron 20.00um]  (Soleus_Motor_Nerves_20um),Motor MRG Neuron,20.00um,S1_sciatic,DO-C,30,1.59375,159.37500000000003,node[0]
506,Nerve_root_S1_sciatic_nerve_tibial_right_03 [Motor MRG Neuron 20.00um]  (Soleus_Motor_Nerves_20um),Motor MRG Neuron,20.00um,S1_sciatic,DO-C,30,1.59375,159.37500000000003,node[0]
512,Nerve_root_S1_sciatic_nerve_tibial_right_04 [Motor MRG Neuron 20.00um]  (Soleus_Motor_Nerves_20um),Motor MRG Neuron,20.00um,S1_sciatic,DO-C,30,1.59375,159.37500000000003,node[0]
518,Nerve_root_S1_sciatic_nerve_tibial_right_05 [Motor MRG Neuron 20.00um]  (Soleus_Motor_Nerves_20um),Motor MRG Neuron,20.00um,S1_sciatic,DO-C,30,1.59375,159.37500000000003,node[0]
590,Nerve_root_S2_sciatic_muscular_branches_of_nerve_tibial_left_01 [Motor MRG Neuron 20.00um]  (Soleus_Motor_Nerves_20um),Motor MRG Neuron,20.00um,S2_sciatic,DO-C,30,1.59375,159.37500000000003,node[0]
524,Nerve_root_S1_sciatic_nerve_tibial_right_06 [Motor MRG Neuron 20.00um]  (Soleus_Motor_Nerves_20um),Motor MRG Neuron,20.00um,S1_sciatic,DO-C,30,1.59375,159.37500000000003,node[0]
404,Nerve_root_S1_muscular_branches_of_nerve_sciatic_right_04 [Motor MRG Neuron 20.00um]  (Soleus_Motor_Nerves_20um),Motor MRG Neuron,20.00um,S1_muscular,DO-C,30,1.59375,159.37500000000003,node[0]
530,Nerve_root_S1_sciatic_nerve_tibial_right_07 [Motor MRG Neuron 20.00um]  (Soleus_Motor_Nerves_20um),Motor MRG Neuron,20.00um,S1_sciatic,DO-C,30,1.59375,159.37500000000003,node[0]
536,Nerve_root_S2_muscular_branches_of_nerve_sciatic_left_01 [Motor MRG Neuron 20.00um]  (Soleus_Motor_Nerves_20um),Motor MRG Neuron,20.00um,S2_muscular,DO-C,30,1.59375,159.37500000000003,node[0]
542,Nerve_root_S2_muscular_branches_of_nerve_sciatic_left_02 [Motor MRG Neuron 20.00um]  (Soleus_Motor_Nerves_20um),Motor MRG Neuron,20.00um,S2_muscular,DO-C,30,1.59375,159.37500000000003,node[0]
596,Nerve_root_S2_sciatic_muscular_branches_of_nerve_tibial_left_02 [Motor MRG Neuron 20.00um]  (Soleus_Motor_Nerves_20um),Motor MRG Neuron,20.00um,S2_sciatic,DO-C,30,1.609375,160.9375,node[0]
608,Nerve_root_S2_sciatic_muscular_branches_of_nerve_tibial_left_04 [Motor MRG Neuron 20.00um]  (Soleus_Motor_Nerves_20um),Motor MRG Neuron,20.00um,S2_sciatic,DO-C,30,1.609375,160.9375,node[0]
614,Nerve_root_S2_sciatic_muscular_branches_of_nerve_tibial_left_05 [Motor MRG Neuron 20.00um]  (Soleus_Motor_Nerves_20um),Motor MRG Neuron,20.00um,S2_sciatic,DO-C,30,1.609375,160.9375,node[0]
602,Nerve_root_S2_sciatic_muscular_branches_of_nerve_tibial_left_03 [Motor MRG Neuron 20.00um]  (Soleus_Motor_Nerves_20um),Motor MRG Neuron,20.00um,S2_sciatic,DO-C,30,1.609375,160.9375,node[0]
656,Nerve_root_S2_sciatic_nerve_tibial_left_03 [Motor MRG Neuron 20.00um]  (Soleus_Motor_Nerves_20um),Motor MRG Neuron,20.00um,S2_sciatic,DO-C,30,1.609375,160.9375,node[0]
668,Nerve_root_S2_sciatic_nerve_tibial_left_05 [Motor MRG Neuron 20.00um]  (Soleus_Motor_Nerves_20um),Motor MRG Neuron,20.00um,S2_sciatic,DO-C,30,1.609375,160.9375,node[0]
554,Nerve_root_S2_muscular_branches_of_nerve_sciatic_left_04 [Motor MRG Neuron 20.00um]  (Soleus_Motor_Nerves_20um),Motor MRG Neuron,20.00um,S2_muscular,DO-C,30,1.609375,160.9375,node[0]
548,Nerve_root_S2_muscular_branches_of_nerve_sciatic_left_03 [Motor MRG Neuron 20.00um]  (Soleus_Motor_Nerves_20um),Motor MRG Neuron,20.00um,S2_muscular,DO-C,30,1.609375,160.9375,node[0]
644,Nerve_root_S2_sciatic_nerve_tibial_left_01 [Motor MRG Neuron 20.00um]  (Soleus_Motor_Nerves_20um),Motor MRG Neuron,20.00um,S2_sciatic,DO-C,30,1.609375,160.9375,node[0]
662,Nerve_root_S2_sciatic_nerve_tibial_left_04 [Motor MRG Neuron 20.00um]  (Soleus_Motor_Nerves_20um),Motor MRG Neuron,20.00um,S2_sciatic,DO-C,30,1.609375,160.9375,node[0]
650,Nerve_root_S2_sciatic_nerve_tibial_left_02 [Motor MRG Neuron 20.00um]  (Soleus_Motor_Nerves_20um),Motor MRG Neuron,20.00um,S2_sciatic,DO-C,30,1.609375,160.9375,node[0]
225,Nerve_root_L5_muscular_branches_of_nerve_sciatic_right_03 [Sensory MRG Neuron 10.00um]  (Soleus_Sensory_Nerves_10um),Sensory MRG Neuron,10.00um,L5_muscular,DO-C,30,1.796875,179.6875,node[0]
237,Nerve_root_L5_sciatic_muscular_branches_of_nerve_tibial_left_01 [Sensory MRG Neuron 10.00um]  (Soleus_Sensory_Nerves_10um),Sensory MRG Neuron,10.00um,L5_sciatic,DO-C,30,1.828125,182.81250000000003,node[0]
231,Nerve_root_L5_muscular_branches_of_nerve_sciatic_right_04 [Sensory MRG Neuron 10.00um]  (Soleus_Sensory_Nerves_10um),Sensory MRG Neuron,10.00um,L5_muscular,DO-C,30,1.828125,182.81250000000003,node[0]
219,Nerve_root_L5_muscular_branches_of_nerve_sciatic_right_02 [Sensory MRG Neuron 10.00um]  (Soleus_Sensory_Nerves_10um),Sensory MRG Neuron,10.00um,L5_muscular,DO-C,30,1.84375,184.375,node[0]
213,Nerve_root_L5_muscular_branches_of_nerve_sciatic_right_01 [Sensory MRG Neuron 10.00um]  (Soleus_Sensory_Nerves_10um),Sensory MRG Neuron,10.00um,L5_muscular,DO-C,30,1.84375,184.375,node[0]
195,Nerve_root_L5_muscular_branches_of_nerve_sciatic_left_03 [Sensory MRG Neuron 10.00um]  (Soleus_Sensory_Nerves_10um),Sensory MRG Neuron,10.00um,L5_muscular,DO-C,30,1.875,187.5,node[0]
207,Nerve_root_L5_muscular_branches_of_nerve_sciatic_left_05 [Sensory MRG Neuron 10.00um]  (Soleus_Sensory_Nerves_10um),Sensory MRG Neuron,10.00um,L5_muscular,DO-C,30,1.875,187.5,node[0]
201,Nerve_root_L5_muscular_branches_of_nerve_sciatic_left_04 [Sensory MRG Neuron 10.00um]  (Soleus_Sensory_Nerves_10um),Sensory MRG Neuron,10.00um,L5_muscular,DO-C,30,1.890625,189.06250000000003,node[0]
565,Nerve_root_S2_muscular_branches_of_nerve_sciatic_right_01 [Motor MRG Neuron 15.00um]  (Soleus_Motor_Nerves_15um),Motor MRG Neuron,15.00um,S2_muscular,DO-C,30,1.890625,189.06250000000003,node[0]
303,Nerve_root_L5_sciatic_nerve_tibial_left_03 [Sensory MRG Neuron 10.00um]  (Soleus_Sensory_Nerves_10um),Sensory MRG Neuron,10.00um,L5_sciatic,DO-C,30,1.890625,189.06250000000003,node[0]
249,Nerve_root_L5_sciatic_muscular_branches_of_nerve_tibial_left_03 [Sensory MRG Neuron 10.00um]  (Soleus_Sensory_Nerves_10um),Sensory MRG Neuron,10.00um,L5_sciatic,DO-C,30,1.890625,189.06250000000003,node[0]
309,Nerve_root_L5_sciatic_nerve_tibial_left_04 [Sensory MRG Neuron 10.00um]  (Soleus_Sensory_Nerves_10um),Sensory MRG Neuron,10.00um,L5_sciatic,DO-C,30,1.890625,189.06250000000003,node[0]
261,Nerve_root_L5_sciatic_muscular_branches_of_nerve_tibial_left_05 [Sensory MRG Neuron 10.00um]  (Soleus_Sensory_Nerves_10um),Sensory MRG Neuron,10.00um,L5_sciatic,DO-C,30,1.890625,189.06250000000003,node[0]
291,Nerve_root_L5_sciatic_nerve_tibial_left_01 [Sensory MRG Neuron 10.00um]  (Soleus_Sensory_Nerves_10um),Sensory MRG Neuron,10.00um,L5_sciatic,DO-C,30,1.890625,189.06250000000003,node[0]
297,Nerve_root_L5_sciatic_nerve_tibial_left_02 [Sensory MRG Neuron 10.00um]  (Soleus_Sensory_Nerves_10um),Sensory MRG Neuron,10.00um,L5_sciatic,DO-C,30,1.890625,189.06250000000003,node[0]
255,Nerve_root_L5_sciatic_muscular_branches_of_nerve_tibial_left_04 [Sensory MRG Neuron 10.00um]  (Soleus_Sensory_Nerves_10um),Sensory MRG Neuron,10.00um,L5_sciatic,DO-C,30,1.890625,189.06250000000003,node[0]
315,Nerve_root_L5_sciatic_nerve_tibial_left_05 [Sensory MRG Neuron 10.00um]  (Soleus_Sensory_Nerves_10um),Sensory MRG Neuron,10.00um,L5_sciatic,DO-C,30,1.890625,189.06250000000003,node[0]
243,Nerve_root_L5_sciatic_muscular_branches_of_nerve_tibial_left_02 [Sensory MRG Neuron 10.00um]  (Soleus_Sensory_Nerves_10um),Sensory MRG Neuron,10.00um,L5_sciatic,DO-C,30,1.890625,189.06250000000003,node[0]
619,Nerve_root_S2_sciatic_muscular_branches_of_nerve_tibial_right_01 [Motor MRG Neuron 15.00um]  (Soleus_Motor_Nerves_15um),Motor MRG Neuron,15.00um,S2_sciatic,DO-C,30,1.90625,190.62500000000003,node[0]
637,Nerve_root_S2_sciatic_muscular_branches_of_nerve_tibial_right_04 [Motor MRG Neuron 15.00um]  (Soleus_Motor_Nerves_15um),Motor MRG Neuron,15.00um,S2_sciatic,DO-C,30,1.90625,190.62500000000003,node[0]
183,Nerve_root_L5_muscular_branches_of_nerve_sciatic_left_01 [Sensory MRG Neuron 10.00um]  (Soleus_Sensory_Nerves_10um),Sensory MRG Neuron,10.00um,L5_muscular,DO-C,30,1.90625,190.62500000000003,node[0]
189,Nerve_root_L5_muscular_branches_of_nerve_sciatic_left_02 [Sensory MRG Neuron 10.00um]  (Soleus_Sensory_Nerves_10um),Sensory MRG Neuron,10.00um,L5_muscular,DO-C,30,1.90625,190.62500000000003,node[0]
625,Nerve_root_S2_sciatic_muscular_branches_of_nerve_tibial_right_02 [Motor MRG Neuron 15.00um]  (Soleus_Motor_Nerves_15um),Motor MRG Neuron,15.00um,S2_sciatic,DO-C,30,1.90625,190.62500000000003,node[0]
673,Nerve_root_S2_sciatic_nerve_tibial_right_01 [Motor MRG Neuron 15.00um]  (Soleus_Motor_Nerves_15um),Motor MRG Neuron,15.00um,S2_sciatic,DO-C,30,1.90625,190.62500000000003,node[0]
679,Nerve_root_S2_sciatic_nerve_tibial_right_02 [Motor MRG Neuron 15.00um]  (Soleus_Motor_Nerves_15um),Motor MRG Neuron,15.00um,S2_sciatic,DO-C,30,1.90625,190.62500000000003,node[0]
709,Nerve_root_S2_sciatic_nerve_tibial_right_07 [Motor MRG Neuron 15.00um]  (Soleus_Motor_Nerves_15um),Motor MRG Neuron,15.00um,S2_sciatic,DO-C,30,1.90625,190.62500000000003,node[0]
703,Nerve_root_S2_sciatic_nerve_tibial_right_06 [Motor MRG Neuron 15.00um]  (Soleus_Motor_Nerves_15um),Motor MRG Neuron,15.00um,S2_sciatic,DO-C,30,1.90625,190.62500000000003,node[0]
697,Nerve_root_S2_sciatic_nerve_tibial_right_05 [Motor MRG Neuron 15.00um]  (Soleus_Motor_Nerves_15um),Motor MRG Neuron,15.00um,S2_sciatic,DO-C,30,1.90625,190.62500000000003,node[0]
691,Nerve_root_S2_sciatic_nerve_tibial_right_04 [Motor MRG Neuron 15.00um]  (Soleus_Motor_Nerves_15um),Motor MRG Neuron,15.00um,S2_sciatic,DO-C,30,1.90625,190.62500000000003,node[0]
631,Nerve_root_S2_sciatic_muscular_branches_of_nerve_tibial_right_03 [Motor MRG Neuron 15.00um]  (Soleus_Motor_Nerves_15um),Motor MRG Neuron,15.00um,S2_sciatic,DO-C,30,1.90625,190.62500000000003,node[0]
685,Nerve_root_S2_sciatic_nerve_tibial_right_03 [Motor MRG Neuron 15.00um]  (Soleus_Motor_Nerves_15um),Motor MRG Neuron,15.00um,S2_sciatic,DO-C,30,1.90625,190.62500000000003,node[0]
571,Nerve_root_S2_muscular_branches_of_nerve_sciatic_right_02 [Motor MRG Neuron 15.00um]  (Soleus_Motor_Nerves_15um),Motor MRG Neuron,15.00um,S2_muscular,DO-C,30,1.921875,192.1875,node[0]
273,Nerve_root_L5_sciatic_muscular_branches_of_nerve_tibial_right_02 [Sensory MRG Neuron 10.00um]  (Soleus_Sensory_Nerves_10um),Sensory MRG Neuron,10.00um,L5_sciatic,DO-C,30,1.921875,192.1875,node[0]
267,Nerve_root_L5_sciatic_muscular_branches_of_nerve_tibial_right_01 [Sensory MRG Neuron 10.00um]  (Soleus_Sensory_Nerves_10um),Sensory MRG Neuron,10.00um,L5_sciatic,DO-C,30,1.921875,192.1875,node[0]
212,Nerve_root_L5_muscular_branches_of_nerve_sciatic_right_01 [Motor MRG Neuron 20.00um]  (Soleus_Motor_Nerves_20um),Motor MRG Neuron,20.00um,L5_muscular,DO-C,30,1.921875,192.1875,node[0]
351,Nerve_root_L5_sciatic_nerve_tibial_right_06 [Sensory MRG Neuron 10.00um]  (Soleus_Sensory_Nerves_10um),Sensory MRG Neuron,10.00um,L5_sciatic,DO-C,30,1.921875,192.1875,node[0]
279,Nerve_root_L5_sciatic_muscular_branches_of_nerve_tibial_right_03 [Sensory MRG Neuron 10.00um]  (Soleus_Sensory_Nerves_10um),Sensory MRG Neuron,10.00um,L5_sciatic,DO-C,30,1.921875,192.1875,node[0]
357,Nerve_root_L5_sciatic_nerve_tibial_right_07 [Sensory MRG Neuron 10.00um]  (Soleus_Sensory_Nerves_10um),Sensory MRG Neuron,10.00um,L5_sciatic,DO-C,30,1.921875,192.1875,node[0]
345,Nerve_root_L5_sciatic_nerve_tibial_right_05 [Sensory MRG Neuron 10.00um]  (Soleus_Sensory_Nerves_10um),Sensory MRG Neuron,10.00um,L5_sciatic,DO-C,30,1.921875,192.1875,node[0]
339,Nerve_root_L5_sciatic_nerve_tibial_right_04 [Sensory MRG Neuron 10.00um]  (Soleus_Sensory_Nerves_10um),Sensory MRG Neuron,10.00um,L5_sciatic,DO-C,30,1.921875,192.1875,node[0]
218,Nerve_root_L5_muscular_branches_of_nerve_sciatic_right_02 [Motor MRG Neuron 20.00um]  (Soleus_Motor_Nerves_20um),Motor MRG Neuron,20.00um,L5_muscular,DO-C,30,1.921875,192.1875,node[0]
583,Nerve_root_S2_muscular_branches_of_nerve_sciatic_right_04 [Motor MRG Neuron 15.00um]  (Soleus_Motor_Nerves_15um),Motor MRG Neuron,15.00um,S2_muscular,DO-C,30,1.921875,192.1875,node[0]
577,Nerve_root_S2_muscular_branches_of_nerve_sciatic_right_03 [Motor MRG Neuron 15.00um]  (Soleus_Motor_Nerves_15um),Motor MRG Neuron,15.00um,S2_muscular,DO-C,30,1.921875,192.1875,node[0]
285,Nerve_root_L5_sciatic_muscular_branches_of_nerve_tibial_right_04 [Sensory MRG Neuron 10.00um]  (Soleus_Sensory_Nerves_10um),Sensory MRG Neuron,10.00um,L5_sciatic,DO-C,30,1.921875,192.1875,node[0]
321,Nerve_root_L5_sciatic_nerve_tibial_right_01 [Sensory MRG Neuron 10.00um]  (Soleus_Sensory_Nerves_10um),Sensory MRG Neuron,10.00um,L5_sciatic,DO-C,30,1.921875,192.1875,node[0]
230,Nerve_root_L5_muscular_branches_of_nerve_sciatic_right_04 [Motor MRG Neuron 20.00um]  (Soleus_Motor_Nerves_20um),Motor MRG Neuron,20.00um,L5_muscular,DO-C,30,1.921875,192.1875,node[0]
333,Nerve_root_L5_sciatic_nerve_tibial_right_03 [Sensory MRG Neuron 10.00um]  (Soleus_Sensory_Nerves_10um),Sensory MRG Neuron,10.00um,L5_sciatic,DO-C,30,1.921875,192.1875,node[0]
327,Nerve_root_L5_sciatic_nerve_tibial_right_02 [Sensory MRG Neuron 10.00um]  (Soleus_Sensory_Nerves_10um),Sensory MRG Neuron,10.00um,L5_sciatic,DO-C,30,1.921875,192.1875,node[0]
224,Nerve_root_L5_muscular_branches_of_nerve_sciatic_right_03 [Motor MRG Neuron 20.00um]  (Soleus_Motor_Nerves_20um),Motor MRG Neuron,20.00um,L5_muscular,DO-C,30,1.9375,193.75,node[0]
427,Nerve_root_S1_sciatic_muscular_branches_of_nerve_tibial_left_04 [Motor MRG Neuron 15.00um]  (Soleus_Motor_Nerves_15um),Motor MRG Neuron,15.00um,S1_sciatic,DO-C,30,1.953125,195.3125,node[0]
463,Nerve_root_S1_sciatic_nerve_tibial_left_01 [Motor MRG Neuron 15.00um]  (Soleus_Motor_Nerves_15um),Motor MRG Neuron,15.00um,S1_sciatic,DO-C,30,1.953125,195.3125,node[0]
421,Nerve_root_S1_sciatic_muscular_branches_of_nerve_tibial_left_03 [Motor MRG Neuron 15.00um]  (Soleus_Motor_Nerves_15um),Motor MRG Neuron,15.00um,S1_sciatic,DO-C,30,1.953125,195.3125,node[0]
487,Nerve_root_S1_sciatic_nerve_tibial_left_05 [Motor MRG Neuron 15.00um]  (Soleus_Motor_Nerves_15um),Motor MRG Neuron,15.00um,S1_sciatic,DO-C,30,1.953125,195.3125,node[0]
433,Nerve_root_S1_sciatic_muscular_branches_of_nerve_tibial_left_05 [Motor MRG Neuron 15.00um]  (Soleus_Motor_Nerves_15um),Motor MRG Neuron,15.00um,S1_sciatic,DO-C,30,1.953125,195.3125,node[0]
475,Nerve_root_S1_sciatic_nerve_tibial_left_03 [Motor MRG Neuron 15.00um]  (Soleus_Motor_Nerves_15um),Motor MRG Neuron,15.00um,S1_sciatic,DO-C,30,1.953125,195.3125,node[0]
409,Nerve_root_S1_sciatic_muscular_branches_of_nerve_tibial_left_01 [Motor MRG Neuron 15.00um]  (Soleus_Motor_Nerves_15um),Motor MRG Neuron,15.00um,S1_sciatic,DO-C,30,1.953125,195.3125,node[0]
415,Nerve_root_S1_sciatic_muscular_branches_of_nerve_tibial_left_02 [Motor MRG Neuron 15.00um]  (Soleus_Motor_Nerves_15um),Motor MRG Neuron,15.00um,S1_sciatic,DO-C,30,1.953125,195.3125,node[0]
469,Nerve_root_S1_sciatic_nerve_tibial_left_02 [Motor MRG Neuron 15.00um]  (Soleus_Motor_Nerves_15um),Motor MRG Neuron,15.00um,S1_sciatic,DO-C,30,1.953125,195.3125,node[0]
481,Nerve_root_S1_sciatic_nerve_tibial_left_04 [Motor MRG Neuron 15.00um]  (Soleus_Motor_Nerves_15um),Motor MRG Neuron,15.00um,S1_sciatic,DO-C,30,1.953125,195.3125,node[0]
379,Nerve_root_S1_muscular_branches_of_nerve_sciatic_left_05 [Motor MRG Neuron 15.00um]  (Soleus_Motor_Nerves_15um),Motor MRG Neuron,15.00um,S1_muscular,DO-C,30,1.96875,196.87500000000003,node[0]
373,Nerve_root_S1_muscular_branches_of_nerve_sciatic_left_04 [Motor MRG Neuron 15.00um]  (Soleus_Motor_Nerves_15um),Motor MRG Neuron,15.00um,S1_muscular,DO-C,30,1.984375,198.43750000000003,node[0]
367,Nerve_root_S1_muscular_branches_of_nerve_sciatic_left_02 [Motor MRG Neuron 15.00um]  (Soleus_Motor_Nerves_15um),Motor MRG Neuron,15.00um,S1_muscular,DO-C,30,2.0,200.0,node[0]
188,Nerve_root_L5_muscular_branches_of_nerve_sciatic_left_02 [Motor MRG Neuron 20.00um]  (Soleus_Motor_Nerves_20um),Motor MRG Neuron,20.00um,L5_muscular,DO-C,30,2.0,200.0,node[0]
182,Nerve_root_L5_muscular_branches_of_nerve_sciatic_left_01 [Motor MRG Neuron 20.00um]  (Soleus_Motor_Nerves_20um),Motor MRG Neuron,20.00um,L5_muscular,DO-C,30,2.0,200.0,node[0]
361,Nerve_root_S1_muscular_branches_of_nerve_sciatic_left_01 [Motor MRG Neuron 15.00um]  (Soleus_Motor_Nerves_15um),Motor MRG Neuron,15.00um,S1_muscular,DO-C,30,2.0,200.0,node[0]
200,Nerve_root_L5_muscular_branches_of_nerve_sciatic_left_04 [Motor MRG Neuron 20.00um]  (Soleus_Motor_Nerves_20um),Motor MRG Neuron,20.00um,L5_muscular,DO-C,30,2.015625,201.5625,node[0]
296,Nerve_root_L5_sciatic_nerve_tibial_left_02 [Motor MRG Neuron 20.00um]  (Soleus_Motor_Nerves_20um),Motor MRG Neuron,20.00um,L5_sciatic,DO-C,30,2.015625,201.5625,node[0]
308,Nerve_root_L5_sciatic_nerve_tibial_left_04 [Motor MRG Neuron 20.00um]  (Soleus_Motor_Nerves_20um),Motor MRG Neuron,20.00um,L5_sciatic,DO-C,30,2.015625,201.5625,node[0]
314,Nerve_root_L5_sciatic_nerve_tibial_left_05 [Motor MRG Neuron 20.00um]  (Soleus_Motor_Nerves_20um),Motor MRG Neuron,20.00um,L5_sciatic,DO-C,30,2.015625,201.5625,node[0]
266,Nerve_root_L5_sciatic_muscular_branches_of_nerve_tibial_right_01 [Motor MRG Neuron 20.00um]  (Soleus_Motor_Nerves_20um),Motor MRG Neuron,20.00um,L5_sciatic,DO-C,30,2.015625,201.5625,node[0]
326,Nerve_root_L5_sciatic_nerve_tibial_right_02 [Motor MRG Neuron 20.00um]  (Soleus_Motor_Nerves_20um),Motor MRG Neuron,20.00um,L5_sciatic,DO-C,30,2.015625,201.5625,node[0]
320,Nerve_root_L5_sciatic_nerve_tibial_right_01 [Motor MRG Neuron 20.00um]  (Soleus_Motor_Nerves_20um),Motor MRG Neuron,20.00um,L5_sciatic,DO-C,30,2.015625,201.5625,node[0]
290,Nerve_root_L5_sciatic_nerve_tibial_left_01 [Motor MRG Neuron 20.00um]  (Soleus_Motor_Nerves_20um),Motor MRG Neuron,20.00um,L5_sciatic,DO-C,30,2.015625,201.5625,node[0]
350,Nerve_root_L5_sciatic_nerve_tibial_right_06 [Motor MRG Neuron 20.00um]  (Soleus_Motor_Nerves_20um),Motor MRG Neuron,20.00um,L5_sciatic,DO-C,30,2.015625,201.5625,node[0]
278,Nerve_root_L5_sciatic_muscular_branches_of_nerve_tibial_right_03 [Motor MRG Neuron 20.00um]  (Soleus_Motor_Nerves_20um),Motor MRG Neuron,20.00um,L5_sciatic,DO-C,30,2.015625,201.5625,node[0]
332,Nerve_root_L5_sciatic_nerve_tibial_right_03 [Motor MRG Neuron 20.00um]  (Soleus_Motor_Nerves_20um),Motor MRG Neuron,20.00um,L5_sciatic,DO-C,30,2.015625,201.5625,node[0]
344,Nerve_root_L5_sciatic_nerve_tibial_right_05 [Motor MRG Neuron 20.00um]  (Soleus_Motor_Nerves_20um),Motor MRG Neuron,20.00um,L5_sciatic,DO-C,30,2.015625,201.5625,node[0]
338,Nerve_root_L5_sciatic_nerve_tibial_right_04 [Motor MRG Neuron 20.00um]  (Soleus_Motor_Nerves_20um),Motor MRG Neuron,20.00um,L5_sciatic,DO-C,30,2.015625,201.5625,node[0]
284,Nerve_root_L5_sciatic_muscular_branches_of_nerve_tibial_right_04 [Motor MRG Neuron 20.00um]  (Soleus_Motor_Nerves_20um),Motor MRG Neuron,20.00um,L5_sciatic,DO-C,30,2.015625,201.5625,node[0]
272,Nerve_root_L5_sciatic_muscular_branches_of_nerve_tibial_right_02 [Motor MRG Neuron 20.00um]  (Soleus_Motor_Nerves_20um),Motor MRG Neuron,20.00um,L5_sciatic,DO-C,30,2.015625,201.5625,node[0]
260,Nerve_root_L5_sciatic_muscular_branches_of_nerve_tibial_left_05 [Motor MRG Neuron 20.00um]  (Soleus_Motor_Nerves_20um),Motor MRG Neuron,20.00um,L5_sciatic,DO-C,30,2.015625,201.5625,node[0]
356,Nerve_root_L5_sciatic_nerve_tibial_right_07 [Motor MRG Neuron 20.00um]  (Soleus_Motor_Nerves_20um),Motor MRG Neuron,20.00um,L5_sciatic,DO-C,30,2.015625,201.5625,node[0]
391,Nerve_root_S1_muscular_branches_of_nerve_sciatic_right_02 [Motor MRG Neuron 15.00um]  (Soleus_Motor_Nerves_15um),Motor MRG Neuron,15.00um,S1_muscular,DO-C,30,2.015625,201.5625,node[0]
302,Nerve_root_L5_sciatic_nerve_tibial_left_03 [Motor MRG Neuron 20.00um]  (Soleus_Motor_Nerves_20um),Motor MRG Neuron,20.00um,L5_sciatic,DO-C,30,2.015625,201.5625,node[0]
248,Nerve_root_L5_sciatic_muscular_branches_of_nerve_tibial_left_03 [Motor MRG Neuron 20.00um]  (Soleus_Motor_Nerves_20um),Motor MRG Neuron,20.00um,L5_sciatic,DO-C,30,2.015625,201.5625,node[0]
236,Nerve_root_L5_sciatic_muscular_branches_of_nerve_tibial_left_01 [Motor MRG Neuron 20.00um]  (Soleus_Motor_Nerves_20um),Motor MRG Neuron,20.00um,L5_sciatic,DO-C,30,2.015625,201.5625,node[0]
242,Nerve_root_L5_sciatic_muscular_branches_of_nerve_tibial_left_02 [Motor MRG Neuron 20.00um]  (Soleus_Motor_Nerves_20um),Motor MRG Neuron,20.00um,L5_sciatic,DO-C,30,2.015625,201.5625,node[0]
397,Nerve_root_S1_muscular_branches_of_nerve_sciatic_right_03 [Motor MRG Neuron 15.00um]  (Soleus_Motor_Nerves_15um),Motor MRG Neuron,15.00um,S1_muscular,DO-C,30,2.015625,201.5625,node[0]
254,Nerve_root_L5_sciatic_muscular_branches_of_nerve_tibial_left_04 [Motor MRG Neuron 20.00um]  (Soleus_Motor_Nerves_20um),Motor MRG Neuron,20.00um,L5_sciatic,DO-C,30,2.015625,201.5625,node[0]
206,Nerve_root_L5_muscular_branches_of_nerve_sciatic_left_05 [Motor MRG Neuron 20.00um]  (Soleus_Motor_Nerves_20um),Motor MRG Neuron,20.00um,L5_muscular,DO-C,30,2.03125,203.125,node[0]
194,Nerve_root_L5_muscular_branches_of_nerve_sciatic_left_03 [Motor MRG Neuron 20.00um]  (Soleus_Motor_Nerves_20um),Motor MRG Neuron,20.00um,L5_muscular,DO-C,30,2.03125,203.125,node[0]
385,Nerve_root_S1_muscular_branches_of_nerve_sciatic_right_01 [Motor MRG Neuron 15.00um]  (Soleus_Motor_Nerves_15um),Motor MRG Neuron,15.00um,S1_muscular,DO-C,30,2.03125,203.125,node[0]
31,Nerve_root_L4_L5_muscular_branches_of_nerve_sciatic_right_01 [Motor MRG Neuron 15.00um]  (Soleus_Motor_Nerves_15um),Motor MRG Neuron,15.00um,L4_L5,DO-C,30,2.09375,209.375,node[81]
439,Nerve_root_S1_sciatic_muscular_branches_of_nerve_tibial_right_01 [Motor MRG Neuron 15.00um]  (Soleus_Motor_Nerves_15um),Motor MRG Neuron,15.00um,S1_sciatic,DO-C,30,2.125,212.50000000000003,node[0]
445,Nerve_root_S1_sciatic_muscular_branches_of_nerve_tibial_right_02 [Motor MRG Neuron 15.00um]  (Soleus_Motor_Nerves_15um),Motor MRG Neuron,15.00um,S1_sciatic,DO-C,30,2.125,212.50000000000003,node[0]
505,Nerve_root_S1_sciatic_nerve_tibial_right_03 [Motor MRG Neuron 15.00um]  (Soleus_Motor_Nerves_15um),Motor MRG Neuron,15.00um,S1_sciatic,DO-C,30,2.125,212.50000000000003,node[0]
493,Nerve_root_S1_sciatic_nerve_tibial_right_01 [Motor MRG Neuron 15.00um]  (Soleus_Motor_Nerves_15um),Motor MRG Neuron,15.00um,S1_sciatic,DO-C,30,2.125,212.50000000000003,node[0]
529,Nerve_root_S1_sciatic_nerve_tibial_right_07 [Motor MRG Neuron 15.00um]  (Soleus_Motor_Nerves_15um),Motor MRG Neuron,15.00um,S1_sciatic,DO-C,30,2.125,212.50000000000003,node[0]
517,Nerve_root_S1_sciatic_nerve_tibial_right_05 [Motor MRG Neuron 15.00um]  (Soleus_Motor_Nerves_15um),Motor MRG Neuron,15.00um,S1_sciatic,DO-C,30,2.125,212.50000000000003,node[0]
403,Nerve_root_S1_muscular_branches_of_nerve_sciatic_right_04 [Motor MRG Neuron 15.00um]  (Soleus_Motor_Nerves_15um),Motor MRG Neuron,15.00um,S1_muscular,DO-C,30,2.125,212.50000000000003,node[0]
451,Nerve_root_S1_sciatic_muscular_branches_of_nerve_tibial_right_03 [Motor MRG Neuron 15.00um]  (Soleus_Motor_Nerves_15um),Motor MRG Neuron,15.00um,S1_sciatic,DO-C,30,2.125,212.50000000000003,node[0]
457,Nerve_root_S1_sciatic_muscular_branches_of_nerve_tibial_right_04 [Motor MRG Neuron 15.00um]  (Soleus_Motor_Nerves_15um),Motor MRG Neuron,15.00um,S1_sciatic,DO-C,30,2.125,212.50000000000003,node[0]
499,Nerve_root_S1_sciatic_nerve_tibial_right_02 [Motor MRG Neuron 15.00um]  (Soleus_Motor_Nerves_15um),Motor MRG Neuron,15.00um,S1_sciatic,DO-C,30,2.125,212.50000000000003,node[0]
523,Nerve_root_S1_sciatic_nerve_tibial_right_06 [Motor MRG Neuron 15.00um]  (Soleus_Motor_Nerves_15um),Motor MRG Neuron,15.00um,S1_sciatic,DO-C,30,2.125,212.50000000000003,node[0]
511,Nerve_root_S1_sciatic_nerve_tibial_right_04 [Motor MRG Neuron 15.00um]  (Soleus_Motor_Nerves_15um),Motor MRG Neuron,15.00um,S1_sciatic,DO-C,30,2.125,212.50000000000003,node[0]
661,Nerve_root_S2_sciatic_nerve_tibial_left_04 [Motor MRG Neuron 15.00um]  (Soleus_Motor_Nerves_15um),Motor MRG Neuron,15.00um,S2_sciatic,DO-C,30,2.171875,217.1875,node[0]
655,Nerve_root_S2_sciatic_nerve_tibial_left_03 [Motor MRG Neuron 15.00um]  (Soleus_Motor_Nerves_15um),Motor MRG Neuron,15.00um,S2_sciatic,DO-C,30,2.171875,217.1875,node[0]
667,Nerve_root_S2_sciatic_nerve_tibial_left_05 [Motor MRG Neuron 15.00um]  (Soleus_Motor_Nerves_15um),Motor MRG Neuron,15.00um,S2_sciatic,DO-C,30,2.171875,217.1875,node[0]
649,Nerve_root_S2_sciatic_nerve_tibial_left_02 [Motor MRG Neuron 15.00um]  (Soleus_Motor_Nerves_15um),Motor MRG Neuron,15.00um,S2_sciatic,DO-C,30,2.171875,217.1875,node[0]
613,Nerve_root_S2_sciatic_muscular_branches_of_nerve_tibial_left_05 [Motor MRG Neuron 15.00um]  (Soleus_Motor_Nerves_15um),Motor MRG Neuron,15.00um,S2_sciatic,DO-C,30,2.171875,217.1875,node[0]
607,Nerve_root_S2_sciatic_muscular_branches_of_nerve_tibial_left_04 [Motor MRG Neuron 15.00um]  (Soleus_Motor_Nerves_15um),Motor MRG Neuron,15.00um,S2_sciatic,DO-C,30,2.171875,217.1875,node[0]
601,Nerve_root_S2_sciatic_muscular_branches_of_nerve_tibial_left_03 [Motor MRG Neuron 15.00um]  (Soleus_Motor_Nerves_15um),Motor MRG Neuron,15.00um,S2_sciatic,DO-C,30,2.171875,217.1875,node[0]
595,Nerve_root_S2_sciatic_muscular_branches_of_nerve_tibial_left_02 [Motor MRG Neuron 15.00um]  (Soleus_Motor_Nerves_15um),Motor MRG Neuron,15.00um,S2_sciatic,DO-C,30,2.171875,217.1875,node[0]
589,Nerve_root_S2_sciatic_muscular_branches_of_nerve_tibial_left_01 [Motor MRG Neuron 15.00um]  (Soleus_Motor_Nerves_15um),Motor MRG Neuron,15.00um,S2_sciatic,DO-C,30,2.171875,217.1875,node[0]
643,Nerve_root_S2_sciatic_nerve_tibial_left_01 [Motor MRG Neuron 15.00um]  (Soleus_Motor_Nerves_15um),Motor MRG Neuron,15.00um,S2_sciatic,DO-C,30,2.171875,217.1875,node[0]
541,Nerve_root_S2_muscular_branches_of_nerve_sciatic_left_02 [Motor MRG Neuron 15.00um]  (Soleus_Motor_Nerves_15um),Motor MRG Neuron,15.00um,S2_muscular,DO-C,30,2.1875,218.75,node[0]
535,Nerve_root_S2_muscular_branches_of_nerve_sciatic_left_01 [Motor MRG Neuron 15.00um]  (Soleus_Motor_Nerves_15um),Motor MRG Neuron,15.00um,S2_muscular,DO-C,30,2.1875,218.75,node[0]
547,Nerve_root_S2_muscular_branches_of_nerve_sciatic_left_03 [Motor MRG Neuron 15.00um]  (Soleus_Motor_Nerves_15um),Motor MRG Neuron,15.00um,S2_muscular,DO-C,30,2.1875,218.75,node[0]
559,Nerve_root_S2_muscular_branches_of_nerve_sciatic_left_05 [Motor MRG Neuron 15.00um]  (Soleus_Motor_Nerves_15um),Motor MRG Neuron,15.00um,S2_muscular,DO-C,30,2.1875,218.75,node[0]
553,Nerve_root_S2_muscular_branches_of_nerve_sciatic_left_04 [Motor MRG Neuron 15.00um]  (Soleus_Motor_Nerves_15um),Motor MRG Neuron,15.00um,S2_muscular,DO-C,30,2.1875,218.75,node[0]
32,Nerve_root_L4_L5_muscular_branches_of_nerve_sciatic_right_01 [Motor MRG Neuron 20.00um]  (Soleus_Motor_Nerves_20um),Motor MRG Neuron,20.00um,L4_L5,DO-C,30,2.21875,221.87500000000003,node[0]
162,Nerve_root_L4_L5_sciatic_nerve_tibial_right_05 [Motor MRG Neuron 10.00um]  (Soleus_Motor_Nerves_10um),Motor MRG Neuron,10.00um,L4_L5,DO-C,30,2.234375,223.4375,node[111]
168,Nerve_root_L4_L5_sciatic_nerve_tibial_right_06 [Motor MRG Neuron 10.00um]  (Soleus_Motor_Nerves_10um),Motor MRG Neuron,10.00um,L4_L5,DO-C,30,2.234375,223.4375,node[111]
174,Nerve_root_L4_L5_sciatic_nerve_tibial_right_07 [Motor MRG Neuron 10.00um]  (Soleus_Motor_Nerves_10um),Motor MRG Neuron,10.00um,L4_L5,DO-C,30,2.234375,223.4375,node[111]
90,Nerve_root_L4_L5_sciatic_muscular_branches_of_nerve_tibial_right_02 [Motor MRG Neuron 10.00um]  (Soleus_Motor_Nerves_10um),Motor MRG Neuron,10.00um,L4_L5,DO-C,30,2.234375,223.4375,node[111]
156,Nerve_root_L4_L5_sciatic_nerve_tibial_right_04 [Motor MRG Neuron 10.00um]  (Soleus_Motor_Nerves_10um),Motor MRG Neuron,10.00um,L4_L5,DO-C,30,2.234375,223.4375,node[111]
96,Nerve_root_L4_L5_sciatic_muscular_branches_of_nerve_tibial_right_03 [Motor MRG Neuron 10.00um]  (Soleus_Motor_Nerves_10um),Motor MRG Neuron,10.00um,L4_L5,DO-C,30,2.234375,223.4375,node[111]
42,Nerve_root_L4_L5_muscular_branches_of_nerve_sciatic_right_03 [Motor MRG Neuron 10.00um]  (Soleus_Motor_Nerves_10um),Motor MRG Neuron,10.00um,L4_L5,DO-C,30,2.234375,223.4375,node[111]
36,Nerve_root_L4_L5_muscular_branches_of_nerve_sciatic_right_02 [Motor MRG Neuron 10.00um]  (Soleus_Motor_Nerves_10um),Motor MRG Neuron,10.00um,L4_L5,DO-C,30,2.234375,223.4375,node[111]
138,Nerve_root_L4_L5_sciatic_nerve_tibial_right_01 [Motor MRG Neuron 10.00um]  (Soleus_Motor_Nerves_10um),Motor MRG Neuron,10.00um,L4_L5,DO-C,30,2.234375,223.4375,node[111]
84,Nerve_root_L4_L5_sciatic_muscular_branches_of_nerve_tibial_right_01 [Motor MRG Neuron 10.00um]  (Soleus_Motor_Nerves_10um),Motor MRG Neuron,10.00um,L4_L5,DO-C,30,2.234375,223.4375,node[111]
144,Nerve_root_L4_L5_sciatic_nerve_tibial_right_02 [Motor MRG Neuron 10.00um]  (Soleus_Motor_Nerves_10um),Motor MRG Neuron,10.00um,L4_L5,DO-C,30,2.234375,223.4375,node[111]
150,Nerve_root_L4_L5_sciatic_nerve_tibial_right_03 [Motor MRG Neuron 10.00um]  (Soleus_Motor_Nerves_10um),Motor MRG Neuron,10.00um,L4_L5,DO-C,30,2.234375,223.4375,node[111]
102,Nerve_root_L4_L5_sciatic_muscular_branches_of_nerve_tibial_right_04 [Motor MRG Neuron 10.00um]  (Soleus_Motor_Nerves_10um),Motor MRG Neuron,10.00um,L4_L5,DO-C,30,2.234375,223.4375,node[111]
152,Nerve_root_L4_L5_sciatic_nerve_tibial_right_03 [Motor MRG Neuron 20.00um]  (Soleus_Motor_Nerves_20um),Motor MRG Neuron,20.00um,L4_L5,DO-C,30,2.25,225.0,node[0]
98,Nerve_root_L4_L5_sciatic_muscular_branches_of_nerve_tibial_right_03 [Motor MRG Neuron 20.00um]  (Soleus_Motor_Nerves_20um),Motor MRG Neuron,20.00um,L4_L5,DO-C,30,2.25,225.0,node[0]
44,Nerve_root_L4_L5_muscular_branches_of_nerve_sciatic_right_03 [Motor MRG Neuron 20.00um]  (Soleus_Motor_Nerves_20um),Motor MRG Neuron,20.00um,L4_L5,DO-C,30,2.25,225.0,node[0]
92,Nerve_root_L4_L5_sciatic_muscular_branches_of_nerve_tibial_right_02 [Motor MRG Neuron 20.00um]  (Soleus_Motor_Nerves_20um),Motor MRG Neuron,20.00um,L4_L5,DO-C,30,2.25,225.0,node[0]
38,Nerve_root_L4_L5_muscular_branches_of_nerve_sciatic_right_02 [Motor MRG Neuron 20.00um]  (Soleus_Motor_Nerves_20um),Motor MRG Neuron,20.00um,L4_L5,DO-C,30,2.25,225.0,node[0]
158,Nerve_root_L4_L5_sciatic_nerve_tibial_right_04 [Motor MRG Neuron 20.00um]  (Soleus_Motor_Nerves_20um),Motor MRG Neuron,20.00um,L4_L5,DO-C,30,2.25,225.0,node[0]
176,Nerve_root_L4_L5_sciatic_nerve_tibial_right_07 [Motor MRG Neuron 20.00um]  (Soleus_Motor_Nerves_20um),Motor MRG Neuron,20.00um,L4_L5,DO-C,30,2.25,225.0,node[0]
50,Nerve_root_L4_L5_muscular_branches_of_nerve_sciatic_right_04 [Motor MRG Neuron 20.00um]  (Soleus_Motor_Nerves_20um),Motor MRG Neuron,20.00um,L4_L5,DO-C,30,2.25,225.0,node[0]
164,Nerve_root_L4_L5_sciatic_nerve_tibial_right_05 [Motor MRG Neuron 20.00um]  (Soleus_Motor_Nerves_20um),Motor MRG Neuron,20.00um,L4_L5,DO-C,30,2.25,225.0,node[0]
86,Nerve_root_L4_L5_sciatic_muscular_branches_of_nerve_tibial_right_01 [Motor MRG Neuron 20.00um]  (Soleus_Motor_Nerves_20um),Motor MRG Neuron,20.00um,L4_L5,DO-C,30,2.25,225.0,node[0]
104,Nerve_root_L4_L5_sciatic_muscular_branches_of_nerve_tibial_right_04 [Motor MRG Neuron 20.00um]  (Soleus_Motor_Nerves_20um),Motor MRG Neuron,20.00um,L4_L5,DO-C,30,2.25,225.0,node[0]
140,Nerve_root_L4_L5_sciatic_nerve_tibial_right_01 [Motor MRG Neuron 20.00um]  (Soleus_Motor_Nerves_20um),Motor MRG Neuron,20.00um,L4_L5,DO-C,30,2.25,225.0,node[0]
170,Nerve_root_L4_L5_sciatic_nerve_tibial_right_06 [Motor MRG Neuron 20.00um]  (Soleus_Motor_Nerves_20um),Motor MRG Neuron,20.00um,L4_L5,DO-C,30,2.25,225.0,node[0]
146,Nerve_root_L4_L5_sciatic_nerve_tibial_right_02 [Motor MRG Neuron 20.00um]  (Soleus_Motor_Nerves_20um),Motor MRG Neuron,20.00um,L4_L5,DO-C,30,2.25,225.0,node[0]
48,Nerve_root_L4_L5_muscular_branches_of_nerve_sciatic_right_04 [Motor MRG Neuron 10.00um]  (Soleus_Motor_Nerves_10um),Motor MRG Neuron,10.00um,L4_L5,DO-C,30,2.265625,226.5625,node[111]
30,Nerve_root_L4_L5_muscular_branches_of_nerve_sciatic_right_01 [Motor MRG Neuron 10.00um]  (Soleus_Motor_Nerves_10um),Motor MRG Neuron,10.00um,L4_L5,DO-C,30,2.625,262.5,node[111]
217,Nerve_root_L5_muscular_branches_of_nerve_sciatic_right_02 [Motor MRG Neuron 15.00um]  (Soleus_Motor_Nerves_15um),Motor MRG Neuron,15.00um,L5_muscular,DO-C,30,2.640625,264.06250000000006,node[0]
223,Nerve_root_L5_muscular_branches_of_nerve_sciatic_right_03 [Motor MRG Neuron 15.00um]  (Soleus_Motor_Nerves_15um),Motor MRG Neuron,15.00um,L5_muscular,DO-C,30,2.65625,265.625,node[0]
211,Nerve_root_L5_muscular_branches_of_nerve_sciatic_right_01 [Motor MRG Neuron 15.00um]  (Soleus_Motor_Nerves_15um),Motor MRG Neuron,15.00um,L5_muscular,DO-C,30,2.65625,265.625,node[0]
229,Nerve_root_L5_muscular_branches_of_nerve_sciatic_right_04 [Motor MRG Neuron 15.00um]  (Soleus_Motor_Nerves_15um),Motor MRG Neuron,15.00um,L5_muscular,DO-C,30,2.65625,265.625,node[0]
49,Nerve_root_L4_L5_muscular_branches_of_nerve_sciatic_right_04 [Motor MRG Neuron 15.00um]  (Soleus_Motor_Nerves_15um),Motor MRG Neuron,15.00um,L4_L5,DO-C,30,2.75,275.0,node[83]
235,Nerve_root_L5_sciatic_muscular_branches_of_nerve_tibial_left_01 [Motor MRG Neuron 15.00um]  (Soleus_Motor_Nerves_15um),Motor MRG Neuron,15.00um,L5_sciatic,DO-C,30,2.765625,276.5625,node[0]
205,Nerve_root_L5_muscular_branches_of_nerve_sciatic_left_05 [Motor MRG Neuron 15.00um]  (Soleus_Motor_Nerves_15um),Motor MRG Neuron,15.00um,L5_muscular,DO-C,30,2.765625,276.5625,node[0]
103,Nerve_root_L4_L5_sciatic_muscular_branches_of_nerve_tibial_right_04 [Motor MRG Neuron 15.00um]  (Soleus_Motor_Nerves_15um),Motor MRG Neuron,15.00um,L4_L5,DO-C,30,2.78125,278.125,node[82]
85,Nerve_root_L4_L5_sciatic_muscular_branches_of_nerve_tibial_right_01 [Motor MRG Neuron 15.00um]  (Soleus_Motor_Nerves_15um),Motor MRG Neuron,15.00um,L4_L5,DO-C,30,2.78125,278.125,node[82]
139,Nerve_root_L4_L5_sciatic_nerve_tibial_right_01 [Motor MRG Neuron 15.00um]  (Soleus_Motor_Nerves_15um),Motor MRG Neuron,15.00um,L4_L5,DO-C,30,2.78125,278.125,node[82]
169,Nerve_root_L4_L5_sciatic_nerve_tibial_right_06 [Motor MRG Neuron 15.00um]  (Soleus_Motor_Nerves_15um),Motor MRG Neuron,15.00um,L4_L5,DO-C,30,2.78125,278.125,node[82]
91,Nerve_root_L4_L5_sciatic_muscular_branches_of_nerve_tibial_right_02 [Motor MRG Neuron 15.00um]  (Soleus_Motor_Nerves_15um),Motor MRG Neuron,15.00um,L4_L5,DO-C,30,2.78125,278.125,node[82]
163,Nerve_root_L4_L5_sciatic_nerve_tibial_right_05 [Motor MRG Neuron 15.00um]  (Soleus_Motor_Nerves_15um),Motor MRG Neuron,15.00um,L4_L5,DO-C,30,2.78125,278.125,node[82]
175,Nerve_root_L4_L5_sciatic_nerve_tibial_right_07 [Motor MRG Neuron 15.00um]  (Soleus_Motor_Nerves_15um),Motor MRG Neuron,15.00um,L4_L5,DO-C,30,2.78125,278.125,node[82]
97,Nerve_root_L4_L5_sciatic_muscular_branches_of_nerve_tibial_right_03 [Motor MRG Neuron 15.00um]  (Soleus_Motor_Nerves_15um),Motor MRG Neuron,15.00um,L4_L5,DO-C,30,2.78125,278.125,node[82]
289,Nerve_root_L5_sciatic_nerve_tibial_left_01 [Motor MRG Neuron 15.00um]  (Soleus_Motor_Nerves_15um),Motor MRG Neuron,15.00um,L5_sciatic,DO-C,30,2.78125,278.125,node[0]
145,Nerve_root_L4_L5_sciatic_nerve_tibial_right_02 [Motor MRG Neuron 15.00um]  (Soleus_Motor_Nerves_15um),Motor MRG Neuron,15.00um,L4_L5,DO-C,30,2.78125,278.125,node[82]
313,Nerve_root_L5_sciatic_nerve_tibial_left_05 [Motor MRG Neuron 15.00um]  (Soleus_Motor_Nerves_15um),Motor MRG Neuron,15.00um,L5_sciatic,DO-C,30,2.78125,278.125,node[0]
37,Nerve_root_L4_L5_muscular_branches_of_nerve_sciatic_right_02 [Motor MRG Neuron 15.00um]  (Soleus_Motor_Nerves_15um),Motor MRG Neuron,15.00um,L4_L5,DO-C,30,2.78125,278.125,node[82]
307,Nerve_root_L5_sciatic_nerve_tibial_left_04 [Motor MRG Neuron 15.00um]  (Soleus_Motor_Nerves_15um),Motor MRG Neuron,15.00um,L5_sciatic,DO-C,30,2.78125,278.125,node[0]
193,Nerve_root_L5_muscular_branches_of_nerve_sciatic_left_03 [Motor MRG Neuron 15.00um]  (Soleus_Motor_Nerves_15um),Motor MRG Neuron,15.00um,L5_muscular,DO-C,30,2.78125,278.125,node[0]
181,Nerve_root_L5_muscular_branches_of_nerve_sciatic_left_01 [Motor MRG Neuron 15.00um]  (Soleus_Motor_Nerves_15um),Motor MRG Neuron,15.00um,L5_muscular,DO-C,30,2.78125,278.125,node[0]
253,Nerve_root_L5_sciatic_muscular_branches_of_nerve_tibial_left_04 [Motor MRG Neuron 15.00um]  (Soleus_Motor_Nerves_15um),Motor MRG Neuron,15.00um,L5_sciatic,DO-C,30,2.78125,278.125,node[0]
241,Nerve_root_L5_sciatic_muscular_branches_of_nerve_tibial_left_02 [Motor MRG Neuron 15.00um]  (Soleus_Motor_Nerves_15um),Motor MRG Neuron,15.00um,L5_sciatic,DO-C,30,2.78125,278.125,node[0]
199,Nerve_root_L5_muscular_branches_of_nerve_sciatic_left_04 [Motor MRG Neuron 15.00um]  (Soleus_Motor_Nerves_15um),Motor MRG Neuron,15.00um,L5_muscular,DO-C,30,2.78125,278.125,node[0]
187,Nerve_root_L5_muscular_branches_of_nerve_sciatic_left_02 [Motor MRG Neuron 15.00um]  (Soleus_Motor_Nerves_15um),Motor MRG Neuron,15.00um,L5_muscular,DO-C,30,2.78125,278.125,node[0]
259,Nerve_root_L5_sciatic_muscular_branches_of_nerve_tibial_left_05 [Motor MRG Neuron 15.00um]  (Soleus_Motor_Nerves_15um),Motor MRG Neuron,15.00um,L5_sciatic,DO-C,30,2.78125,278.125,node[0]
43,Nerve_root_L4_L5_muscular_branches_of_nerve_sciatic_right_03 [Motor MRG Neuron 15.00um]  (Soleus_Motor_Nerves_15um),Motor MRG Neuron,15.00um,L4_L5,DO-C,30,2.78125,278.125,node[82]
247,Nerve_root_L5_sciatic_muscular_branches_of_nerve_tibial_left_03 [Motor MRG Neuron 15.00um]  (Soleus_Motor_Nerves_15um),Motor MRG Neuron,15.00um,L5_sciatic,DO-C,30,2.78125,278.125,node[0]
295,Nerve_root_L5_sciatic_nerve_tibial_left_02 [Motor MRG Neuron 15.00um]  (Soleus_Motor_Nerves_15um),Motor MRG Neuron,15.00um,L5_sciatic,DO-C,30,2.78125,278.125,node[0]
157,Nerve_root_L4_L5_sciatic_nerve_tibial_right_04 [Motor MRG Neuron 15.00um]  (Soleus_Motor_Nerves_15um),Motor MRG Neuron,15.00um,L4_L5,DO-C,30,2.78125,278.125,node[82]
151,Nerve_root_L4_L5_sciatic_nerve_tibial_right_03 [Motor MRG Neuron 15.00um]  (Soleus_Motor_Nerves_15um),Motor MRG Neuron,15.00um,L4_L5,DO-C,30,2.78125,278.125,node[82]
301,Nerve_root_L5_sciatic_nerve_tibial_left_03 [Motor MRG Neuron 15.00um]  (Soleus_Motor_Nerves_15um),Motor MRG Neuron,15.00um,L5_sciatic,DO-C,30,2.78125,278.125,node[0]
319,Nerve_root_L5_sciatic_nerve_tibial_right_01 [Motor MRG Neuron 15.00um]  (Soleus_Motor_Nerves_15um),Motor MRG Neuron,15.00um,L5_sciatic,DO-C,30,2.828125,282.8125,node[0]
337,Nerve_root_L5_sciatic_nerve_tibial_right_04 [Motor MRG Neuron 15.00um]  (Soleus_Motor_Nerves_15um),Motor MRG Neuron,15.00um,L5_sciatic,DO-C,30,2.828125,282.8125,node[0]
331,Nerve_root_L5_sciatic_nerve_tibial_right_03 [Motor MRG Neuron 15.00um]  (Soleus_Motor_Nerves_15um),Motor MRG Neuron,15.00um,L5_sciatic,DO-C,30,2.828125,282.8125,node[0]
325,Nerve_root_L5_sciatic_nerve_tibial_right_02 [Motor MRG Neuron 15.00um]  (Soleus_Motor_Nerves_15um),Motor MRG Neuron,15.00um,L5_sciatic,DO-C,30,2.828125,282.8125,node[0]
271,Nerve_root_L5_sciatic_muscular_branches_of_nerve_tibial_right_02 [Motor MRG Neuron 15.00um]  (Soleus_Motor_Nerves_15um),Motor MRG Neuron,15.00um,L5_sciatic,DO-C,30,2.828125,282.8125,node[0]
277,Nerve_root_L5_sciatic_muscular_branches_of_nerve_tibial_right_03 [Motor MRG Neuron 15.00um]  (Soleus_Motor_Nerves_15um),Motor MRG Neuron,15.00um,L5_sciatic,DO-C,30,2.828125,282.8125,node[0]
265,Nerve_root_L5_sciatic_muscular_branches_of_nerve_tibial_right_01 [Motor MRG Neuron 15.00um]  (Soleus_Motor_Nerves_15um),Motor MRG Neuron,15.00um,L5_sciatic,DO-C,30,2.828125,282.8125,node[0]
349,Nerve_root_L5_sciatic_nerve_tibial_right_06 [Motor MRG Neuron 15.00um]  (Soleus_Motor_Nerves_15um),Motor MRG Neuron,15.00um,L5_sciatic,DO-C,30,2.828125,282.8125,node[0]
283,Nerve_root_L5_sciatic_muscular_branches_of_nerve_tibial_right_04 [Motor MRG Neuron 15.00um]  (Soleus_Motor_Nerves_15um),Motor MRG Neuron,15.00um,L5_sciatic,DO-C,30,2.828125,282.8125,node[0]
343,Nerve_root_L5_sciatic_nerve_tibial_right_05 [Motor MRG Neuron 15.00um]  (Soleus_Motor_Nerves_15um),Motor MRG Neuron,15.00um,L5_sciatic,DO-C,30,2.828125,282.8125,node[0]
355,Nerve_root_L5_sciatic_nerve_tibial_right_07 [Motor MRG Neuron 15.00um]  (Soleus_Motor_Nerves_15um),Motor MRG Neuron,15.00um,L5_sciatic,DO-C,30,2.828125,282.8125,node[0]
564,Nerve_root_S2_muscular_branches_of_nerve_sciatic_right_01 [Motor MRG Neuron 10.00um]  (Soleus_Motor_Nerves_10um),Motor MRG Neuron,10.00um,S2_muscular,DO-C,30,3.03125,303.12500000000006,node[0]
582,Nerve_root_S2_muscular_branches_of_nerve_sciatic_right_04 [Motor MRG Neuron 10.00um]  (Soleus_Motor_Nerves_10um),Motor MRG Neuron,10.00um,S2_muscular,DO-C,30,3.046875,304.6875,node[0]
672,Nerve_root_S2_sciatic_nerve_tibial_right_01 [Motor MRG Neuron 10.00um]  (Soleus_Motor_Nerves_10um),Motor MRG Neuron,10.00um,S2_sciatic,DO-C,30,3.046875,304.6875,node[0]
708,Nerve_root_S2_sciatic_nerve_tibial_right_07 [Motor MRG Neuron 10.00um]  (Soleus_Motor_Nerves_10um),Motor MRG Neuron,10.00um,S2_sciatic,DO-C,30,3.046875,304.6875,node[0]
702,Nerve_root_S2_sciatic_nerve_tibial_right_06 [Motor MRG Neuron 10.00um]  (Soleus_Motor_Nerves_10um),Motor MRG Neuron,10.00um,S2_sciatic,DO-C,30,3.046875,304.6875,node[0]
678,Nerve_root_S2_sciatic_nerve_tibial_right_02 [Motor MRG Neuron 10.00um]  (Soleus_Motor_Nerves_10um),Motor MRG Neuron,10.00um,S2_sciatic,DO-C,30,3.046875,304.6875,node[0]
576,Nerve_root_S2_muscular_branches_of_nerve_sciatic_right_03 [Motor MRG Neuron 10.00um]  (Soleus_Motor_Nerves_10um),Motor MRG Neuron,10.00um,S2_muscular,DO-C,30,3.046875,304.6875,node[0]
684,Nerve_root_S2_sciatic_nerve_tibial_right_03 [Motor MRG Neuron 10.00um]  (Soleus_Motor_Nerves_10um),Motor MRG Neuron,10.00um,S2_sciatic,DO-C,30,3.046875,304.6875,node[0]
696,Nerve_root_S2_sciatic_nerve_tibial_right_05 [Motor MRG Neuron 10.00um]  (Soleus_Motor_Nerves_10um),Motor MRG Neuron,10.00um,S2_sciatic,DO-C,30,3.046875,304.6875,node[0]
636,Nerve_root_S2_sciatic_muscular_branches_of_nerve_tibial_right_04 [Motor MRG Neuron 10.00um]  (Soleus_Motor_Nerves_10um),Motor MRG Neuron,10.00um,S2_sciatic,DO-C,30,3.046875,304.6875,node[0]
618,Nerve_root_S2_sciatic_muscular_branches_of_nerve_tibial_right_01 [Motor MRG Neuron 10.00um]  (Soleus_Motor_Nerves_10um),Motor MRG Neuron,10.00um,S2_sciatic,DO-C,30,3.046875,304.6875,node[0]
690,Nerve_root_S2_sciatic_nerve_tibial_right_04 [Motor MRG Neuron 10.00um]  (Soleus_Motor_Nerves_10um),Motor MRG Neuron,10.00um,S2_sciatic,DO-C,30,3.046875,304.6875,node[0]
570,Nerve_root_S2_muscular_branches_of_nerve_sciatic_right_02 [Motor MRG Neuron 10.00um]  (Soleus_Motor_Nerves_10um),Motor MRG Neuron,10.00um,S2_muscular,DO-C,30,3.046875,304.6875,node[0]
624,Nerve_root_S2_sciatic_muscular_branches_of_nerve_tibial_right_02 [Motor MRG Neuron 10.00um]  (Soleus_Motor_Nerves_10um),Motor MRG Neuron,10.00um,S2_sciatic,DO-C,30,3.046875,304.6875,node[0]
630,Nerve_root_S2_sciatic_muscular_branches_of_nerve_tibial_right_03 [Motor MRG Neuron 10.00um]  (Soleus_Motor_Nerves_10um),Motor MRG Neuron,10.00um,S2_sciatic,DO-C,30,3.046875,304.6875,node[0]
462,Nerve_root_S1_sciatic_nerve_tibial_left_01 [Motor MRG Neuron 10.00um]  (Soleus_Motor_Nerves_10um),Motor MRG Neuron,10.00um,S1_sciatic,DO-C,30,3.1875,318.75000000000006,node[0]
426,Nerve_root_S1_sciatic_muscular_branches_of_nerve_tibial_left_04 [Motor MRG Neuron 10.00um]  (Soleus_Motor_Nerves_10um),Motor MRG Neuron,10.00um,S1_sciatic,DO-C,30,3.1875,318.75000000000006,node[0]
486,Nerve_root_S1_sciatic_nerve_tibial_left_05 [Motor MRG Neuron 10.00um]  (Soleus_Motor_Nerves_10um),Motor MRG Neuron,10.00um,S1_sciatic,DO-C,30,3.1875,318.75000000000006,node[0]
468,Nerve_root_S1_sciatic_nerve_tibial_left_02 [Motor MRG Neuron 10.00um]  (Soleus_Motor_Nerves_10um),Motor MRG Neuron,10.00um,S1_sciatic,DO-C,30,3.1875,318.75000000000006,node[0]
432,Nerve_root_S1_sciatic_muscular_branches_of_nerve_tibial_left_05 [Motor MRG Neuron 10.00um]  (Soleus_Motor_Nerves_10um),Motor MRG Neuron,10.00um,S1_sciatic,DO-C,30,3.1875,318.75000000000006,node[0]
408,Nerve_root_S1_sciatic_muscular_branches_of_nerve_tibial_left_01 [Motor MRG Neuron 10.00um]  (Soleus_Motor_Nerves_10um),Motor MRG Neuron,10.00um,S1_sciatic,DO-C,30,3.1875,318.75000000000006,node[0]
414,Nerve_root_S1_sciatic_muscular_branches_of_nerve_tibial_left_02 [Motor MRG Neuron 10.00um]  (Soleus_Motor_Nerves_10um),Motor MRG Neuron,10.00um,S1_sciatic,DO-C,30,3.1875,318.75000000000006,node[0]
420,Nerve_root_S1_sciatic_muscular_branches_of_nerve_tibial_left_03 [Motor MRG Neuron 10.00um]  (Soleus_Motor_Nerves_10um),Motor MRG Neuron,10.00um,S1_sciatic,DO-C,30,3.1875,318.75000000000006,node[0]
480,Nerve_root_S1_sciatic_nerve_tibial_left_04 [Motor MRG Neuron 10.00um]  (Soleus_Motor_Nerves_10um),Motor MRG Neuron,10.00um,S1_sciatic,DO-C,30,3.1875,318.75000000000006,node[0]
474,Nerve_root_S1_sciatic_nerve_tibial_left_03 [Motor MRG Neuron 10.00um]  (Soleus_Motor_Nerves_10um),Motor MRG Neuron,10.00um,S1_sciatic,DO-C,30,3.1875,318.75000000000006,node[0]
378,Nerve_root_S1_muscular_branches_of_nerve_sciatic_left_05 [Motor MRG Neuron 10.00um]  (Soleus_Motor_Nerves_10um),Motor MRG Neuron,10.00um,S1_muscular,DO-C,30,3.21875,321.875,node[0]
366,Nerve_root_S1_muscular_branches_of_nerve_sciatic_left_02 [Motor MRG Neuron 10.00um]  (Soleus_Motor_Nerves_10um),Motor MRG Neuron,10.00um,S1_muscular,DO-C,30,3.25,325.0,node[0]
360,Nerve_root_S1_muscular_branches_of_nerve_sciatic_left_01 [Motor MRG Neuron 10.00um]  (Soleus_Motor_Nerves_10um),Motor MRG Neuron,10.00um,S1_muscular,DO-C,30,3.25,325.0,node[0]
372,Nerve_root_S1_muscular_branches_of_nerve_sciatic_left_04 [Motor MRG Neuron 10.00um]  (Soleus_Motor_Nerves_10um),Motor MRG Neuron,10.00um,S1_muscular,DO-C,30,3.25,325.0,node[0]
396,Nerve_root_S1_muscular_branches_of_nerve_sciatic_right_03 [Motor MRG Neuron 10.00um]  (Soleus_Motor_Nerves_10um),Motor MRG Neuron,10.00um,S1_muscular,DO-C,30,3.28125,328.125,node[0]
384,Nerve_root_S1_muscular_branches_of_nerve_sciatic_right_01 [Motor MRG Neuron 10.00um]  (Soleus_Motor_Nerves_10um),Motor MRG Neuron,10.00um,S1_muscular,DO-C,30,3.28125,328.125,node[0]
390,Nerve_root_S1_muscular_branches_of_nerve_sciatic_right_02 [Motor MRG Neuron 10.00um]  (Soleus_Motor_Nerves_10um),Motor MRG Neuron,10.00um,S1_muscular,DO-C,30,3.28125,328.125,node[0]
402,Nerve_root_S1_muscular_branches_of_nerve_sciatic_right_04 [Motor MRG Neuron 10.00um]  (Soleus_Motor_Nerves_10um),Motor MRG Neuron,10.00um,S1_muscular,DO-C,30,3.53125,353.125,node[0]
516,Nerve_root_S1_sciatic_nerve_tibial_right_05 [Motor MRG Neuron 10.00um]  (Soleus_Motor_Nerves_10um),Motor MRG Neuron,10.00um,S1_sciatic,DO-C,30,3.5625,356.25,node[0]
444,Nerve_root_S1_sciatic_muscular_branches_of_nerve_tibial_right_02 [Motor MRG Neuron 10.00um]  (Soleus_Motor_Nerves_10um),Motor MRG Neuron,10.00um,S1_sciatic,DO-C,30,3.5625,356.25,node[0]
456,Nerve_root_S1_sciatic_muscular_branches_of_nerve_tibial_right_04 [Motor MRG Neuron 10.00um]  (Soleus_Motor_Nerves_10um),Motor MRG Neuron,10.00um,S1_sciatic,DO-C,30,3.5625,356.25,node[0]
510,Nerve_root_S1_sciatic_nerve_tibial_right_04 [Motor MRG Neuron 10.00um]  (Soleus_Motor_Nerves_10um),Motor MRG Neuron,10.00um,S1_sciatic,DO-C,30,3.5625,356.25,node[0]
450,Nerve_root_S1_sciatic_muscular_branches_of_nerve_tibial_right_03 [Motor MRG Neuron 10.00um]  (Soleus_Motor_Nerves_10um),Motor MRG Neuron,10.00um,S1_sciatic,DO-C,30,3.5625,356.25,node[0]
528,Nerve_root_S1_sciatic_nerve_tibial_right_07 [Motor MRG Neuron 10.00um]  (Soleus_Motor_Nerves_10um),Motor MRG Neuron,10.00um,S1_sciatic,DO-C,30,3.5625,356.25,node[0]
522,Nerve_root_S1_sciatic_nerve_tibial_right_06 [Motor MRG Neuron 10.00um]  (Soleus_Motor_Nerves_10um),Motor MRG Neuron,10.00um,S1_sciatic,DO-C,30,3.5625,356.25,node[0]
438,Nerve_root_S1_sciatic_muscular_branches_of_nerve_tibial_right_01 [Motor MRG Neuron 10.00um]  (Soleus_Motor_Nerves_10um),Motor MRG Neuron,10.00um,S1_sciatic,DO-C,30,3.5625,356.25,node[0]
504,Nerve_root_S1_sciatic_nerve_tibial_right_03 [Motor MRG Neuron 10.00um]  (Soleus_Motor_Nerves_10um),Motor MRG Neuron,10.00um,S1_sciatic,DO-C,30,3.5625,356.25,node[0]
498,Nerve_root_S1_sciatic_nerve_tibial_right_02 [Motor MRG Neuron 10.00um]  (Soleus_Motor_Nerves_10um),Motor MRG Neuron,10.00um,S1_sciatic,DO-C,30,3.5625,356.25,node[0]
492,Nerve_root_S1_sciatic_nerve_tibial_right_01 [Motor MRG Neuron 10.00um]  (Soleus_Motor_Nerves_10um),Motor MRG Neuron,10.00um,S1_sciatic,DO-C,30,3.5625,356.25,node[0]
666,Nerve_root_S2_sciatic_nerve_tibial_left_05 [Motor MRG Neuron 10.00um]  (Soleus_Motor_Nerves_10um),Motor MRG Neuron,10.00um,S2_sciatic,DO-C,30,3.65625,365.62500000000006,node[0]
594,Nerve_root_S2_sciatic_muscular_branches_of_nerve_tibial_left_02 [Motor MRG Neuron 10.00um]  (Soleus_Motor_Nerves_10um),Motor MRG Neuron,10.00um,S2_sciatic,DO-C,30,3.65625,365.62500000000006,node[0]
600,Nerve_root_S2_sciatic_muscular_branches_of_nerve_tibial_left_03 [Motor MRG Neuron 10.00um]  (Soleus_Motor_Nerves_10um),Motor MRG Neuron,10.00um,S2_sciatic,DO-C,30,3.65625,365.62500000000006,node[0]
606,Nerve_root_S2_sciatic_muscular_branches_of_nerve_tibial_left_04 [Motor MRG Neuron 10.00um]  (Soleus_Motor_Nerves_10um),Motor MRG Neuron,10.00um,S2_sciatic,DO-C,30,3.65625,365.62500000000006,node[0]
660,Nerve_root_S2_sciatic_nerve_tibial_left_04 [Motor MRG Neuron 10.00um]  (Soleus_Motor_Nerves_10um),Motor MRG Neuron,10.00um,S2_sciatic,DO-C,30,3.65625,365.62500000000006,node[0]
612,Nerve_root_S2_sciatic_muscular_branches_of_nerve_tibial_left_05 [Motor MRG Neuron 10.00um]  (Soleus_Motor_Nerves_10um),Motor MRG Neuron,10.00um,S2_sciatic,DO-C,30,3.65625,365.62500000000006,node[0]
654,Nerve_root_S2_sciatic_nerve_tibial_left_03 [Motor MRG Neuron 10.00um]  (Soleus_Motor_Nerves_10um),Motor MRG Neuron,10.00um,S2_sciatic,DO-C,30,3.65625,365.62500000000006,node[0]
642,Nerve_root_S2_sciatic_nerve_tibial_left_01 [Motor MRG Neuron 10.00um]  (Soleus_Motor_Nerves_10um),Motor MRG Neuron,10.00um,S2_sciatic,DO-C,30,3.65625,365.62500000000006,node[0]
648,Nerve_root_S2_sciatic_nerve_tibial_left_02 [Motor MRG Neuron 10.00um]  (Soleus_Motor_Nerves_10um),Motor MRG Neuron,10.00um,S2_sciatic,DO-C,30,3.65625,365.62500000000006,node[0]
588,Nerve_root_S2_sciatic_muscular_branches_of_nerve_tibial_left_01 [Motor MRG Neuron 10.00um]  (Soleus_Motor_Nerves_10um),Motor MRG Neuron,10.00um,S2_sciatic,DO-C,30,3.6875,368.75,node[0]
558,Nerve_root_S2_muscular_branches_of_nerve_sciatic_left_05 [Motor MRG Neuron 10.00um]  (Soleus_Motor_Nerves_10um),Motor MRG Neuron,10.00um,S2_muscular,DO-C,30,3.6875,368.75,node[0]
534,Nerve_root_S2_muscular_branches_of_nerve_sciatic_left_01 [Motor MRG Neuron 10.00um]  (Soleus_Motor_Nerves_10um),Motor MRG Neuron,10.00um,S2_muscular,DO-C,30,3.71875,371.875,node[0]
552,Nerve_root_S2_muscular_branches_of_nerve_sciatic_left_04 [Motor MRG Neuron 10.00um]  (Soleus_Motor_Nerves_10um),Motor MRG Neuron,10.00um,S2_muscular,DO-C,30,3.71875,371.875,node[0]
546,Nerve_root_S2_muscular_branches_of_nerve_sciatic_left_03 [Motor MRG Neuron 10.00um]  (Soleus_Motor_Nerves_10um),Motor MRG Neuron,10.00um,S2_muscular,DO-C,30,3.71875,371.875,node[0]
540,Nerve_root_S2_muscular_branches_of_nerve_sciatic_left_02 [Motor MRG Neuron 10.00um]  (Soleus_Motor_Nerves_10um),Motor MRG Neuron,10.00um,S2_muscular,DO-C,30,3.71875,371.875,node[0]
222,Nerve_root_L5_muscular_branches_of_nerve_sciatic_right_03 [Motor MRG Neuron 10.00um]  (Soleus_Motor_Nerves_10um),Motor MRG Neuron,10.00um,L5_muscular,DO-C,30,4.5,450.0,node[0]
216,Nerve_root_L5_muscular_branches_of_nerve_sciatic_right_02 [Motor MRG Neuron 10.00um]  (Soleus_Motor_Nerves_10um),Motor MRG Neuron,10.00um,L5_muscular,DO-C,30,4.53125,453.125,node[0]
228,Nerve_root_L5_muscular_branches_of_nerve_sciatic_right_04 [Motor MRG Neuron 10.00um]  (Soleus_Motor_Nerves_10um),Motor MRG Neuron,10.00um,L5_muscular,DO-C,30,4.53125,453.125,node[0]
210,Nerve_root_L5_muscular_branches_of_nerve_sciatic_right_01 [Motor MRG Neuron 10.00um]  (Soleus_Motor_Nerves_10um),Motor MRG Neuron,10.00um,L5_muscular,DO-C,30,4.53125,453.125,node[0]
234,Nerve_root_L5_sciatic_muscular_branches_of_nerve_tibial_left_01 [Motor MRG Neuron 10.00um]  (Soleus_Motor_Nerves_10um),Motor MRG Neuron,10.00um,L5_sciatic,DO-C,30,4.6875,468.75,node[0]
240,Nerve_root_L5_sciatic_muscular_branches_of_nerve_tibial_left_02 [Motor MRG Neuron 10.00um]  (Soleus_Motor_Nerves_10um),Motor MRG Neuron,10.00um,L5_sciatic,DO-C,30,4.71875,471.87500000000006,node[0]
186,Nerve_root_L5_muscular_branches_of_nerve_sciatic_left_02 [Motor MRG Neuron 10.00um]  (Soleus_Motor_Nerves_10um),Motor MRG Neuron,10.00um,L5_muscular,DO-C,30,4.71875,471.87500000000006,node[0]
180,Nerve_root_L5_muscular_branches_of_nerve_sciatic_left_01 [Motor MRG Neuron 10.00um]  (Soleus_Motor_Nerves_10um),Motor MRG Neuron,10.00um,L5_muscular,DO-C,30,4.71875,471.87500000000006,node[0]
300,Nerve_root_L5_sciatic_nerve_tibial_left_03 [Motor MRG Neuron 10.00um]  (Soleus_Motor_Nerves_10um),Motor MRG Neuron,10.00um,L5_sciatic,DO-C,30,4.71875,471.87500000000006,node[0]
306,Nerve_root_L5_sciatic_nerve_tibial_left_04 [Motor MRG Neuron 10.00um]  (Soleus_Motor_Nerves_10um),Motor MRG Neuron,10.00um,L5_sciatic,DO-C,30,4.71875,471.87500000000006,node[0]
294,Nerve_root_L5_sciatic_nerve_tibial_left_02 [Motor MRG Neuron 10.00um]  (Soleus_Motor_Nerves_10um),Motor MRG Neuron,10.00um,L5_sciatic,DO-C,30,4.71875,471.87500000000006,node[0]
192,Nerve_root_L5_muscular_branches_of_nerve_sciatic_left_03 [Motor MRG Neuron 10.00um]  (Soleus_Motor_Nerves_10um),Motor MRG Neuron,10.00um,L5_muscular,DO-C,30,4.71875,471.87500000000006,node[0]
246,Nerve_root_L5_sciatic_muscular_branches_of_nerve_tibial_left_03 [Motor MRG Neuron 10.00um]  (Soleus_Motor_Nerves_10um),Motor MRG Neuron,10.00um,L5_sciatic,DO-C,30,4.71875,471.87500000000006,node[0]
288,Nerve_root_L5_sciatic_nerve_tibial_left_01 [Motor MRG Neuron 10.00um]  (Soleus_Motor_Nerves_10um),Motor MRG Neuron,10.00um,L5_sciatic,DO-C,30,4.71875,471.87500000000006,node[0]
312,Nerve_root_L5_sciatic_nerve_tibial_left_05 [Motor MRG Neuron 10.00um]  (Soleus_Motor_Nerves_10um),Motor MRG Neuron,10.00um,L5_sciatic,DO-C,30,4.71875,471.87500000000006,node[0]
258,Nerve_root_L5_sciatic_muscular_branches_of_nerve_tibial_left_05 [Motor MRG Neuron 10.00um]  (Soleus_Motor_Nerves_10um),Motor MRG Neuron,10.00um,L5_sciatic,DO-C,30,4.71875,471.87500000000006,node[0]
252,Nerve_root_L5_sciatic_muscular_branches_of_nerve_tibial_left_04 [Motor MRG Neuron 10.00um]  (Soleus_Motor_Nerves_10um),Motor MRG Neuron,10.00um,L5_sciatic,DO-C,30,4.71875,471.87500000000006,node[0]
198,Nerve_root_L5_muscular_branches_of_nerve_sciatic_left_04 [Motor MRG Neuron 10.00um]  (Soleus_Motor_Nerves_10um),Motor MRG Neuron,10.00um,L5_muscular,DO-C,30,4.71875,471.87500000000006,node[0]
204,Nerve_root_L5_muscular_branches_of_nerve_sciatic_left_05 [Motor MRG Neuron 10.00um]  (Soleus_Motor_Nerves_10um),Motor MRG Neuron,10.00um,L5_muscular,DO-C,30,4.71875,471.87500000000006,node[0]
348,Nerve_root_L5_sciatic_nerve_tibial_right_06 [Motor MRG Neuron 10.00um]  (Soleus_Motor_Nerves_10um),Motor MRG Neuron,10.00um,L5_sciatic,DO-C,30,4.9375,493.75,node[0]
282,Nerve_root_L5_sciatic_muscular_branches_of_nerve_tibial_right_04 [Motor MRG Neuron 10.00um]  (Soleus_Motor_Nerves_10um),Motor MRG Neuron,10.00um,L5_sciatic,DO-C,30,4.9375,493.75,node[0]
336,Nerve_root_L5_sciatic_nerve_tibial_right_04 [Motor MRG Neuron 10.00um]  (Soleus_Motor_Nerves_10um),Motor MRG Neuron,10.00um,L5_sciatic,DO-C,30,4.9375,493.75,node[0]
318,Nerve_root_L5_sciatic_nerve_tibial_right_01 [Motor MRG Neuron 10.00um]  (Soleus_Motor_Nerves_10um),Motor MRG Neuron,10.00um,L5_sciatic,DO-C,30,4.9375,493.75,node[0]
270,Nerve_root_L5_sciatic_muscular_branches_of_nerve_tibial_right_02 [Motor MRG Neuron 10.00um]  (Soleus_Motor_Nerves_10um),Motor MRG Neuron,10.00um,L5_sciatic,DO-C,30,4.9375,493.75,node[0]
324,Nerve_root_L5_sciatic_nerve_tibial_right_02 [Motor MRG Neuron 10.00um]  (Soleus_Motor_Nerves_10um),Motor MRG Neuron,10.00um,L5_sciatic,DO-C,30,4.9375,493.75,node[0]
330,Nerve_root_L5_sciatic_nerve_tibial_right_03 [Motor MRG Neuron 10.00um]  (Soleus_Motor_Nerves_10um),Motor MRG Neuron,10.00um,L5_sciatic,DO-C,30,4.9375,493.75,node[0]
276,Nerve_root_L5_sciatic_muscular_branches_of_nerve_tibial_right_03 [Motor MRG Neuron 10.00um]  (Soleus_Motor_Nerves_10um),Motor MRG Neuron,10.00um,L5_sciatic,DO-C,30,4.9375,493.75,node[0]
264,Nerve_root_L5_sciatic_muscular_branches_of_nerve_tibial_right_01 [Motor MRG Neuron 10.00um]  (Soleus_Motor_Nerves_10um),Motor MRG Neuron,10.00um,L5_sciatic,DO-C,30,4.9375,493.75,node[0]
354,Nerve_root_L5_sciatic_nerve_tibial_right_07 [Motor MRG Neuron 10.00um]  (Soleus_Motor_Nerves_10um),Motor MRG Neuron,10.00um,L5_sciatic,DO-C,30,4.9375,493.75,node[0]
342,Nerve_root_L5_sciatic_nerve_tibial_right_05 [Motor MRG Neuron 10.00um]  (Soleus_Motor_Nerves_10um),Motor MRG Neuron,10.00um,L5_sciatic,DO-C,30,4.9375,493.75,node[0]
