,NeuronName,NeuronType,Fibre_Diameter,Location,Electrode_Config,Frequency,Titration_Factor,Activation_Threshold (mA),First_Spike_Loc
716,Nerve_ventral_root_T10_nerve_tenth_thoracic_left_01 [Motor MRG Neuron 20.00um]  (Ventral_Root_Nerves_(T7-L2)_20um),Motor MRG Neuron,20.00um,T10_nerve,DV-PU - new,30,0.00811767578125,0.811767578125,node[247]
719,Nerve_ventral_root_T10_nerve_tenth_thoracic_left_02 [Motor MRG Neuron 20.00um]  (Ventral_Root_Nerves_(T7-L2)_20um),Motor MRG Neuron,20.00um,T10_nerve,DV-PU - new,30,0.00830078125,0.8300781250000001,node[247]
755,Nerve_ventral_root_T12_nerve_twelfth_thoracic_right_02 [Motor MRG Neuron 20.00um]  (Ventral_Root_Nerves_(T7-L2)_20um),Motor MRG Neuron,20.00um,T12_nerve,DV-PU - new,30,0.0091552734375,0.91552734375,node[30]
752,Nerve_ventral_root_T12_nerve_twelfth_thoracic_right_01 [Motor MRG Neuron 20.00um]  (Ventral_Root_Nerves_(T7-L2)_20um),Motor MRG Neuron,20.00um,T12_nerve,DV-PU - new,30,0.0091552734375,0.91552734375,node[30]
754,Nerve_ventral_root_T12_nerve_twelfth_thoracic_right_02 [Motor MRG Neuron 15.00um]  (Ventral_Root_Nerves_(T7-L2)_15um),Motor MRG Neuron,15.00um,T12_nerve,DV-PU - new,30,0.00921630859375,0.9216308593750001,node[36]
751,Nerve_ventral_root_T12_nerve_twelfth_thoracic_right_01 [Motor MRG Neuron 15.00um]  (Ventral_Root_Nerves_(T7-L2)_15um),Motor MRG Neuron,15.00um,T12_nerve,DV-PU - new,30,0.00921630859375,0.9216308593750001,node[36]
715,Nerve_ventral_root_T10_nerve_tenth_thoracic_left_01 [Motor MRG Neuron 15.00um]  (Ventral_Root_Nerves_(T7-L2)_15um),Motor MRG Neuron,15.00um,T10_nerve,DV-PU - new,30,0.0098876953125,0.98876953125,node[297]
737,Nerve_ventral_root_T11_nerve_eleventh_thoracic_right_01 [Motor MRG Neuron 20.00um]  (Ventral_Root_Nerves_(T7-L2)_20um),Motor MRG Neuron,20.00um,T11_nerve,DV-PU - new,30,0.0098876953125,0.98876953125,node[27]
740,Nerve_ventral_root_T11_nerve_eleventh_thoracic_right_02 [Motor MRG Neuron 20.00um]  (Ventral_Root_Nerves_(T7-L2)_20um),Motor MRG Neuron,20.00um,T11_nerve,DV-PU - new,30,0.00994873046875,0.994873046875,node[26]
718,Nerve_ventral_root_T10_nerve_tenth_thoracic_left_02 [Motor MRG Neuron 15.00um]  (Ventral_Root_Nerves_(T7-L2)_15um),Motor MRG Neuron,15.00um,T10_nerve,DV-PU - new,30,0.01007080078125,1.007080078125,node[295]
753,Nerve_ventral_root_T12_nerve_twelfth_thoracic_right_02 [Motor MRG Neuron 10.00um]  (Ventral_Root_Nerves_(T7-L2)_10um),Motor MRG Neuron,10.00um,T12_nerve,DV-PU - new,30,0.01031494140625,1.0314941406250002,node[50]
750,Nerve_ventral_root_T12_nerve_twelfth_thoracic_right_01 [Motor MRG Neuron 10.00um]  (Ventral_Root_Nerves_(T7-L2)_10um),Motor MRG Neuron,10.00um,T12_nerve,DV-PU - new,30,0.01043701171875,1.043701171875,node[50]
736,Nerve_ventral_root_T11_nerve_eleventh_thoracic_right_01 [Motor MRG Neuron 15.00um]  (Ventral_Root_Nerves_(T7-L2)_15um),Motor MRG Neuron,15.00um,T11_nerve,DV-PU - new,30,0.01092529296875,1.0925292968750002,node[31]
739,Nerve_ventral_root_T11_nerve_eleventh_thoracic_right_02 [Motor MRG Neuron 15.00um]  (Ventral_Root_Nerves_(T7-L2)_15um),Motor MRG Neuron,15.00um,T11_nerve,DV-PU - new,30,0.01092529296875,1.0925292968750002,node[31]
735,Nerve_ventral_root_T11_nerve_eleventh_thoracic_right_01 [Motor MRG Neuron 10.00um]  (Ventral_Root_Nerves_(T7-L2)_10um),Motor MRG Neuron,10.00um,T11_nerve,DV-PU - new,30,0.0118408203125,1.1840820312500002,node[42]
738,Nerve_ventral_root_T11_nerve_eleventh_thoracic_right_02 [Motor MRG Neuron 10.00um]  (Ventral_Root_Nerves_(T7-L2)_10um),Motor MRG Neuron,10.00um,T11_nerve,DV-PU - new,30,0.01190185546875,1.190185546875,node[42]
714,Nerve_ventral_root_T10_nerve_tenth_thoracic_left_01 [Motor MRG Neuron 10.00um]  (Ventral_Root_Nerves_(T7-L2)_10um),Motor MRG Neuron,10.00um,T10_nerve,DV-PU - new,30,0.0137939453125,1.37939453125,node[405]
722,Nerve_ventral_root_T10_nerve_tenth_thoracic_right_01 [Motor MRG Neuron 20.00um]  (Ventral_Root_Nerves_(T7-L2)_20um),Motor MRG Neuron,20.00um,T10_nerve,DV-PU - new,30,0.0140380859375,1.40380859375,node[250]
725,Nerve_ventral_root_T10_nerve_tenth_thoracic_right_02 [Motor MRG Neuron 20.00um]  (Ventral_Root_Nerves_(T7-L2)_20um),Motor MRG Neuron,20.00um,T10_nerve,DV-PU - new,30,0.0140380859375,1.40380859375,node[250]
717,Nerve_ventral_root_T10_nerve_tenth_thoracic_left_02 [Motor MRG Neuron 10.00um]  (Ventral_Root_Nerves_(T7-L2)_10um),Motor MRG Neuron,10.00um,T10_nerve,DV-PU - new,30,0.01416015625,1.4160156250000002,node[405]
724,Nerve_ventral_root_T10_nerve_tenth_thoracic_right_02 [Motor MRG Neuron 15.00um]  (Ventral_Root_Nerves_(T7-L2)_15um),Motor MRG Neuron,15.00um,T10_nerve,DV-PU - new,30,0.0155029296875,1.5502929687500002,node[297]
721,Nerve_ventral_root_T10_nerve_tenth_thoracic_right_01 [Motor MRG Neuron 15.00um]  (Ventral_Root_Nerves_(T7-L2)_15um),Motor MRG Neuron,15.00um,T10_nerve,DV-PU - new,30,0.015625,1.5625,node[297]
720,Nerve_ventral_root_T10_nerve_tenth_thoracic_right_01 [Motor MRG Neuron 10.00um]  (Ventral_Root_Nerves_(T7-L2)_10um),Motor MRG Neuron,10.00um,T10_nerve,DV-PU - new,30,0.0177001953125,1.77001953125,node[405]
723,Nerve_ventral_root_T10_nerve_tenth_thoracic_right_02 [Motor MRG Neuron 10.00um]  (Ventral_Root_Nerves_(T7-L2)_10um),Motor MRG Neuron,10.00um,T10_nerve,DV-PU - new,30,0.0184326171875,1.8432617187500002,node[404]
728,Nerve_ventral_root_T11_nerve_eleventh_thoracic_left_01 [Motor MRG Neuron 20.00um]  (Ventral_Root_Nerves_(T7-L2)_20um),Motor MRG Neuron,20.00um,T11_nerve,DV-PU - new,30,0.0198974609375,1.98974609375,node[197]
731,Nerve_ventral_root_T11_nerve_eleventh_thoracic_left_02 [Motor MRG Neuron 20.00um]  (Ventral_Root_Nerves_(T7-L2)_20um),Motor MRG Neuron,20.00um,T11_nerve,DV-PU - new,30,0.0205078125,2.05078125,node[196]
743,Nerve_ventral_root_T12_nerve_twelfth_thoracic_left_01 [Motor MRG Neuron 20.00um]  (Ventral_Root_Nerves_(T7-L2)_20um),Motor MRG Neuron,20.00um,T12_nerve,DV-PU - new,30,0.0234375,2.3437500000000004,node[26]
746,Nerve_ventral_root_T12_nerve_twelfth_thoracic_left_02 [Motor MRG Neuron 20.00um]  (Ventral_Root_Nerves_(T7-L2)_20um),Motor MRG Neuron,20.00um,T12_nerve,DV-PU - new,30,0.023681640625,2.3681640625000004,node[25]
727,Nerve_ventral_root_T11_nerve_eleventh_thoracic_left_01 [Motor MRG Neuron 15.00um]  (Ventral_Root_Nerves_(T7-L2)_15um),Motor MRG Neuron,15.00um,T11_nerve,DV-PU - new,30,0.0244140625,2.44140625,node[234]
745,Nerve_ventral_root_T12_nerve_twelfth_thoracic_left_02 [Motor MRG Neuron 15.00um]  (Ventral_Root_Nerves_(T7-L2)_15um),Motor MRG Neuron,15.00um,T12_nerve,DV-PU - new,30,0.02490234375,2.4902343750000004,node[46]
741,Nerve_ventral_root_T12_nerve_twelfth_thoracic_left_01 [Motor MRG Neuron 10.00um]  (Ventral_Root_Nerves_(T7-L2)_10um),Motor MRG Neuron,10.00um,T12_nerve,DV-PU - new,30,0.02490234375,2.4902343750000004,node[40]
730,Nerve_ventral_root_T11_nerve_eleventh_thoracic_left_02 [Motor MRG Neuron 15.00um]  (Ventral_Root_Nerves_(T7-L2)_15um),Motor MRG Neuron,15.00um,T11_nerve,DV-PU - new,30,0.025146484375,2.5146484375,node[234]
742,Nerve_ventral_root_T12_nerve_twelfth_thoracic_left_01 [Motor MRG Neuron 15.00um]  (Ventral_Root_Nerves_(T7-L2)_15um),Motor MRG Neuron,15.00um,T12_nerve,DV-PU - new,30,0.025146484375,2.5146484375,node[47]
744,Nerve_ventral_root_T12_nerve_twelfth_thoracic_left_02 [Motor MRG Neuron 10.00um]  (Ventral_Root_Nerves_(T7-L2)_10um),Motor MRG Neuron,10.00um,T12_nerve,DV-PU - new,30,0.025146484375,2.5146484375,node[40]
749,Nerve_ventral_root_T12_nerve_twelfth_thoracic_left_03 [Motor MRG Neuron 20.00um]  (Ventral_Root_Nerves_(T7-L2)_20um),Motor MRG Neuron,20.00um,T12_nerve,DV-PU - new,30,0.03125,3.125,node[12]
747,Nerve_ventral_root_T12_nerve_twelfth_thoracic_left_03 [Motor MRG Neuron 10.00um]  (Ventral_Root_Nerves_(T7-L2)_10um),Motor MRG Neuron,10.00um,T12_nerve,DV-PU - new,30,0.03125,3.125,node[20]
748,Nerve_ventral_root_T12_nerve_twelfth_thoracic_left_03 [Motor MRG Neuron 15.00um]  (Ventral_Root_Nerves_(T7-L2)_15um),Motor MRG Neuron,15.00um,T12_nerve,DV-PU - new,30,0.03125,3.125,node[14]
786,Nerve_ventral_root_T9_nerve_ninth_thoracic_left_01 [Motor MRG Neuron 10.00um]  (Ventral_Root_Nerves_(T7-L2)_10um),Motor MRG Neuron,10.00um,T9_nerve,DV-PU - new,30,0.0380859375,3.8085937500000004,node[16]
789,Nerve_ventral_root_T9_nerve_ninth_thoracic_left_02 [Motor MRG Neuron 10.00um]  (Ventral_Root_Nerves_(T7-L2)_10um),Motor MRG Neuron,10.00um,T9_nerve,DV-PU - new,30,0.038330078125,3.8330078125000004,node[16]
726,Nerve_ventral_root_T11_nerve_eleventh_thoracic_left_01 [Motor MRG Neuron 10.00um]  (Ventral_Root_Nerves_(T7-L2)_10um),Motor MRG Neuron,10.00um,T11_nerve,DV-PU - new,30,0.038330078125,3.8330078125000004,node[319]
729,Nerve_ventral_root_T11_nerve_eleventh_thoracic_left_02 [Motor MRG Neuron 10.00um]  (Ventral_Root_Nerves_(T7-L2)_10um),Motor MRG Neuron,10.00um,T11_nerve,DV-PU - new,30,0.03955078125,3.955078125,node[319]
793,Nerve_ventral_root_T9_nerve_ninth_thoracic_right_01 [Motor MRG Neuron 15.00um]  (Ventral_Root_Nerves_(T7-L2)_15um),Motor MRG Neuron,15.00um,T9_nerve,DV-PU - new,30,0.0400390625,4.003906250000001,node[15]
796,Nerve_ventral_root_T9_nerve_ninth_thoracic_right_02 [Motor MRG Neuron 15.00um]  (Ventral_Root_Nerves_(T7-L2)_15um),Motor MRG Neuron,15.00um,T9_nerve,DV-PU - new,30,0.0400390625,4.003906250000001,node[15]
791,Nerve_ventral_root_T9_nerve_ninth_thoracic_left_02 [Motor MRG Neuron 20.00um]  (Ventral_Root_Nerves_(T7-L2)_20um),Motor MRG Neuron,20.00um,T9_nerve,DV-PU - new,30,0.04052734375,4.052734375,node[9]
788,Nerve_ventral_root_T9_nerve_ninth_thoracic_left_01 [Motor MRG Neuron 20.00um]  (Ventral_Root_Nerves_(T7-L2)_20um),Motor MRG Neuron,20.00um,T9_nerve,DV-PU - new,30,0.040771484375,4.0771484375,node[9]
790,Nerve_ventral_root_T9_nerve_ninth_thoracic_left_02 [Motor MRG Neuron 15.00um]  (Ventral_Root_Nerves_(T7-L2)_15um),Motor MRG Neuron,15.00um,T9_nerve,DV-PU - new,30,0.041259765625,4.125976562500001,node[30]
787,Nerve_ventral_root_T9_nerve_ninth_thoracic_left_01 [Motor MRG Neuron 15.00um]  (Ventral_Root_Nerves_(T7-L2)_15um),Motor MRG Neuron,15.00um,T9_nerve,DV-PU - new,30,0.04150390625,4.150390625,node[30]
794,Nerve_ventral_root_T9_nerve_ninth_thoracic_right_01 [Motor MRG Neuron 20.00um]  (Ventral_Root_Nerves_(T7-L2)_20um),Motor MRG Neuron,20.00um,T9_nerve,DV-PU - new,30,0.043212890625,4.3212890625,node[7]
797,Nerve_ventral_root_T9_nerve_ninth_thoracic_right_02 [Motor MRG Neuron 20.00um]  (Ventral_Root_Nerves_(T7-L2)_20um),Motor MRG Neuron,20.00um,T9_nerve,DV-PU - new,30,0.043212890625,4.3212890625,node[7]
792,Nerve_ventral_root_T9_nerve_ninth_thoracic_right_01 [Motor MRG Neuron 10.00um]  (Ventral_Root_Nerves_(T7-L2)_10um),Motor MRG Neuron,10.00um,T9_nerve,DV-PU - new,30,0.0439453125,4.39453125,node[20]
795,Nerve_ventral_root_T9_nerve_ninth_thoracic_right_02 [Motor MRG Neuron 10.00um]  (Ventral_Root_Nerves_(T7-L2)_10um),Motor MRG Neuron,10.00um,T9_nerve,DV-PU - new,30,0.044189453125,4.4189453125,node[20]
761,Nerve_ventral_root_T12_nerve_twelfth_thoracic_right_04 [Motor MRG Neuron 20.00um]  (Ventral_Root_Nerves_(T7-L2)_20um),Motor MRG Neuron,20.00um,T12_nerve,DV-PU - new,30,0.047607421875,4.7607421875,node[23]
758,Nerve_ventral_root_T12_nerve_twelfth_thoracic_right_03 [Motor MRG Neuron 20.00um]  (Ventral_Root_Nerves_(T7-L2)_20um),Motor MRG Neuron,20.00um,T12_nerve,DV-PU - new,30,0.05078125,5.078125,node[20]
782,Nerve_ventral_root_T8_nerve_eighth_thoracic_right_01 [Motor MRG Neuron 20.00um]  (Ventral_Root_Nerves_(T7-L2)_20um),Motor MRG Neuron,20.00um,T8_nerve,DV-PU - new,30,0.0546875,5.468750000000001,node[22]
785,Nerve_ventral_root_T8_nerve_eighth_thoracic_right_02 [Motor MRG Neuron 20.00um]  (Ventral_Root_Nerves_(T7-L2)_20um),Motor MRG Neuron,20.00um,T8_nerve,DV-PU - new,30,0.05517578125,5.517578125,node[21]
771,Nerve_ventral_root_T7_nerve_seventh_thoracic_right_02 [Motor MRG Neuron 10.00um]  (Ventral_Root_Nerves_(T7-L2)_10um),Motor MRG Neuron,10.00um,T7_nerve,DV-PU - new,30,0.06494140625,6.494140625,node[14]
781,Nerve_ventral_root_T8_nerve_eighth_thoracic_right_01 [Motor MRG Neuron 15.00um]  (Ventral_Root_Nerves_(T7-L2)_15um),Motor MRG Neuron,15.00um,T8_nerve,DV-PU - new,30,0.0654296875,6.54296875,node[25]
768,Nerve_ventral_root_T7_nerve_seventh_thoracic_right_01 [Motor MRG Neuron 10.00um]  (Ventral_Root_Nerves_(T7-L2)_10um),Motor MRG Neuron,10.00um,T7_nerve,DV-PU - new,30,0.0654296875,6.54296875,node[14]
784,Nerve_ventral_root_T8_nerve_eighth_thoracic_right_02 [Motor MRG Neuron 15.00um]  (Ventral_Root_Nerves_(T7-L2)_15um),Motor MRG Neuron,15.00um,T8_nerve,DV-PU - new,30,0.0654296875,6.54296875,node[15]
779,Nerve_ventral_root_T8_nerve_eighth_thoracic_left_02 [Motor MRG Neuron 20.00um]  (Ventral_Root_Nerves_(T7-L2)_20um),Motor MRG Neuron,20.00um,T8_nerve,DV-PU - new,30,0.06591796875,6.591796875,node[9]
776,Nerve_ventral_root_T8_nerve_eighth_thoracic_left_01 [Motor MRG Neuron 20.00um]  (Ventral_Root_Nerves_(T7-L2)_20um),Motor MRG Neuron,20.00um,T8_nerve,DV-PU - new,30,0.06591796875,6.591796875,node[9]
775,Nerve_ventral_root_T8_nerve_eighth_thoracic_left_01 [Motor MRG Neuron 15.00um]  (Ventral_Root_Nerves_(T7-L2)_15um),Motor MRG Neuron,15.00um,T8_nerve,DV-PU - new,30,0.06591796875,6.591796875,node[12]
778,Nerve_ventral_root_T8_nerve_eighth_thoracic_left_02 [Motor MRG Neuron 15.00um]  (Ventral_Root_Nerves_(T7-L2)_15um),Motor MRG Neuron,15.00um,T8_nerve,DV-PU - new,30,0.06640625,6.640625000000001,node[12]
769,Nerve_ventral_root_T7_nerve_seventh_thoracic_right_01 [Motor MRG Neuron 15.00um]  (Ventral_Root_Nerves_(T7-L2)_15um),Motor MRG Neuron,15.00um,T7_nerve,DV-PU - new,30,0.0673828125,6.73828125,node[10]
772,Nerve_ventral_root_T7_nerve_seventh_thoracic_right_02 [Motor MRG Neuron 15.00um]  (Ventral_Root_Nerves_(T7-L2)_15um),Motor MRG Neuron,15.00um,T7_nerve,DV-PU - new,30,0.0673828125,6.73828125,node[10]
773,Nerve_ventral_root_T7_nerve_seventh_thoracic_right_02 [Motor MRG Neuron 20.00um]  (Ventral_Root_Nerves_(T7-L2)_20um),Motor MRG Neuron,20.00um,T7_nerve,DV-PU - new,30,0.0703125,7.03125,node[9]
770,Nerve_ventral_root_T7_nerve_seventh_thoracic_right_01 [Motor MRG Neuron 20.00um]  (Ventral_Root_Nerves_(T7-L2)_20um),Motor MRG Neuron,20.00um,T7_nerve,DV-PU - new,30,0.0703125,7.03125,node[8]
734,Nerve_ventral_root_T11_nerve_eleventh_thoracic_left_03 [Motor MRG Neuron 20.00um]  (Ventral_Root_Nerves_(T7-L2)_20um),Motor MRG Neuron,20.00um,T11_nerve,DV-PU - new,30,0.07080078125,7.080078125,node[18]
760,Nerve_ventral_root_T12_nerve_twelfth_thoracic_right_04 [Motor MRG Neuron 15.00um]  (Ventral_Root_Nerves_(T7-L2)_15um),Motor MRG Neuron,15.00um,T12_nerve,DV-PU - new,30,0.07275390625,7.275390625,node[28]
780,Nerve_ventral_root_T8_nerve_eighth_thoracic_right_01 [Motor MRG Neuron 10.00um]  (Ventral_Root_Nerves_(T7-L2)_10um),Motor MRG Neuron,10.00um,T8_nerve,DV-PU - new,30,0.0751953125,7.51953125,node[20]
783,Nerve_ventral_root_T8_nerve_eighth_thoracic_right_02 [Motor MRG Neuron 10.00um]  (Ventral_Root_Nerves_(T7-L2)_10um),Motor MRG Neuron,10.00um,T8_nerve,DV-PU - new,30,0.07568359375,7.568359375,node[20]
805,Ventral_root_L1_nerve_iliohypogastric_left_01 [Motor MRG Neuron 15.00um]  (Ventral_Root_Nerves_(T7-L2)_15um),Motor MRG Neuron,15.00um,L1_nerve,DV-PU - new,30,0.076171875,7.617187500000001,node[20]
811,Ventral_root_L1_nerve_ilioinguinal_left_01 [Motor MRG Neuron 15.00um]  (Ventral_Root_Nerves_(T7-L2)_15um),Motor MRG Neuron,15.00um,L1_nerve,DV-PU - new,30,0.07666015625,7.666015625000001,node[20]
817,Ventral_root_L1_nerve_spinal_L1_left_01 [Motor MRG Neuron 15.00um]  (Ventral_Root_Nerves_(T7-L2)_15um),Motor MRG Neuron,15.00um,L1_nerve,DV-PU - new,30,0.0771484375,7.71484375,node[20]
828,Ventral_root_L2_nerve_femoral_left_01 [Motor MRG Neuron 10.00um]  (Ventral_Root_Nerves_(T7-L2)_10um),Motor MRG Neuron,10.00um,L2_nerve,DV-PU - new,30,0.0771484375,7.71484375,node[44]
757,Nerve_ventral_root_T12_nerve_twelfth_thoracic_right_03 [Motor MRG Neuron 15.00um]  (Ventral_Root_Nerves_(T7-L2)_15um),Motor MRG Neuron,15.00um,T12_nerve,DV-PU - new,30,0.07763671875,7.763671875,node[24]
812,Ventral_root_L1_nerve_ilioinguinal_left_01 [Motor MRG Neuron 20.00um]  (Ventral_Root_Nerves_(T7-L2)_20um),Motor MRG Neuron,20.00um,L1_nerve,DV-PU - new,30,0.07763671875,7.763671875,node[115]
818,Ventral_root_L1_nerve_spinal_L1_left_01 [Motor MRG Neuron 20.00um]  (Ventral_Root_Nerves_(T7-L2)_20um),Motor MRG Neuron,20.00um,L1_nerve,DV-PU - new,30,0.07763671875,7.763671875,node[115]
799,Ventral_root_L1_nerve_genitofemoral_left_01 [Motor MRG Neuron 15.00um]  (Ventral_Root_Nerves_(T7-L2)_15um),Motor MRG Neuron,15.00um,L1_nerve,DV-PU - new,30,0.078125,7.8125,node[20]
834,Ventral_root_L2_nerve_genitofemoral_left_01 [Motor MRG Neuron 10.00um]  (Ventral_Root_Nerves_(T7-L2)_10um),Motor MRG Neuron,10.00um,L2_nerve,DV-PU - new,30,0.07861328125,7.861328125000001,node[43]
836,Ventral_root_L2_nerve_genitofemoral_left_01 [Motor MRG Neuron 20.00um]  (Ventral_Root_Nerves_(T7-L2)_20um),Motor MRG Neuron,20.00um,L2_nerve,DV-PU - new,30,0.08203125,8.203125,node[27]
777,Nerve_ventral_root_T8_nerve_eighth_thoracic_left_02 [Motor MRG Neuron 10.00um]  (Ventral_Root_Nerves_(T7-L2)_10um),Motor MRG Neuron,10.00um,T8_nerve,DV-PU - new,30,0.08203125,8.203125,node[16]
774,Nerve_ventral_root_T8_nerve_eighth_thoracic_left_01 [Motor MRG Neuron 10.00um]  (Ventral_Root_Nerves_(T7-L2)_10um),Motor MRG Neuron,10.00um,T8_nerve,DV-PU - new,30,0.08251953125,8.251953125000002,node[16]
830,Ventral_root_L2_nerve_femoral_left_01 [Motor MRG Neuron 20.00um]  (Ventral_Root_Nerves_(T7-L2)_20um),Motor MRG Neuron,20.00um,L2_nerve,DV-PU - new,30,0.0830078125,8.30078125,node[26]
835,Ventral_root_L2_nerve_genitofemoral_left_01 [Motor MRG Neuron 15.00um]  (Ventral_Root_Nerves_(T7-L2)_15um),Motor MRG Neuron,15.00um,L2_nerve,DV-PU - new,30,0.08544921875,8.544921875,node[32]
829,Ventral_root_L2_nerve_femoral_left_01 [Motor MRG Neuron 15.00um]  (Ventral_Root_Nerves_(T7-L2)_15um),Motor MRG Neuron,15.00um,L2_nerve,DV-PU - new,30,0.08544921875,8.544921875,node[32]
822,Ventral_root_L2_L3_L4_nerve_obturator_left_01 [Motor MRG Neuron 10.00um]  (Ventral_Root_Nerves_(T7-L2)_10um),Motor MRG Neuron,10.00um,L2_L3,DV-PU - new,30,0.0859375,8.59375,node[43]
798,Ventral_root_L1_nerve_genitofemoral_left_01 [Motor MRG Neuron 10.00um]  (Ventral_Root_Nerves_(T7-L2)_10um),Motor MRG Neuron,10.00um,L1_nerve,DV-PU - new,30,0.08642578125,8.642578125,node[35]
823,Ventral_root_L2_L3_L4_nerve_obturator_left_01 [Motor MRG Neuron 15.00um]  (Ventral_Root_Nerves_(T7-L2)_15um),Motor MRG Neuron,15.00um,L2_L3,DV-PU - new,30,0.0869140625,8.69140625,node[31]
804,Ventral_root_L1_nerve_iliohypogastric_left_01 [Motor MRG Neuron 10.00um]  (Ventral_Root_Nerves_(T7-L2)_10um),Motor MRG Neuron,10.00um,L1_nerve,DV-PU - new,30,0.087890625,8.7890625,node[26]
810,Ventral_root_L1_nerve_ilioinguinal_left_01 [Motor MRG Neuron 10.00um]  (Ventral_Root_Nerves_(T7-L2)_10um),Motor MRG Neuron,10.00um,L1_nerve,DV-PU - new,30,0.087890625,8.7890625,node[27]
816,Ventral_root_L1_nerve_spinal_L1_left_01 [Motor MRG Neuron 10.00um]  (Ventral_Root_Nerves_(T7-L2)_10um),Motor MRG Neuron,10.00um,L1_nerve,DV-PU - new,30,0.08837890625,8.837890625,node[27]
806,Ventral_root_L1_nerve_iliohypogastric_left_01 [Motor MRG Neuron 20.00um]  (Ventral_Root_Nerves_(T7-L2)_20um),Motor MRG Neuron,20.00um,L1_nerve,DV-PU - new,30,0.0888671875,8.88671875,node[16]
802,Ventral_root_L1_nerve_genitofemoral_right_01 [Motor MRG Neuron 15.00um]  (Ventral_Root_Nerves_(T7-L2)_15um),Motor MRG Neuron,15.00um,L1_nerve,DV-PU - new,30,0.08935546875,8.935546875,node[21]
800,Ventral_root_L1_nerve_genitofemoral_left_01 [Motor MRG Neuron 20.00um]  (Ventral_Root_Nerves_(T7-L2)_20um),Motor MRG Neuron,20.00um,L1_nerve,DV-PU - new,30,0.0908203125,9.08203125,node[185]
820,Ventral_root_L1_nerve_spinal_L1_right_01 [Motor MRG Neuron 15.00um]  (Ventral_Root_Nerves_(T7-L2)_15um),Motor MRG Neuron,15.00um,L1_nerve,DV-PU - new,30,0.09423828125,9.423828125,node[21]
814,Ventral_root_L1_nerve_ilioinguinal_right_01 [Motor MRG Neuron 15.00um]  (Ventral_Root_Nerves_(T7-L2)_15um),Motor MRG Neuron,15.00um,L1_nerve,DV-PU - new,30,0.09423828125,9.423828125,node[21]
808,Ventral_root_L1_nerve_iliohypogastric_right_01 [Motor MRG Neuron 15.00um]  (Ventral_Root_Nerves_(T7-L2)_15um),Motor MRG Neuron,15.00um,L1_nerve,DV-PU - new,30,0.0947265625,9.472656250000002,node[21]
765,Nerve_ventral_root_T7_nerve_seventh_thoracic_left_02 [Motor MRG Neuron 10.00um]  (Ventral_Root_Nerves_(T7-L2)_10um),Motor MRG Neuron,10.00um,T7_nerve,DV-PU - new,30,0.09521484375,9.521484375,node[15]
762,Nerve_ventral_root_T7_nerve_seventh_thoracic_left_01 [Motor MRG Neuron 10.00um]  (Ventral_Root_Nerves_(T7-L2)_10um),Motor MRG Neuron,10.00um,T7_nerve,DV-PU - new,30,0.095703125,9.5703125,node[15]
824,Ventral_root_L2_L3_L4_nerve_obturator_left_01 [Motor MRG Neuron 20.00um]  (Ventral_Root_Nerves_(T7-L2)_20um),Motor MRG Neuron,20.00um,L2_L3,DV-PU - new,30,0.099609375,9.960937500000002,node[26]
763,Nerve_ventral_root_T7_nerve_seventh_thoracic_left_01 [Motor MRG Neuron 15.00um]  (Ventral_Root_Nerves_(T7-L2)_15um),Motor MRG Neuron,15.00um,T7_nerve,DV-PU - new,30,0.1015625,10.15625,node[11]
766,Nerve_ventral_root_T7_nerve_seventh_thoracic_left_02 [Motor MRG Neuron 15.00um]  (Ventral_Root_Nerves_(T7-L2)_15um),Motor MRG Neuron,15.00um,T7_nerve,DV-PU - new,30,0.1015625,10.15625,node[11]
815,Ventral_root_L1_nerve_ilioinguinal_right_01 [Motor MRG Neuron 20.00um]  (Ventral_Root_Nerves_(T7-L2)_20um),Motor MRG Neuron,20.00um,L1_nerve,DV-PU - new,30,0.1025390625,10.25390625,node[27]
239,Nerve_root_L5_sciatic_muscular_branches_of_nerve_tibial_left_01 [Sensory MRG Neuron 20.00um]  (Soleus_Sensory_Nerves_20um),Sensory MRG Neuron,20.00um,L5_sciatic,DV-PU - new,30,0.103515625,10.351562500000002,node[0]
191,Nerve_root_L5_muscular_branches_of_nerve_sciatic_left_02 [Sensory MRG Neuron 20.00um]  (Soleus_Sensory_Nerves_20um),Sensory MRG Neuron,20.00um,L5_muscular,DV-PU - new,30,0.103515625,10.351562500000002,node[0]
203,Nerve_root_L5_muscular_branches_of_nerve_sciatic_left_04 [Sensory MRG Neuron 20.00um]  (Soleus_Sensory_Nerves_20um),Sensory MRG Neuron,20.00um,L5_muscular,DV-PU - new,30,0.103515625,10.351562500000002,node[0]
185,Nerve_root_L5_muscular_branches_of_nerve_sciatic_left_01 [Sensory MRG Neuron 20.00um]  (Soleus_Sensory_Nerves_20um),Sensory MRG Neuron,20.00um,L5_muscular,DV-PU - new,30,0.103515625,10.351562500000002,node[0]
809,Ventral_root_L1_nerve_iliohypogastric_right_01 [Motor MRG Neuron 20.00um]  (Ventral_Root_Nerves_(T7-L2)_20um),Motor MRG Neuron,20.00um,L1_nerve,DV-PU - new,30,0.103515625,10.351562500000002,node[27]
767,Nerve_ventral_root_T7_nerve_seventh_thoracic_left_02 [Motor MRG Neuron 20.00um]  (Ventral_Root_Nerves_(T7-L2)_20um),Motor MRG Neuron,20.00um,T7_nerve,DV-PU - new,30,0.1044921875,10.449218750000002,node[9]
821,Ventral_root_L1_nerve_spinal_L1_right_01 [Motor MRG Neuron 20.00um]  (Ventral_Root_Nerves_(T7-L2)_20um),Motor MRG Neuron,20.00um,L1_nerve,DV-PU - new,30,0.1044921875,10.449218750000002,node[27]
764,Nerve_ventral_root_T7_nerve_seventh_thoracic_left_01 [Motor MRG Neuron 20.00um]  (Ventral_Root_Nerves_(T7-L2)_20um),Motor MRG Neuron,20.00um,T7_nerve,DV-PU - new,30,0.1044921875,10.449218750000002,node[9]
733,Nerve_ventral_root_T11_nerve_eleventh_thoracic_left_03 [Motor MRG Neuron 15.00um]  (Ventral_Root_Nerves_(T7-L2)_15um),Motor MRG Neuron,15.00um,T11_nerve,DV-PU - new,30,0.10546875,10.546875,node[22]
263,Nerve_root_L5_sciatic_muscular_branches_of_nerve_tibial_left_05 [Sensory MRG Neuron 20.00um]  (Soleus_Sensory_Nerves_20um),Sensory MRG Neuron,20.00um,L5_sciatic,DV-PU - new,30,0.10546875,10.546875,node[0]
257,Nerve_root_L5_sciatic_muscular_branches_of_nerve_tibial_left_04 [Sensory MRG Neuron 20.00um]  (Soleus_Sensory_Nerves_20um),Sensory MRG Neuron,20.00um,L5_sciatic,DV-PU - new,30,0.10546875,10.546875,node[0]
251,Nerve_root_L5_sciatic_muscular_branches_of_nerve_tibial_left_03 [Sensory MRG Neuron 20.00um]  (Soleus_Sensory_Nerves_20um),Sensory MRG Neuron,20.00um,L5_sciatic,DV-PU - new,30,0.10546875,10.546875,node[0]
245,Nerve_root_L5_sciatic_muscular_branches_of_nerve_tibial_left_02 [Sensory MRG Neuron 20.00um]  (Soleus_Sensory_Nerves_20um),Sensory MRG Neuron,20.00um,L5_sciatic,DV-PU - new,30,0.10546875,10.546875,node[0]
305,Nerve_root_L5_sciatic_nerve_tibial_left_03 [Sensory MRG Neuron 20.00um]  (Soleus_Sensory_Nerves_20um),Sensory MRG Neuron,20.00um,L5_sciatic,DV-PU - new,30,0.10546875,10.546875,node[0]
317,Nerve_root_L5_sciatic_nerve_tibial_left_05 [Sensory MRG Neuron 20.00um]  (Soleus_Sensory_Nerves_20um),Sensory MRG Neuron,20.00um,L5_sciatic,DV-PU - new,30,0.10546875,10.546875,node[0]
299,Nerve_root_L5_sciatic_nerve_tibial_left_02 [Sensory MRG Neuron 20.00um]  (Soleus_Sensory_Nerves_20um),Sensory MRG Neuron,20.00um,L5_sciatic,DV-PU - new,30,0.10546875,10.546875,node[0]
311,Nerve_root_L5_sciatic_nerve_tibial_left_04 [Sensory MRG Neuron 20.00um]  (Soleus_Sensory_Nerves_20um),Sensory MRG Neuron,20.00um,L5_sciatic,DV-PU - new,30,0.10546875,10.546875,node[0]
293,Nerve_root_L5_sciatic_nerve_tibial_left_01 [Sensory MRG Neuron 20.00um]  (Soleus_Sensory_Nerves_20um),Sensory MRG Neuron,20.00um,L5_sciatic,DV-PU - new,30,0.10546875,10.546875,node[0]
197,Nerve_root_L5_muscular_branches_of_nerve_sciatic_left_03 [Sensory MRG Neuron 20.00um]  (Soleus_Sensory_Nerves_20um),Sensory MRG Neuron,20.00um,L5_muscular,DV-PU - new,30,0.1064453125,10.64453125,node[0]
803,Ventral_root_L1_nerve_genitofemoral_right_01 [Motor MRG Neuron 20.00um]  (Ventral_Root_Nerves_(T7-L2)_20um),Motor MRG Neuron,20.00um,L1_nerve,DV-PU - new,30,0.1064453125,10.64453125,node[17]
59,Nerve_root_L4_L5_sciatic_muscular_branches_of_nerve_tibial_left_01 [Sensory MRG Neuron 20.00um]  (Soleus_Sensory_Nerves_20um),Sensory MRG Neuron,20.00um,L4_L5,DV-PU - new,30,0.107421875,10.7421875,node[0]
23,Nerve_root_L4_L5_muscular_branches_of_nerve_sciatic_left_04 [Sensory MRG Neuron 20.00um]  (Soleus_Sensory_Nerves_20um),Sensory MRG Neuron,20.00um,L4_L5,DV-PU - new,30,0.107421875,10.7421875,node[0]
65,Nerve_root_L4_L5_sciatic_muscular_branches_of_nerve_tibial_left_02 [Sensory MRG Neuron 20.00um]  (Soleus_Sensory_Nerves_20um),Sensory MRG Neuron,20.00um,L4_L5,DV-PU - new,30,0.107421875,10.7421875,node[0]
209,Nerve_root_L5_muscular_branches_of_nerve_sciatic_left_05 [Sensory MRG Neuron 20.00um]  (Soleus_Sensory_Nerves_20um),Sensory MRG Neuron,20.00um,L5_muscular,DV-PU - new,30,0.107421875,10.7421875,node[0]
353,Nerve_root_L5_sciatic_nerve_tibial_right_06 [Sensory MRG Neuron 20.00um]  (Soleus_Sensory_Nerves_20um),Sensory MRG Neuron,20.00um,L5_sciatic,DV-PU - new,30,0.107421875,10.7421875,node[0]
17,Nerve_root_L4_L5_muscular_branches_of_nerve_sciatic_left_03 [Sensory MRG Neuron 20.00um]  (Soleus_Sensory_Nerves_20um),Sensory MRG Neuron,20.00um,L4_L5,DV-PU - new,30,0.107421875,10.7421875,node[0]
359,Nerve_root_L5_sciatic_nerve_tibial_right_07 [Sensory MRG Neuron 20.00um]  (Soleus_Sensory_Nerves_20um),Sensory MRG Neuron,20.00um,L5_sciatic,DV-PU - new,30,0.107421875,10.7421875,node[0]
341,Nerve_root_L5_sciatic_nerve_tibial_right_04 [Sensory MRG Neuron 20.00um]  (Soleus_Sensory_Nerves_20um),Sensory MRG Neuron,20.00um,L5_sciatic,DV-PU - new,30,0.107421875,10.7421875,node[0]
137,Nerve_root_L4_L5_sciatic_nerve_tibial_left_05 [Sensory MRG Neuron 20.00um]  (Soleus_Sensory_Nerves_20um),Sensory MRG Neuron,20.00um,L4_L5,DV-PU - new,30,0.107421875,10.7421875,node[0]
347,Nerve_root_L5_sciatic_nerve_tibial_right_05 [Sensory MRG Neuron 20.00um]  (Soleus_Sensory_Nerves_20um),Sensory MRG Neuron,20.00um,L5_sciatic,DV-PU - new,30,0.107421875,10.7421875,node[0]
269,Nerve_root_L5_sciatic_muscular_branches_of_nerve_tibial_right_01 [Sensory MRG Neuron 20.00um]  (Soleus_Sensory_Nerves_20um),Sensory MRG Neuron,20.00um,L5_sciatic,DV-PU - new,30,0.107421875,10.7421875,node[0]
131,Nerve_root_L4_L5_sciatic_nerve_tibial_left_04 [Sensory MRG Neuron 20.00um]  (Soleus_Sensory_Nerves_20um),Sensory MRG Neuron,20.00um,L4_L5,DV-PU - new,30,0.107421875,10.7421875,node[0]
275,Nerve_root_L5_sciatic_muscular_branches_of_nerve_tibial_right_02 [Sensory MRG Neuron 20.00um]  (Soleus_Sensory_Nerves_20um),Sensory MRG Neuron,20.00um,L5_sciatic,DV-PU - new,30,0.107421875,10.7421875,node[0]
335,Nerve_root_L5_sciatic_nerve_tibial_right_03 [Sensory MRG Neuron 20.00um]  (Soleus_Sensory_Nerves_20um),Sensory MRG Neuron,20.00um,L5_sciatic,DV-PU - new,30,0.107421875,10.7421875,node[0]
281,Nerve_root_L5_sciatic_muscular_branches_of_nerve_tibial_right_03 [Sensory MRG Neuron 20.00um]  (Soleus_Sensory_Nerves_20um),Sensory MRG Neuron,20.00um,L5_sciatic,DV-PU - new,30,0.107421875,10.7421875,node[0]
77,Nerve_root_L4_L5_sciatic_muscular_branches_of_nerve_tibial_left_04 [Sensory MRG Neuron 20.00um]  (Soleus_Sensory_Nerves_20um),Sensory MRG Neuron,20.00um,L4_L5,DV-PU - new,30,0.107421875,10.7421875,node[0]
125,Nerve_root_L4_L5_sciatic_nerve_tibial_left_03 [Sensory MRG Neuron 20.00um]  (Soleus_Sensory_Nerves_20um),Sensory MRG Neuron,20.00um,L4_L5,DV-PU - new,30,0.107421875,10.7421875,node[0]
287,Nerve_root_L5_sciatic_muscular_branches_of_nerve_tibial_right_04 [Sensory MRG Neuron 20.00um]  (Soleus_Sensory_Nerves_20um),Sensory MRG Neuron,20.00um,L5_sciatic,DV-PU - new,30,0.107421875,10.7421875,node[0]
329,Nerve_root_L5_sciatic_nerve_tibial_right_02 [Sensory MRG Neuron 20.00um]  (Soleus_Sensory_Nerves_20um),Sensory MRG Neuron,20.00um,L5_sciatic,DV-PU - new,30,0.107421875,10.7421875,node[0]
113,Nerve_root_L4_L5_sciatic_nerve_tibial_left_01 [Sensory MRG Neuron 20.00um]  (Soleus_Sensory_Nerves_20um),Sensory MRG Neuron,20.00um,L4_L5,DV-PU - new,30,0.107421875,10.7421875,node[0]
83,Nerve_root_L4_L5_sciatic_muscular_branches_of_nerve_tibial_left_05 [Sensory MRG Neuron 20.00um]  (Soleus_Sensory_Nerves_20um),Sensory MRG Neuron,20.00um,L4_L5,DV-PU - new,30,0.107421875,10.7421875,node[0]
71,Nerve_root_L4_L5_sciatic_muscular_branches_of_nerve_tibial_left_03 [Sensory MRG Neuron 20.00um]  (Soleus_Sensory_Nerves_20um),Sensory MRG Neuron,20.00um,L4_L5,DV-PU - new,30,0.107421875,10.7421875,node[0]
119,Nerve_root_L4_L5_sciatic_nerve_tibial_left_02 [Sensory MRG Neuron 20.00um]  (Soleus_Sensory_Nerves_20um),Sensory MRG Neuron,20.00um,L4_L5,DV-PU - new,30,0.107421875,10.7421875,node[0]
323,Nerve_root_L5_sciatic_nerve_tibial_right_01 [Sensory MRG Neuron 20.00um]  (Soleus_Sensory_Nerves_20um),Sensory MRG Neuron,20.00um,L5_sciatic,DV-PU - new,30,0.107421875,10.7421875,node[0]
233,Nerve_root_L5_muscular_branches_of_nerve_sciatic_right_04 [Sensory MRG Neuron 20.00um]  (Soleus_Sensory_Nerves_20um),Sensory MRG Neuron,20.00um,L5_muscular,DV-PU - new,30,0.1083984375,10.839843750000002,node[0]
215,Nerve_root_L5_muscular_branches_of_nerve_sciatic_right_01 [Sensory MRG Neuron 20.00um]  (Soleus_Sensory_Nerves_20um),Sensory MRG Neuron,20.00um,L5_muscular,DV-PU - new,30,0.1083984375,10.839843750000002,node[0]
5,Nerve_root_L4_L5_muscular_branches_of_nerve_sciatic_left_01 [Sensory MRG Neuron 20.00um]  (Soleus_Sensory_Nerves_20um),Sensory MRG Neuron,20.00um,L4_L5,DV-PU - new,30,0.109375,10.937500000000002,node[0]
11,Nerve_root_L4_L5_muscular_branches_of_nerve_sciatic_left_02 [Sensory MRG Neuron 20.00um]  (Soleus_Sensory_Nerves_20um),Sensory MRG Neuron,20.00um,L4_L5,DV-PU - new,30,0.109375,10.937500000000002,node[0]
221,Nerve_root_L5_muscular_branches_of_nerve_sciatic_right_02 [Sensory MRG Neuron 20.00um]  (Soleus_Sensory_Nerves_20um),Sensory MRG Neuron,20.00um,L5_muscular,DV-PU - new,30,0.109375,10.937500000000002,node[0]
29,Nerve_root_L4_L5_muscular_branches_of_nerve_sciatic_left_05 [Sensory MRG Neuron 20.00um]  (Soleus_Sensory_Nerves_20um),Sensory MRG Neuron,20.00um,L4_L5,DV-PU - new,30,0.1103515625,11.03515625,node[0]
41,Nerve_root_L4_L5_muscular_branches_of_nerve_sciatic_right_02 [Sensory MRG Neuron 20.00um]  (Soleus_Sensory_Nerves_20um),Sensory MRG Neuron,20.00um,L4_L5,DV-PU - new,30,0.1103515625,11.03515625,node[0]
47,Nerve_root_L4_L5_muscular_branches_of_nerve_sciatic_right_03 [Sensory MRG Neuron 20.00um]  (Soleus_Sensory_Nerves_20um),Sensory MRG Neuron,20.00um,L4_L5,DV-PU - new,30,0.1103515625,11.03515625,node[0]
167,Nerve_root_L4_L5_sciatic_nerve_tibial_right_05 [Sensory MRG Neuron 20.00um]  (Soleus_Sensory_Nerves_20um),Sensory MRG Neuron,20.00um,L4_L5,DV-PU - new,30,0.111328125,11.1328125,node[0]
161,Nerve_root_L4_L5_sciatic_nerve_tibial_right_04 [Sensory MRG Neuron 20.00um]  (Soleus_Sensory_Nerves_20um),Sensory MRG Neuron,20.00um,L4_L5,DV-PU - new,30,0.111328125,11.1328125,node[0]
179,Nerve_root_L4_L5_sciatic_nerve_tibial_right_07 [Sensory MRG Neuron 20.00um]  (Soleus_Sensory_Nerves_20um),Sensory MRG Neuron,20.00um,L4_L5,DV-PU - new,30,0.111328125,11.1328125,node[0]
173,Nerve_root_L4_L5_sciatic_nerve_tibial_right_06 [Sensory MRG Neuron 20.00um]  (Soleus_Sensory_Nerves_20um),Sensory MRG Neuron,20.00um,L4_L5,DV-PU - new,30,0.111328125,11.1328125,node[0]
101,Nerve_root_L4_L5_sciatic_muscular_branches_of_nerve_tibial_right_03 [Sensory MRG Neuron 20.00um]  (Soleus_Sensory_Nerves_20um),Sensory MRG Neuron,20.00um,L4_L5,DV-PU - new,30,0.111328125,11.1328125,node[0]
149,Nerve_root_L4_L5_sciatic_nerve_tibial_right_02 [Sensory MRG Neuron 20.00um]  (Soleus_Sensory_Nerves_20um),Sensory MRG Neuron,20.00um,L4_L5,DV-PU - new,30,0.111328125,11.1328125,node[0]
143,Nerve_root_L4_L5_sciatic_nerve_tibial_right_01 [Sensory MRG Neuron 20.00um]  (Soleus_Sensory_Nerves_20um),Sensory MRG Neuron,20.00um,L4_L5,DV-PU - new,30,0.111328125,11.1328125,node[0]
35,Nerve_root_L4_L5_muscular_branches_of_nerve_sciatic_right_01 [Sensory MRG Neuron 20.00um]  (Soleus_Sensory_Nerves_20um),Sensory MRG Neuron,20.00um,L4_L5,DV-PU - new,30,0.111328125,11.1328125,node[0]
155,Nerve_root_L4_L5_sciatic_nerve_tibial_right_03 [Sensory MRG Neuron 20.00um]  (Soleus_Sensory_Nerves_20um),Sensory MRG Neuron,20.00um,L4_L5,DV-PU - new,30,0.111328125,11.1328125,node[0]
107,Nerve_root_L4_L5_sciatic_muscular_branches_of_nerve_tibial_right_04 [Sensory MRG Neuron 20.00um]  (Soleus_Sensory_Nerves_20um),Sensory MRG Neuron,20.00um,L4_L5,DV-PU - new,30,0.111328125,11.1328125,node[0]
95,Nerve_root_L4_L5_sciatic_muscular_branches_of_nerve_tibial_right_02 [Sensory MRG Neuron 20.00um]  (Soleus_Sensory_Nerves_20um),Sensory MRG Neuron,20.00um,L4_L5,DV-PU - new,30,0.111328125,11.1328125,node[0]
89,Nerve_root_L4_L5_sciatic_muscular_branches_of_nerve_tibial_right_01 [Sensory MRG Neuron 20.00um]  (Soleus_Sensory_Nerves_20um),Sensory MRG Neuron,20.00um,L4_L5,DV-PU - new,30,0.111328125,11.1328125,node[0]
365,Nerve_root_S1_muscular_branches_of_nerve_sciatic_left_01 [Sensory MRG Neuron 20.00um]  (Soleus_Sensory_Nerves_20um),Sensory MRG Neuron,20.00um,S1_muscular,DV-PU - new,30,0.1123046875,11.23046875,node[0]
371,Nerve_root_S1_muscular_branches_of_nerve_sciatic_left_02 [Sensory MRG Neuron 20.00um]  (Soleus_Sensory_Nerves_20um),Sensory MRG Neuron,20.00um,S1_muscular,DV-PU - new,30,0.1123046875,11.23046875,node[0]
227,Nerve_root_L5_muscular_branches_of_nerve_sciatic_right_03 [Sensory MRG Neuron 20.00um]  (Soleus_Sensory_Nerves_20um),Sensory MRG Neuron,20.00um,L5_muscular,DV-PU - new,30,0.1123046875,11.23046875,node[0]
53,Nerve_root_L4_L5_muscular_branches_of_nerve_sciatic_right_04 [Sensory MRG Neuron 20.00um]  (Soleus_Sensory_Nerves_20um),Sensory MRG Neuron,20.00um,L4_L5,DV-PU - new,30,0.1123046875,11.23046875,node[0]
377,Nerve_root_S1_muscular_branches_of_nerve_sciatic_left_04 [Sensory MRG Neuron 20.00um]  (Soleus_Sensory_Nerves_20um),Sensory MRG Neuron,20.00um,S1_muscular,DV-PU - new,30,0.11328125,11.328125000000002,node[0]
545,Nerve_root_S2_muscular_branches_of_nerve_sciatic_left_02 [Sensory MRG Neuron 20.00um]  (Soleus_Sensory_Nerves_20um),Sensory MRG Neuron,20.00um,S2_muscular,DV-PU - new,30,0.1142578125,11.425781250000002,node[0]
383,Nerve_root_S1_muscular_branches_of_nerve_sciatic_left_05 [Sensory MRG Neuron 20.00um]  (Soleus_Sensory_Nerves_20um),Sensory MRG Neuron,20.00um,S1_muscular,DV-PU - new,30,0.1142578125,11.425781250000002,node[0]
575,Nerve_root_S2_muscular_branches_of_nerve_sciatic_right_02 [Sensory MRG Neuron 20.00um]  (Soleus_Sensory_Nerves_20um),Sensory MRG Neuron,20.00um,S2_muscular,DV-PU - new,30,0.1142578125,11.425781250000002,node[0]
539,Nerve_root_S2_muscular_branches_of_nerve_sciatic_left_01 [Sensory MRG Neuron 20.00um]  (Soleus_Sensory_Nerves_20um),Sensory MRG Neuron,20.00um,S2_muscular,DV-PU - new,30,0.1142578125,11.425781250000002,node[0]
581,Nerve_root_S2_muscular_branches_of_nerve_sciatic_right_03 [Sensory MRG Neuron 20.00um]  (Soleus_Sensory_Nerves_20um),Sensory MRG Neuron,20.00um,S2_muscular,DV-PU - new,30,0.1142578125,11.425781250000002,node[0]
563,Nerve_root_S2_muscular_branches_of_nerve_sciatic_left_05 [Sensory MRG Neuron 20.00um]  (Soleus_Sensory_Nerves_20um),Sensory MRG Neuron,20.00um,S2_muscular,DV-PU - new,30,0.115234375,11.5234375,node[0]
587,Nerve_root_S2_muscular_branches_of_nerve_sciatic_right_04 [Sensory MRG Neuron 20.00um]  (Soleus_Sensory_Nerves_20um),Sensory MRG Neuron,20.00um,S2_muscular,DV-PU - new,30,0.115234375,11.5234375,node[0]
491,Nerve_root_S1_sciatic_nerve_tibial_left_05 [Sensory MRG Neuron 20.00um]  (Soleus_Sensory_Nerves_20um),Sensory MRG Neuron,20.00um,S1_sciatic,DV-PU - new,30,0.1162109375,11.62109375,node[0]
431,Nerve_root_S1_sciatic_muscular_branches_of_nerve_tibial_left_04 [Sensory MRG Neuron 20.00um]  (Soleus_Sensory_Nerves_20um),Sensory MRG Neuron,20.00um,S1_sciatic,DV-PU - new,30,0.1162109375,11.62109375,node[0]
425,Nerve_root_S1_sciatic_muscular_branches_of_nerve_tibial_left_03 [Sensory MRG Neuron 20.00um]  (Soleus_Sensory_Nerves_20um),Sensory MRG Neuron,20.00um,S1_sciatic,DV-PU - new,30,0.1162109375,11.62109375,node[0]
485,Nerve_root_S1_sciatic_nerve_tibial_left_04 [Sensory MRG Neuron 20.00um]  (Soleus_Sensory_Nerves_20um),Sensory MRG Neuron,20.00um,S1_sciatic,DV-PU - new,30,0.1162109375,11.62109375,node[0]
413,Nerve_root_S1_sciatic_muscular_branches_of_nerve_tibial_left_01 [Sensory MRG Neuron 20.00um]  (Soleus_Sensory_Nerves_20um),Sensory MRG Neuron,20.00um,S1_sciatic,DV-PU - new,30,0.1162109375,11.62109375,node[0]
437,Nerve_root_S1_sciatic_muscular_branches_of_nerve_tibial_left_05 [Sensory MRG Neuron 20.00um]  (Soleus_Sensory_Nerves_20um),Sensory MRG Neuron,20.00um,S1_sciatic,DV-PU - new,30,0.1162109375,11.62109375,node[0]
479,Nerve_root_S1_sciatic_nerve_tibial_left_03 [Sensory MRG Neuron 20.00um]  (Soleus_Sensory_Nerves_20um),Sensory MRG Neuron,20.00um,S1_sciatic,DV-PU - new,30,0.1162109375,11.62109375,node[0]
473,Nerve_root_S1_sciatic_nerve_tibial_left_02 [Sensory MRG Neuron 20.00um]  (Soleus_Sensory_Nerves_20um),Sensory MRG Neuron,20.00um,S1_sciatic,DV-PU - new,30,0.1162109375,11.62109375,node[0]
467,Nerve_root_S1_sciatic_nerve_tibial_left_01 [Sensory MRG Neuron 20.00um]  (Soleus_Sensory_Nerves_20um),Sensory MRG Neuron,20.00um,S1_sciatic,DV-PU - new,30,0.1162109375,11.62109375,node[0]
419,Nerve_root_S1_sciatic_muscular_branches_of_nerve_tibial_left_02 [Sensory MRG Neuron 20.00um]  (Soleus_Sensory_Nerves_20um),Sensory MRG Neuron,20.00um,S1_sciatic,DV-PU - new,30,0.1162109375,11.62109375,node[0]
707,Nerve_root_S2_sciatic_nerve_tibial_right_06 [Sensory MRG Neuron 20.00um]  (Soleus_Sensory_Nerves_20um),Sensory MRG Neuron,20.00um,S2_sciatic,DV-PU - new,30,0.1171875,11.71875,node[0]
551,Nerve_root_S2_muscular_branches_of_nerve_sciatic_left_03 [Sensory MRG Neuron 20.00um]  (Soleus_Sensory_Nerves_20um),Sensory MRG Neuron,20.00um,S2_muscular,DV-PU - new,30,0.1171875,11.71875,node[0]
557,Nerve_root_S2_muscular_branches_of_nerve_sciatic_left_04 [Sensory MRG Neuron 20.00um]  (Soleus_Sensory_Nerves_20um),Sensory MRG Neuron,20.00um,S2_muscular,DV-PU - new,30,0.1171875,11.71875,node[0]
695,Nerve_root_S2_sciatic_nerve_tibial_right_04 [Sensory MRG Neuron 20.00um]  (Soleus_Sensory_Nerves_20um),Sensory MRG Neuron,20.00um,S2_sciatic,DV-PU - new,30,0.1171875,11.71875,node[0]
593,Nerve_root_S2_sciatic_muscular_branches_of_nerve_tibial_left_01 [Sensory MRG Neuron 20.00um]  (Soleus_Sensory_Nerves_20um),Sensory MRG Neuron,20.00um,S2_sciatic,DV-PU - new,30,0.1171875,11.71875,node[0]
623,Nerve_root_S2_sciatic_muscular_branches_of_nerve_tibial_right_01 [Sensory MRG Neuron 20.00um]  (Soleus_Sensory_Nerves_20um),Sensory MRG Neuron,20.00um,S2_sciatic,DV-PU - new,30,0.1171875,11.71875,node[0]
713,Nerve_root_S2_sciatic_nerve_tibial_right_07 [Sensory MRG Neuron 20.00um]  (Soleus_Sensory_Nerves_20um),Sensory MRG Neuron,20.00um,S2_sciatic,DV-PU - new,30,0.1171875,11.71875,node[0]
629,Nerve_root_S2_sciatic_muscular_branches_of_nerve_tibial_right_02 [Sensory MRG Neuron 20.00um]  (Soleus_Sensory_Nerves_20um),Sensory MRG Neuron,20.00um,S2_sciatic,DV-PU - new,30,0.1171875,11.71875,node[0]
683,Nerve_root_S2_sciatic_nerve_tibial_right_02 [Sensory MRG Neuron 20.00um]  (Soleus_Sensory_Nerves_20um),Sensory MRG Neuron,20.00um,S2_sciatic,DV-PU - new,30,0.1171875,11.71875,node[0]
635,Nerve_root_S2_sciatic_muscular_branches_of_nerve_tibial_right_03 [Sensory MRG Neuron 20.00um]  (Soleus_Sensory_Nerves_20um),Sensory MRG Neuron,20.00um,S2_sciatic,DV-PU - new,30,0.1171875,11.71875,node[0]
641,Nerve_root_S2_sciatic_muscular_branches_of_nerve_tibial_right_04 [Sensory MRG Neuron 20.00um]  (Soleus_Sensory_Nerves_20um),Sensory MRG Neuron,20.00um,S2_sciatic,DV-PU - new,30,0.1171875,11.71875,node[0]
701,Nerve_root_S2_sciatic_nerve_tibial_right_05 [Sensory MRG Neuron 20.00um]  (Soleus_Sensory_Nerves_20um),Sensory MRG Neuron,20.00um,S2_sciatic,DV-PU - new,30,0.1171875,11.71875,node[0]
677,Nerve_root_S2_sciatic_nerve_tibial_right_01 [Sensory MRG Neuron 20.00um]  (Soleus_Sensory_Nerves_20um),Sensory MRG Neuron,20.00um,S2_sciatic,DV-PU - new,30,0.1171875,11.71875,node[0]
689,Nerve_root_S2_sciatic_nerve_tibial_right_03 [Sensory MRG Neuron 20.00um]  (Soleus_Sensory_Nerves_20um),Sensory MRG Neuron,20.00um,S2_sciatic,DV-PU - new,30,0.1171875,11.71875,node[0]
569,Nerve_root_S2_muscular_branches_of_nerve_sciatic_right_01 [Sensory MRG Neuron 20.00um]  (Soleus_Sensory_Nerves_20um),Sensory MRG Neuron,20.00um,S2_muscular,DV-PU - new,30,0.1181640625,11.816406250000002,node[0]
407,Nerve_root_S1_muscular_branches_of_nerve_sciatic_right_04 [Sensory MRG Neuron 20.00um]  (Soleus_Sensory_Nerves_20um),Sensory MRG Neuron,20.00um,S1_muscular,DV-PU - new,30,0.1181640625,11.816406250000002,node[0]
807,Ventral_root_L1_nerve_iliohypogastric_right_01 [Motor MRG Neuron 10.00um]  (Ventral_Root_Nerves_(T7-L2)_10um),Motor MRG Neuron,10.00um,L1_nerve,DV-PU - new,30,0.119140625,11.914062500000002,node[28]
813,Ventral_root_L1_nerve_ilioinguinal_right_01 [Motor MRG Neuron 10.00um]  (Ventral_Root_Nerves_(T7-L2)_10um),Motor MRG Neuron,10.00um,L1_nerve,DV-PU - new,30,0.119140625,11.914062500000002,node[28]
533,Nerve_root_S1_sciatic_nerve_tibial_right_07 [Sensory MRG Neuron 20.00um]  (Soleus_Sensory_Nerves_20um),Sensory MRG Neuron,20.00um,S1_sciatic,DV-PU - new,30,0.119140625,11.914062500000002,node[0]
527,Nerve_root_S1_sciatic_nerve_tibial_right_06 [Sensory MRG Neuron 20.00um]  (Soleus_Sensory_Nerves_20um),Sensory MRG Neuron,20.00um,S1_sciatic,DV-PU - new,30,0.119140625,11.914062500000002,node[0]
443,Nerve_root_S1_sciatic_muscular_branches_of_nerve_tibial_right_01 [Sensory MRG Neuron 20.00um]  (Soleus_Sensory_Nerves_20um),Sensory MRG Neuron,20.00um,S1_sciatic,DV-PU - new,30,0.119140625,11.914062500000002,node[0]
449,Nerve_root_S1_sciatic_muscular_branches_of_nerve_tibial_right_02 [Sensory MRG Neuron 20.00um]  (Soleus_Sensory_Nerves_20um),Sensory MRG Neuron,20.00um,S1_sciatic,DV-PU - new,30,0.119140625,11.914062500000002,node[0]
521,Nerve_root_S1_sciatic_nerve_tibial_right_05 [Sensory MRG Neuron 20.00um]  (Soleus_Sensory_Nerves_20um),Sensory MRG Neuron,20.00um,S1_sciatic,DV-PU - new,30,0.119140625,11.914062500000002,node[0]
503,Nerve_root_S1_sciatic_nerve_tibial_right_02 [Sensory MRG Neuron 20.00um]  (Soleus_Sensory_Nerves_20um),Sensory MRG Neuron,20.00um,S1_sciatic,DV-PU - new,30,0.119140625,11.914062500000002,node[0]
509,Nerve_root_S1_sciatic_nerve_tibial_right_03 [Sensory MRG Neuron 20.00um]  (Soleus_Sensory_Nerves_20um),Sensory MRG Neuron,20.00um,S1_sciatic,DV-PU - new,30,0.119140625,11.914062500000002,node[0]
455,Nerve_root_S1_sciatic_muscular_branches_of_nerve_tibial_right_03 [Sensory MRG Neuron 20.00um]  (Soleus_Sensory_Nerves_20um),Sensory MRG Neuron,20.00um,S1_sciatic,DV-PU - new,30,0.119140625,11.914062500000002,node[0]
461,Nerve_root_S1_sciatic_muscular_branches_of_nerve_tibial_right_04 [Sensory MRG Neuron 20.00um]  (Soleus_Sensory_Nerves_20um),Sensory MRG Neuron,20.00um,S1_sciatic,DV-PU - new,30,0.119140625,11.914062500000002,node[0]
819,Ventral_root_L1_nerve_spinal_L1_right_01 [Motor MRG Neuron 10.00um]  (Ventral_Root_Nerves_(T7-L2)_10um),Motor MRG Neuron,10.00um,L1_nerve,DV-PU - new,30,0.119140625,11.914062500000002,node[28]
515,Nerve_root_S1_sciatic_nerve_tibial_right_04 [Sensory MRG Neuron 20.00um]  (Soleus_Sensory_Nerves_20um),Sensory MRG Neuron,20.00um,S1_sciatic,DV-PU - new,30,0.119140625,11.914062500000002,node[0]
497,Nerve_root_S1_sciatic_nerve_tibial_right_01 [Sensory MRG Neuron 20.00um]  (Soleus_Sensory_Nerves_20um),Sensory MRG Neuron,20.00um,S1_sciatic,DV-PU - new,30,0.119140625,11.914062500000002,node[0]
659,Nerve_root_S2_sciatic_nerve_tibial_left_03 [Sensory MRG Neuron 20.00um]  (Soleus_Sensory_Nerves_20um),Sensory MRG Neuron,20.00um,S2_sciatic,DV-PU - new,30,0.1201171875,12.01171875,node[0]
759,Nerve_ventral_root_T12_nerve_twelfth_thoracic_right_04 [Motor MRG Neuron 10.00um]  (Ventral_Root_Nerves_(T7-L2)_10um),Motor MRG Neuron,10.00um,T12_nerve,DV-PU - new,30,0.1201171875,12.01171875,node[12]
665,Nerve_root_S2_sciatic_nerve_tibial_left_04 [Sensory MRG Neuron 20.00um]  (Soleus_Sensory_Nerves_20um),Sensory MRG Neuron,20.00um,S2_sciatic,DV-PU - new,30,0.1201171875,12.01171875,node[0]
653,Nerve_root_S2_sciatic_nerve_tibial_left_02 [Sensory MRG Neuron 20.00um]  (Soleus_Sensory_Nerves_20um),Sensory MRG Neuron,20.00um,S2_sciatic,DV-PU - new,30,0.1201171875,12.01171875,node[0]
617,Nerve_root_S2_sciatic_muscular_branches_of_nerve_tibial_left_05 [Sensory MRG Neuron 20.00um]  (Soleus_Sensory_Nerves_20um),Sensory MRG Neuron,20.00um,S2_sciatic,DV-PU - new,30,0.1201171875,12.01171875,node[0]
611,Nerve_root_S2_sciatic_muscular_branches_of_nerve_tibial_left_04 [Sensory MRG Neuron 20.00um]  (Soleus_Sensory_Nerves_20um),Sensory MRG Neuron,20.00um,S2_sciatic,DV-PU - new,30,0.1201171875,12.01171875,node[0]
671,Nerve_root_S2_sciatic_nerve_tibial_left_05 [Sensory MRG Neuron 20.00um]  (Soleus_Sensory_Nerves_20um),Sensory MRG Neuron,20.00um,S2_sciatic,DV-PU - new,30,0.1201171875,12.01171875,node[0]
605,Nerve_root_S2_sciatic_muscular_branches_of_nerve_tibial_left_03 [Sensory MRG Neuron 20.00um]  (Soleus_Sensory_Nerves_20um),Sensory MRG Neuron,20.00um,S2_sciatic,DV-PU - new,30,0.1201171875,12.01171875,node[0]
647,Nerve_root_S2_sciatic_nerve_tibial_left_01 [Sensory MRG Neuron 20.00um]  (Soleus_Sensory_Nerves_20um),Sensory MRG Neuron,20.00um,S2_sciatic,DV-PU - new,30,0.1201171875,12.01171875,node[0]
599,Nerve_root_S2_sciatic_muscular_branches_of_nerve_tibial_left_02 [Sensory MRG Neuron 20.00um]  (Soleus_Sensory_Nerves_20um),Sensory MRG Neuron,20.00um,S2_sciatic,DV-PU - new,30,0.1201171875,12.01171875,node[0]
756,Nerve_ventral_root_T12_nerve_twelfth_thoracic_right_03 [Motor MRG Neuron 10.00um]  (Ventral_Root_Nerves_(T7-L2)_10um),Motor MRG Neuron,10.00um,T12_nerve,DV-PU - new,30,0.1201171875,12.01171875,node[12]
801,Ventral_root_L1_nerve_genitofemoral_right_01 [Motor MRG Neuron 10.00um]  (Ventral_Root_Nerves_(T7-L2)_10um),Motor MRG Neuron,10.00um,L1_nerve,DV-PU - new,30,0.123046875,12.304687500000002,node[28]
389,Nerve_root_S1_muscular_branches_of_nerve_sciatic_right_01 [Sensory MRG Neuron 20.00um]  (Soleus_Sensory_Nerves_20um),Sensory MRG Neuron,20.00um,S1_muscular,DV-PU - new,30,0.123046875,12.304687500000002,node[0]
401,Nerve_root_S1_muscular_branches_of_nerve_sciatic_right_03 [Sensory MRG Neuron 20.00um]  (Soleus_Sensory_Nerves_20um),Sensory MRG Neuron,20.00um,S1_muscular,DV-PU - new,30,0.125,12.5,node[0]
395,Nerve_root_S1_muscular_branches_of_nerve_sciatic_right_02 [Sensory MRG Neuron 20.00um]  (Soleus_Sensory_Nerves_20um),Sensory MRG Neuron,20.00um,S1_muscular,DV-PU - new,30,0.125,12.5,node[0]
4,Nerve_root_L4_L5_muscular_branches_of_nerve_sciatic_left_01 [Sensory MRG Neuron 15.00um]  (Soleus_Sensory_Nerves_15um),Sensory MRG Neuron,15.00um,L4_L5,DV-PU - new,30,0.1298828125,12.98828125,node[124]
10,Nerve_root_L4_L5_muscular_branches_of_nerve_sciatic_left_02 [Sensory MRG Neuron 15.00um]  (Soleus_Sensory_Nerves_15um),Sensory MRG Neuron,15.00um,L4_L5,DV-PU - new,30,0.1298828125,12.98828125,node[124]
208,Nerve_root_L5_muscular_branches_of_nerve_sciatic_left_05 [Sensory MRG Neuron 15.00um]  (Soleus_Sensory_Nerves_15um),Sensory MRG Neuron,15.00um,L5_muscular,DV-PU - new,30,0.1298828125,12.98828125,node[0]
244,Nerve_root_L5_sciatic_muscular_branches_of_nerve_tibial_left_02 [Sensory MRG Neuron 15.00um]  (Soleus_Sensory_Nerves_15um),Sensory MRG Neuron,15.00um,L5_sciatic,DV-PU - new,30,0.130859375,13.0859375,node[0]
304,Nerve_root_L5_sciatic_nerve_tibial_left_03 [Sensory MRG Neuron 15.00um]  (Soleus_Sensory_Nerves_15um),Sensory MRG Neuron,15.00um,L5_sciatic,DV-PU - new,30,0.130859375,13.0859375,node[0]
196,Nerve_root_L5_muscular_branches_of_nerve_sciatic_left_03 [Sensory MRG Neuron 15.00um]  (Soleus_Sensory_Nerves_15um),Sensory MRG Neuron,15.00um,L5_muscular,DV-PU - new,30,0.130859375,13.0859375,node[0]
310,Nerve_root_L5_sciatic_nerve_tibial_left_04 [Sensory MRG Neuron 15.00um]  (Soleus_Sensory_Nerves_15um),Sensory MRG Neuron,15.00um,L5_sciatic,DV-PU - new,30,0.130859375,13.0859375,node[0]
256,Nerve_root_L5_sciatic_muscular_branches_of_nerve_tibial_left_04 [Sensory MRG Neuron 15.00um]  (Soleus_Sensory_Nerves_15um),Sensory MRG Neuron,15.00um,L5_sciatic,DV-PU - new,30,0.130859375,13.0859375,node[0]
316,Nerve_root_L5_sciatic_nerve_tibial_left_05 [Sensory MRG Neuron 15.00um]  (Soleus_Sensory_Nerves_15um),Sensory MRG Neuron,15.00um,L5_sciatic,DV-PU - new,30,0.130859375,13.0859375,node[0]
250,Nerve_root_L5_sciatic_muscular_branches_of_nerve_tibial_left_03 [Sensory MRG Neuron 15.00um]  (Soleus_Sensory_Nerves_15um),Sensory MRG Neuron,15.00um,L5_sciatic,DV-PU - new,30,0.130859375,13.0859375,node[0]
298,Nerve_root_L5_sciatic_nerve_tibial_left_02 [Sensory MRG Neuron 15.00um]  (Soleus_Sensory_Nerves_15um),Sensory MRG Neuron,15.00um,L5_sciatic,DV-PU - new,30,0.130859375,13.0859375,node[0]
292,Nerve_root_L5_sciatic_nerve_tibial_left_01 [Sensory MRG Neuron 15.00um]  (Soleus_Sensory_Nerves_15um),Sensory MRG Neuron,15.00um,L5_sciatic,DV-PU - new,30,0.130859375,13.0859375,node[0]
238,Nerve_root_L5_sciatic_muscular_branches_of_nerve_tibial_left_01 [Sensory MRG Neuron 15.00um]  (Soleus_Sensory_Nerves_15um),Sensory MRG Neuron,15.00um,L5_sciatic,DV-PU - new,30,0.130859375,13.0859375,node[0]
262,Nerve_root_L5_sciatic_muscular_branches_of_nerve_tibial_left_05 [Sensory MRG Neuron 15.00um]  (Soleus_Sensory_Nerves_15um),Sensory MRG Neuron,15.00um,L5_sciatic,DV-PU - new,30,0.130859375,13.0859375,node[0]
190,Nerve_root_L5_muscular_branches_of_nerve_sciatic_left_02 [Sensory MRG Neuron 15.00um]  (Soleus_Sensory_Nerves_15um),Sensory MRG Neuron,15.00um,L5_muscular,DV-PU - new,30,0.130859375,13.0859375,node[0]
184,Nerve_root_L5_muscular_branches_of_nerve_sciatic_left_01 [Sensory MRG Neuron 15.00um]  (Soleus_Sensory_Nerves_15um),Sensory MRG Neuron,15.00um,L5_muscular,DV-PU - new,30,0.130859375,13.0859375,node[0]
274,Nerve_root_L5_sciatic_muscular_branches_of_nerve_tibial_right_02 [Sensory MRG Neuron 15.00um]  (Soleus_Sensory_Nerves_15um),Sensory MRG Neuron,15.00um,L5_sciatic,DV-PU - new,30,0.1318359375,13.18359375,node[0]
286,Nerve_root_L5_sciatic_muscular_branches_of_nerve_tibial_right_04 [Sensory MRG Neuron 15.00um]  (Soleus_Sensory_Nerves_15um),Sensory MRG Neuron,15.00um,L5_sciatic,DV-PU - new,30,0.1318359375,13.18359375,node[0]
280,Nerve_root_L5_sciatic_muscular_branches_of_nerve_tibial_right_03 [Sensory MRG Neuron 15.00um]  (Soleus_Sensory_Nerves_15um),Sensory MRG Neuron,15.00um,L5_sciatic,DV-PU - new,30,0.1318359375,13.18359375,node[0]
334,Nerve_root_L5_sciatic_nerve_tibial_right_03 [Sensory MRG Neuron 15.00um]  (Soleus_Sensory_Nerves_15um),Sensory MRG Neuron,15.00um,L5_sciatic,DV-PU - new,30,0.1318359375,13.18359375,node[0]
352,Nerve_root_L5_sciatic_nerve_tibial_right_06 [Sensory MRG Neuron 15.00um]  (Soleus_Sensory_Nerves_15um),Sensory MRG Neuron,15.00um,L5_sciatic,DV-PU - new,30,0.1318359375,13.18359375,node[0]
16,Nerve_root_L4_L5_muscular_branches_of_nerve_sciatic_left_03 [Sensory MRG Neuron 15.00um]  (Soleus_Sensory_Nerves_15um),Sensory MRG Neuron,15.00um,L4_L5,DV-PU - new,30,0.1318359375,13.18359375,node[124]
322,Nerve_root_L5_sciatic_nerve_tibial_right_01 [Sensory MRG Neuron 15.00um]  (Soleus_Sensory_Nerves_15um),Sensory MRG Neuron,15.00um,L5_sciatic,DV-PU - new,30,0.1318359375,13.18359375,node[0]
328,Nerve_root_L5_sciatic_nerve_tibial_right_02 [Sensory MRG Neuron 15.00um]  (Soleus_Sensory_Nerves_15um),Sensory MRG Neuron,15.00um,L5_sciatic,DV-PU - new,30,0.1318359375,13.18359375,node[0]
202,Nerve_root_L5_muscular_branches_of_nerve_sciatic_left_04 [Sensory MRG Neuron 15.00um]  (Soleus_Sensory_Nerves_15um),Sensory MRG Neuron,15.00um,L5_muscular,DV-PU - new,30,0.1318359375,13.18359375,node[0]
268,Nerve_root_L5_sciatic_muscular_branches_of_nerve_tibial_right_01 [Sensory MRG Neuron 15.00um]  (Soleus_Sensory_Nerves_15um),Sensory MRG Neuron,15.00um,L5_sciatic,DV-PU - new,30,0.1318359375,13.18359375,node[0]
340,Nerve_root_L5_sciatic_nerve_tibial_right_04 [Sensory MRG Neuron 15.00um]  (Soleus_Sensory_Nerves_15um),Sensory MRG Neuron,15.00um,L5_sciatic,DV-PU - new,30,0.1318359375,13.18359375,node[0]
358,Nerve_root_L5_sciatic_nerve_tibial_right_07 [Sensory MRG Neuron 15.00um]  (Soleus_Sensory_Nerves_15um),Sensory MRG Neuron,15.00um,L5_sciatic,DV-PU - new,30,0.1318359375,13.18359375,node[0]
346,Nerve_root_L5_sciatic_nerve_tibial_right_05 [Sensory MRG Neuron 15.00um]  (Soleus_Sensory_Nerves_15um),Sensory MRG Neuron,15.00um,L5_sciatic,DV-PU - new,30,0.1318359375,13.18359375,node[0]
376,Nerve_root_S1_muscular_branches_of_nerve_sciatic_left_04 [Sensory MRG Neuron 15.00um]  (Soleus_Sensory_Nerves_15um),Sensory MRG Neuron,15.00um,S1_muscular,DV-PU - new,30,0.1328125,13.281250000000002,node[0]
220,Nerve_root_L5_muscular_branches_of_nerve_sciatic_right_02 [Sensory MRG Neuron 15.00um]  (Soleus_Sensory_Nerves_15um),Sensory MRG Neuron,15.00um,L5_muscular,DV-PU - new,30,0.1328125,13.281250000000002,node[0]
22,Nerve_root_L4_L5_muscular_branches_of_nerve_sciatic_left_04 [Sensory MRG Neuron 15.00um]  (Soleus_Sensory_Nerves_15um),Sensory MRG Neuron,15.00um,L4_L5,DV-PU - new,30,0.1337890625,13.378906250000002,node[123]
82,Nerve_root_L4_L5_sciatic_muscular_branches_of_nerve_tibial_left_05 [Sensory MRG Neuron 15.00um]  (Soleus_Sensory_Nerves_15um),Sensory MRG Neuron,15.00um,L4_L5,DV-PU - new,30,0.1337890625,13.378906250000002,node[124]
70,Nerve_root_L4_L5_sciatic_muscular_branches_of_nerve_tibial_left_03 [Sensory MRG Neuron 15.00um]  (Soleus_Sensory_Nerves_15um),Sensory MRG Neuron,15.00um,L4_L5,DV-PU - new,30,0.1337890625,13.378906250000002,node[124]
58,Nerve_root_L4_L5_sciatic_muscular_branches_of_nerve_tibial_left_01 [Sensory MRG Neuron 15.00um]  (Soleus_Sensory_Nerves_15um),Sensory MRG Neuron,15.00um,L4_L5,DV-PU - new,30,0.1337890625,13.378906250000002,node[124]
76,Nerve_root_L4_L5_sciatic_muscular_branches_of_nerve_tibial_left_04 [Sensory MRG Neuron 15.00um]  (Soleus_Sensory_Nerves_15um),Sensory MRG Neuron,15.00um,L4_L5,DV-PU - new,30,0.1337890625,13.378906250000002,node[124]
214,Nerve_root_L5_muscular_branches_of_nerve_sciatic_right_01 [Sensory MRG Neuron 15.00um]  (Soleus_Sensory_Nerves_15um),Sensory MRG Neuron,15.00um,L5_muscular,DV-PU - new,30,0.1337890625,13.378906250000002,node[0]
64,Nerve_root_L4_L5_sciatic_muscular_branches_of_nerve_tibial_left_02 [Sensory MRG Neuron 15.00um]  (Soleus_Sensory_Nerves_15um),Sensory MRG Neuron,15.00um,L4_L5,DV-PU - new,30,0.134765625,13.4765625,node[0]
28,Nerve_root_L4_L5_muscular_branches_of_nerve_sciatic_left_05 [Sensory MRG Neuron 15.00um]  (Soleus_Sensory_Nerves_15um),Sensory MRG Neuron,15.00um,L4_L5,DV-PU - new,30,0.134765625,13.4765625,node[0]
118,Nerve_root_L4_L5_sciatic_nerve_tibial_left_02 [Sensory MRG Neuron 15.00um]  (Soleus_Sensory_Nerves_15um),Sensory MRG Neuron,15.00um,L4_L5,DV-PU - new,30,0.134765625,13.4765625,node[0]
382,Nerve_root_S1_muscular_branches_of_nerve_sciatic_left_05 [Sensory MRG Neuron 15.00um]  (Soleus_Sensory_Nerves_15um),Sensory MRG Neuron,15.00um,S1_muscular,DV-PU - new,30,0.134765625,13.4765625,node[0]
364,Nerve_root_S1_muscular_branches_of_nerve_sciatic_left_01 [Sensory MRG Neuron 15.00um]  (Soleus_Sensory_Nerves_15um),Sensory MRG Neuron,15.00um,S1_muscular,DV-PU - new,30,0.134765625,13.4765625,node[0]
112,Nerve_root_L4_L5_sciatic_nerve_tibial_left_01 [Sensory MRG Neuron 15.00um]  (Soleus_Sensory_Nerves_15um),Sensory MRG Neuron,15.00um,L4_L5,DV-PU - new,30,0.134765625,13.4765625,node[0]
124,Nerve_root_L4_L5_sciatic_nerve_tibial_left_03 [Sensory MRG Neuron 15.00um]  (Soleus_Sensory_Nerves_15um),Sensory MRG Neuron,15.00um,L4_L5,DV-PU - new,30,0.134765625,13.4765625,node[0]
136,Nerve_root_L4_L5_sciatic_nerve_tibial_left_05 [Sensory MRG Neuron 15.00um]  (Soleus_Sensory_Nerves_15um),Sensory MRG Neuron,15.00um,L4_L5,DV-PU - new,30,0.134765625,13.4765625,node[0]
370,Nerve_root_S1_muscular_branches_of_nerve_sciatic_left_02 [Sensory MRG Neuron 15.00um]  (Soleus_Sensory_Nerves_15um),Sensory MRG Neuron,15.00um,S1_muscular,DV-PU - new,30,0.134765625,13.4765625,node[0]
130,Nerve_root_L4_L5_sciatic_nerve_tibial_left_04 [Sensory MRG Neuron 15.00um]  (Soleus_Sensory_Nerves_15um),Sensory MRG Neuron,15.00um,L4_L5,DV-PU - new,30,0.134765625,13.4765625,node[0]
232,Nerve_root_L5_muscular_branches_of_nerve_sciatic_right_04 [Sensory MRG Neuron 15.00um]  (Soleus_Sensory_Nerves_15um),Sensory MRG Neuron,15.00um,L5_muscular,DV-PU - new,30,0.1357421875,13.57421875,node[0]
430,Nerve_root_S1_sciatic_muscular_branches_of_nerve_tibial_left_04 [Sensory MRG Neuron 15.00um]  (Soleus_Sensory_Nerves_15um),Sensory MRG Neuron,15.00um,S1_sciatic,DV-PU - new,30,0.13671875,13.671875,node[0]
472,Nerve_root_S1_sciatic_nerve_tibial_left_02 [Sensory MRG Neuron 15.00um]  (Soleus_Sensory_Nerves_15um),Sensory MRG Neuron,15.00um,S1_sciatic,DV-PU - new,30,0.13671875,13.671875,node[0]
436,Nerve_root_S1_sciatic_muscular_branches_of_nerve_tibial_left_05 [Sensory MRG Neuron 15.00um]  (Soleus_Sensory_Nerves_15um),Sensory MRG Neuron,15.00um,S1_sciatic,DV-PU - new,30,0.13671875,13.671875,node[0]
466,Nerve_root_S1_sciatic_nerve_tibial_left_01 [Sensory MRG Neuron 15.00um]  (Soleus_Sensory_Nerves_15um),Sensory MRG Neuron,15.00um,S1_sciatic,DV-PU - new,30,0.13671875,13.671875,node[0]
412,Nerve_root_S1_sciatic_muscular_branches_of_nerve_tibial_left_01 [Sensory MRG Neuron 15.00um]  (Soleus_Sensory_Nerves_15um),Sensory MRG Neuron,15.00um,S1_sciatic,DV-PU - new,30,0.13671875,13.671875,node[0]
478,Nerve_root_S1_sciatic_nerve_tibial_left_03 [Sensory MRG Neuron 15.00um]  (Soleus_Sensory_Nerves_15um),Sensory MRG Neuron,15.00um,S1_sciatic,DV-PU - new,30,0.13671875,13.671875,node[0]
484,Nerve_root_S1_sciatic_nerve_tibial_left_04 [Sensory MRG Neuron 15.00um]  (Soleus_Sensory_Nerves_15um),Sensory MRG Neuron,15.00um,S1_sciatic,DV-PU - new,30,0.13671875,13.671875,node[0]
490,Nerve_root_S1_sciatic_nerve_tibial_left_05 [Sensory MRG Neuron 15.00um]  (Soleus_Sensory_Nerves_15um),Sensory MRG Neuron,15.00um,S1_sciatic,DV-PU - new,30,0.13671875,13.671875,node[0]
226,Nerve_root_L5_muscular_branches_of_nerve_sciatic_right_03 [Sensory MRG Neuron 15.00um]  (Soleus_Sensory_Nerves_15um),Sensory MRG Neuron,15.00um,L5_muscular,DV-PU - new,30,0.13671875,13.671875,node[0]
424,Nerve_root_S1_sciatic_muscular_branches_of_nerve_tibial_left_03 [Sensory MRG Neuron 15.00um]  (Soleus_Sensory_Nerves_15um),Sensory MRG Neuron,15.00um,S1_sciatic,DV-PU - new,30,0.13671875,13.671875,node[0]
418,Nerve_root_S1_sciatic_muscular_branches_of_nerve_tibial_left_02 [Sensory MRG Neuron 15.00um]  (Soleus_Sensory_Nerves_15um),Sensory MRG Neuron,15.00um,S1_sciatic,DV-PU - new,30,0.13671875,13.671875,node[0]
682,Nerve_root_S2_sciatic_nerve_tibial_right_02 [Sensory MRG Neuron 15.00um]  (Soleus_Sensory_Nerves_15um),Sensory MRG Neuron,15.00um,S2_sciatic,DV-PU - new,30,0.138671875,13.867187500000002,node[0]
676,Nerve_root_S2_sciatic_nerve_tibial_right_01 [Sensory MRG Neuron 15.00um]  (Soleus_Sensory_Nerves_15um),Sensory MRG Neuron,15.00um,S2_sciatic,DV-PU - new,30,0.138671875,13.867187500000002,node[0]
688,Nerve_root_S2_sciatic_nerve_tibial_right_03 [Sensory MRG Neuron 15.00um]  (Soleus_Sensory_Nerves_15um),Sensory MRG Neuron,15.00um,S2_sciatic,DV-PU - new,30,0.138671875,13.867187500000002,node[0]
700,Nerve_root_S2_sciatic_nerve_tibial_right_05 [Sensory MRG Neuron 15.00um]  (Soleus_Sensory_Nerves_15um),Sensory MRG Neuron,15.00um,S2_sciatic,DV-PU - new,30,0.138671875,13.867187500000002,node[0]
712,Nerve_root_S2_sciatic_nerve_tibial_right_07 [Sensory MRG Neuron 15.00um]  (Soleus_Sensory_Nerves_15um),Sensory MRG Neuron,15.00um,S2_sciatic,DV-PU - new,30,0.138671875,13.867187500000002,node[0]
640,Nerve_root_S2_sciatic_muscular_branches_of_nerve_tibial_right_04 [Sensory MRG Neuron 15.00um]  (Soleus_Sensory_Nerves_15um),Sensory MRG Neuron,15.00um,S2_sciatic,DV-PU - new,30,0.138671875,13.867187500000002,node[0]
694,Nerve_root_S2_sciatic_nerve_tibial_right_04 [Sensory MRG Neuron 15.00um]  (Soleus_Sensory_Nerves_15um),Sensory MRG Neuron,15.00um,S2_sciatic,DV-PU - new,30,0.138671875,13.867187500000002,node[0]
628,Nerve_root_S2_sciatic_muscular_branches_of_nerve_tibial_right_02 [Sensory MRG Neuron 15.00um]  (Soleus_Sensory_Nerves_15um),Sensory MRG Neuron,15.00um,S2_sciatic,DV-PU - new,30,0.138671875,13.867187500000002,node[0]
706,Nerve_root_S2_sciatic_nerve_tibial_right_06 [Sensory MRG Neuron 15.00um]  (Soleus_Sensory_Nerves_15um),Sensory MRG Neuron,15.00um,S2_sciatic,DV-PU - new,30,0.138671875,13.867187500000002,node[0]
622,Nerve_root_S2_sciatic_muscular_branches_of_nerve_tibial_right_01 [Sensory MRG Neuron 15.00um]  (Soleus_Sensory_Nerves_15um),Sensory MRG Neuron,15.00um,S2_sciatic,DV-PU - new,30,0.138671875,13.867187500000002,node[0]
634,Nerve_root_S2_sciatic_muscular_branches_of_nerve_tibial_right_03 [Sensory MRG Neuron 15.00um]  (Soleus_Sensory_Nerves_15um),Sensory MRG Neuron,15.00um,S2_sciatic,DV-PU - new,30,0.138671875,13.867187500000002,node[0]
406,Nerve_root_S1_muscular_branches_of_nerve_sciatic_right_04 [Sensory MRG Neuron 15.00um]  (Soleus_Sensory_Nerves_15um),Sensory MRG Neuron,15.00um,S1_muscular,DV-PU - new,30,0.140625,14.0625,node[0]
544,Nerve_root_S2_muscular_branches_of_nerve_sciatic_left_02 [Sensory MRG Neuron 15.00um]  (Soleus_Sensory_Nerves_15um),Sensory MRG Neuron,15.00um,S2_muscular,DV-PU - new,30,0.140625,14.0625,node[0]
538,Nerve_root_S2_muscular_branches_of_nerve_sciatic_left_01 [Sensory MRG Neuron 15.00um]  (Soleus_Sensory_Nerves_15um),Sensory MRG Neuron,15.00um,S2_muscular,DV-PU - new,30,0.140625,14.0625,node[0]
568,Nerve_root_S2_muscular_branches_of_nerve_sciatic_right_01 [Sensory MRG Neuron 15.00um]  (Soleus_Sensory_Nerves_15um),Sensory MRG Neuron,15.00um,S2_muscular,DV-PU - new,30,0.140625,14.0625,node[0]
442,Nerve_root_S1_sciatic_muscular_branches_of_nerve_tibial_right_01 [Sensory MRG Neuron 15.00um]  (Soleus_Sensory_Nerves_15um),Sensory MRG Neuron,15.00um,S1_sciatic,DV-PU - new,30,0.1416015625,14.16015625,node[0]
496,Nerve_root_S1_sciatic_nerve_tibial_right_01 [Sensory MRG Neuron 15.00um]  (Soleus_Sensory_Nerves_15um),Sensory MRG Neuron,15.00um,S1_sciatic,DV-PU - new,30,0.1416015625,14.16015625,node[0]
448,Nerve_root_S1_sciatic_muscular_branches_of_nerve_tibial_right_02 [Sensory MRG Neuron 15.00um]  (Soleus_Sensory_Nerves_15um),Sensory MRG Neuron,15.00um,S1_sciatic,DV-PU - new,30,0.1416015625,14.16015625,node[0]
520,Nerve_root_S1_sciatic_nerve_tibial_right_05 [Sensory MRG Neuron 15.00um]  (Soleus_Sensory_Nerves_15um),Sensory MRG Neuron,15.00um,S1_sciatic,DV-PU - new,30,0.1416015625,14.16015625,node[0]
586,Nerve_root_S2_muscular_branches_of_nerve_sciatic_right_04 [Sensory MRG Neuron 15.00um]  (Soleus_Sensory_Nerves_15um),Sensory MRG Neuron,15.00um,S2_muscular,DV-PU - new,30,0.1416015625,14.16015625,node[0]
460,Nerve_root_S1_sciatic_muscular_branches_of_nerve_tibial_right_04 [Sensory MRG Neuron 15.00um]  (Soleus_Sensory_Nerves_15um),Sensory MRG Neuron,15.00um,S1_sciatic,DV-PU - new,30,0.1416015625,14.16015625,node[0]
526,Nerve_root_S1_sciatic_nerve_tibial_right_06 [Sensory MRG Neuron 15.00um]  (Soleus_Sensory_Nerves_15um),Sensory MRG Neuron,15.00um,S1_sciatic,DV-PU - new,30,0.1416015625,14.16015625,node[0]
514,Nerve_root_S1_sciatic_nerve_tibial_right_04 [Sensory MRG Neuron 15.00um]  (Soleus_Sensory_Nerves_15um),Sensory MRG Neuron,15.00um,S1_sciatic,DV-PU - new,30,0.1416015625,14.16015625,node[0]
580,Nerve_root_S2_muscular_branches_of_nerve_sciatic_right_03 [Sensory MRG Neuron 15.00um]  (Soleus_Sensory_Nerves_15um),Sensory MRG Neuron,15.00um,S2_muscular,DV-PU - new,30,0.1416015625,14.16015625,node[0]
550,Nerve_root_S2_muscular_branches_of_nerve_sciatic_left_03 [Sensory MRG Neuron 15.00um]  (Soleus_Sensory_Nerves_15um),Sensory MRG Neuron,15.00um,S2_muscular,DV-PU - new,30,0.1416015625,14.16015625,node[0]
532,Nerve_root_S1_sciatic_nerve_tibial_right_07 [Sensory MRG Neuron 15.00um]  (Soleus_Sensory_Nerves_15um),Sensory MRG Neuron,15.00um,S1_sciatic,DV-PU - new,30,0.1416015625,14.16015625,node[0]
52,Nerve_root_L4_L5_muscular_branches_of_nerve_sciatic_right_04 [Sensory MRG Neuron 15.00um]  (Soleus_Sensory_Nerves_15um),Sensory MRG Neuron,15.00um,L4_L5,DV-PU - new,30,0.1416015625,14.16015625,node[0]
508,Nerve_root_S1_sciatic_nerve_tibial_right_03 [Sensory MRG Neuron 15.00um]  (Soleus_Sensory_Nerves_15um),Sensory MRG Neuron,15.00um,S1_sciatic,DV-PU - new,30,0.1416015625,14.16015625,node[0]
454,Nerve_root_S1_sciatic_muscular_branches_of_nerve_tibial_right_03 [Sensory MRG Neuron 15.00um]  (Soleus_Sensory_Nerves_15um),Sensory MRG Neuron,15.00um,S1_sciatic,DV-PU - new,30,0.1416015625,14.16015625,node[0]
502,Nerve_root_S1_sciatic_nerve_tibial_right_02 [Sensory MRG Neuron 15.00um]  (Soleus_Sensory_Nerves_15um),Sensory MRG Neuron,15.00um,S1_sciatic,DV-PU - new,30,0.1416015625,14.16015625,node[0]
556,Nerve_root_S2_muscular_branches_of_nerve_sciatic_left_04 [Sensory MRG Neuron 15.00um]  (Soleus_Sensory_Nerves_15um),Sensory MRG Neuron,15.00um,S2_muscular,DV-PU - new,30,0.1416015625,14.16015625,node[0]
574,Nerve_root_S2_muscular_branches_of_nerve_sciatic_right_02 [Sensory MRG Neuron 15.00um]  (Soleus_Sensory_Nerves_15um),Sensory MRG Neuron,15.00um,S2_muscular,DV-PU - new,30,0.142578125,14.257812500000002,node[0]
34,Nerve_root_L4_L5_muscular_branches_of_nerve_sciatic_right_01 [Sensory MRG Neuron 15.00um]  (Soleus_Sensory_Nerves_15um),Sensory MRG Neuron,15.00um,L4_L5,DV-PU - new,30,0.142578125,14.257812500000002,node[0]
106,Nerve_root_L4_L5_sciatic_muscular_branches_of_nerve_tibial_right_04 [Sensory MRG Neuron 15.00um]  (Soleus_Sensory_Nerves_15um),Sensory MRG Neuron,15.00um,L4_L5,DV-PU - new,30,0.1435546875,14.355468750000002,node[0]
40,Nerve_root_L4_L5_muscular_branches_of_nerve_sciatic_right_02 [Sensory MRG Neuron 15.00um]  (Soleus_Sensory_Nerves_15um),Sensory MRG Neuron,15.00um,L4_L5,DV-PU - new,30,0.1435546875,14.355468750000002,node[0]
46,Nerve_root_L4_L5_muscular_branches_of_nerve_sciatic_right_03 [Sensory MRG Neuron 15.00um]  (Soleus_Sensory_Nerves_15um),Sensory MRG Neuron,15.00um,L4_L5,DV-PU - new,30,0.1435546875,14.355468750000002,node[0]
172,Nerve_root_L4_L5_sciatic_nerve_tibial_right_06 [Sensory MRG Neuron 15.00um]  (Soleus_Sensory_Nerves_15um),Sensory MRG Neuron,15.00um,L4_L5,DV-PU - new,30,0.1435546875,14.355468750000002,node[0]
178,Nerve_root_L4_L5_sciatic_nerve_tibial_right_07 [Sensory MRG Neuron 15.00um]  (Soleus_Sensory_Nerves_15um),Sensory MRG Neuron,15.00um,L4_L5,DV-PU - new,30,0.1435546875,14.355468750000002,node[0]
142,Nerve_root_L4_L5_sciatic_nerve_tibial_right_01 [Sensory MRG Neuron 15.00um]  (Soleus_Sensory_Nerves_15um),Sensory MRG Neuron,15.00um,L4_L5,DV-PU - new,30,0.1435546875,14.355468750000002,node[0]
100,Nerve_root_L4_L5_sciatic_muscular_branches_of_nerve_tibial_right_03 [Sensory MRG Neuron 15.00um]  (Soleus_Sensory_Nerves_15um),Sensory MRG Neuron,15.00um,L4_L5,DV-PU - new,30,0.1435546875,14.355468750000002,node[0]
148,Nerve_root_L4_L5_sciatic_nerve_tibial_right_02 [Sensory MRG Neuron 15.00um]  (Soleus_Sensory_Nerves_15um),Sensory MRG Neuron,15.00um,L4_L5,DV-PU - new,30,0.1435546875,14.355468750000002,node[0]
166,Nerve_root_L4_L5_sciatic_nerve_tibial_right_05 [Sensory MRG Neuron 15.00um]  (Soleus_Sensory_Nerves_15um),Sensory MRG Neuron,15.00um,L4_L5,DV-PU - new,30,0.1435546875,14.355468750000002,node[0]
154,Nerve_root_L4_L5_sciatic_nerve_tibial_right_03 [Sensory MRG Neuron 15.00um]  (Soleus_Sensory_Nerves_15um),Sensory MRG Neuron,15.00um,L4_L5,DV-PU - new,30,0.1435546875,14.355468750000002,node[0]
88,Nerve_root_L4_L5_sciatic_muscular_branches_of_nerve_tibial_right_01 [Sensory MRG Neuron 15.00um]  (Soleus_Sensory_Nerves_15um),Sensory MRG Neuron,15.00um,L4_L5,DV-PU - new,30,0.1435546875,14.355468750000002,node[0]
94,Nerve_root_L4_L5_sciatic_muscular_branches_of_nerve_tibial_right_02 [Sensory MRG Neuron 15.00um]  (Soleus_Sensory_Nerves_15um),Sensory MRG Neuron,15.00um,L4_L5,DV-PU - new,30,0.1435546875,14.355468750000002,node[0]
160,Nerve_root_L4_L5_sciatic_nerve_tibial_right_04 [Sensory MRG Neuron 15.00um]  (Soleus_Sensory_Nerves_15um),Sensory MRG Neuron,15.00um,L4_L5,DV-PU - new,30,0.1435546875,14.355468750000002,node[0]
598,Nerve_root_S2_sciatic_muscular_branches_of_nerve_tibial_left_02 [Sensory MRG Neuron 15.00um]  (Soleus_Sensory_Nerves_15um),Sensory MRG Neuron,15.00um,S2_sciatic,DV-PU - new,30,0.14453125,14.453125,node[0]
592,Nerve_root_S2_sciatic_muscular_branches_of_nerve_tibial_left_01 [Sensory MRG Neuron 15.00um]  (Soleus_Sensory_Nerves_15um),Sensory MRG Neuron,15.00um,S2_sciatic,DV-PU - new,30,0.14453125,14.453125,node[0]
658,Nerve_root_S2_sciatic_nerve_tibial_left_03 [Sensory MRG Neuron 15.00um]  (Soleus_Sensory_Nerves_15um),Sensory MRG Neuron,15.00um,S2_sciatic,DV-PU - new,30,0.14453125,14.453125,node[0]
610,Nerve_root_S2_sciatic_muscular_branches_of_nerve_tibial_left_04 [Sensory MRG Neuron 15.00um]  (Soleus_Sensory_Nerves_15um),Sensory MRG Neuron,15.00um,S2_sciatic,DV-PU - new,30,0.14453125,14.453125,node[0]
616,Nerve_root_S2_sciatic_muscular_branches_of_nerve_tibial_left_05 [Sensory MRG Neuron 15.00um]  (Soleus_Sensory_Nerves_15um),Sensory MRG Neuron,15.00um,S2_sciatic,DV-PU - new,30,0.14453125,14.453125,node[0]
670,Nerve_root_S2_sciatic_nerve_tibial_left_05 [Sensory MRG Neuron 15.00um]  (Soleus_Sensory_Nerves_15um),Sensory MRG Neuron,15.00um,S2_sciatic,DV-PU - new,30,0.14453125,14.453125,node[0]
604,Nerve_root_S2_sciatic_muscular_branches_of_nerve_tibial_left_03 [Sensory MRG Neuron 15.00um]  (Soleus_Sensory_Nerves_15um),Sensory MRG Neuron,15.00um,S2_sciatic,DV-PU - new,30,0.14453125,14.453125,node[0]
652,Nerve_root_S2_sciatic_nerve_tibial_left_02 [Sensory MRG Neuron 15.00um]  (Soleus_Sensory_Nerves_15um),Sensory MRG Neuron,15.00um,S2_sciatic,DV-PU - new,30,0.14453125,14.453125,node[0]
646,Nerve_root_S2_sciatic_nerve_tibial_left_01 [Sensory MRG Neuron 15.00um]  (Soleus_Sensory_Nerves_15um),Sensory MRG Neuron,15.00um,S2_sciatic,DV-PU - new,30,0.14453125,14.453125,node[0]
664,Nerve_root_S2_sciatic_nerve_tibial_left_04 [Sensory MRG Neuron 15.00um]  (Soleus_Sensory_Nerves_15um),Sensory MRG Neuron,15.00um,S2_sciatic,DV-PU - new,30,0.14453125,14.453125,node[0]
562,Nerve_root_S2_muscular_branches_of_nerve_sciatic_left_05 [Sensory MRG Neuron 15.00um]  (Soleus_Sensory_Nerves_15um),Sensory MRG Neuron,15.00um,S2_muscular,DV-PU - new,30,0.1455078125,14.55078125,node[0]
21,Nerve_root_L4_L5_muscular_branches_of_nerve_sciatic_left_04 [Sensory MRG Neuron 10.00um]  (Soleus_Sensory_Nerves_10um),Sensory MRG Neuron,10.00um,L4_L5,DV-PU - new,30,0.1494140625,14.94140625,node[168]
123,Nerve_root_L4_L5_sciatic_nerve_tibial_left_03 [Sensory MRG Neuron 10.00um]  (Soleus_Sensory_Nerves_10um),Sensory MRG Neuron,10.00um,L4_L5,DV-PU - new,30,0.1513671875,15.13671875,node[167]
117,Nerve_root_L4_L5_sciatic_nerve_tibial_left_02 [Sensory MRG Neuron 10.00um]  (Soleus_Sensory_Nerves_10um),Sensory MRG Neuron,10.00um,L4_L5,DV-PU - new,30,0.1513671875,15.13671875,node[167]
394,Nerve_root_S1_muscular_branches_of_nerve_sciatic_right_02 [Sensory MRG Neuron 15.00um]  (Soleus_Sensory_Nerves_15um),Sensory MRG Neuron,15.00um,S1_muscular,DV-PU - new,30,0.1513671875,15.13671875,node[0]
63,Nerve_root_L4_L5_sciatic_muscular_branches_of_nerve_tibial_left_02 [Sensory MRG Neuron 10.00um]  (Soleus_Sensory_Nerves_10um),Sensory MRG Neuron,10.00um,L4_L5,DV-PU - new,30,0.1513671875,15.13671875,node[167]
400,Nerve_root_S1_muscular_branches_of_nerve_sciatic_right_03 [Sensory MRG Neuron 15.00um]  (Soleus_Sensory_Nerves_15um),Sensory MRG Neuron,15.00um,S1_muscular,DV-PU - new,30,0.1513671875,15.13671875,node[0]
129,Nerve_root_L4_L5_sciatic_nerve_tibial_left_04 [Sensory MRG Neuron 10.00um]  (Soleus_Sensory_Nerves_10um),Sensory MRG Neuron,10.00um,L4_L5,DV-PU - new,30,0.1513671875,15.13671875,node[167]
111,Nerve_root_L4_L5_sciatic_nerve_tibial_left_01 [Sensory MRG Neuron 10.00um]  (Soleus_Sensory_Nerves_10um),Sensory MRG Neuron,10.00um,L4_L5,DV-PU - new,30,0.1513671875,15.13671875,node[167]
135,Nerve_root_L4_L5_sciatic_nerve_tibial_left_05 [Sensory MRG Neuron 10.00um]  (Soleus_Sensory_Nerves_10um),Sensory MRG Neuron,10.00um,L4_L5,DV-PU - new,30,0.1513671875,15.13671875,node[167]
81,Nerve_root_L4_L5_sciatic_muscular_branches_of_nerve_tibial_left_05 [Sensory MRG Neuron 10.00um]  (Soleus_Sensory_Nerves_10um),Sensory MRG Neuron,10.00um,L4_L5,DV-PU - new,30,0.1533203125,15.332031250000002,node[168]
75,Nerve_root_L4_L5_sciatic_muscular_branches_of_nerve_tibial_left_04 [Sensory MRG Neuron 10.00um]  (Soleus_Sensory_Nerves_10um),Sensory MRG Neuron,10.00um,L4_L5,DV-PU - new,30,0.1533203125,15.332031250000002,node[168]
69,Nerve_root_L4_L5_sciatic_muscular_branches_of_nerve_tibial_left_03 [Sensory MRG Neuron 10.00um]  (Soleus_Sensory_Nerves_10um),Sensory MRG Neuron,10.00um,L4_L5,DV-PU - new,30,0.1533203125,15.332031250000002,node[168]
57,Nerve_root_L4_L5_sciatic_muscular_branches_of_nerve_tibial_left_01 [Sensory MRG Neuron 10.00um]  (Soleus_Sensory_Nerves_10um),Sensory MRG Neuron,10.00um,L4_L5,DV-PU - new,30,0.1533203125,15.332031250000002,node[168]
27,Nerve_root_L4_L5_muscular_branches_of_nerve_sciatic_left_05 [Sensory MRG Neuron 10.00um]  (Soleus_Sensory_Nerves_10um),Sensory MRG Neuron,10.00um,L4_L5,DV-PU - new,30,0.154296875,15.4296875,node[168]
388,Nerve_root_S1_muscular_branches_of_nerve_sciatic_right_01 [Sensory MRG Neuron 15.00um]  (Soleus_Sensory_Nerves_15um),Sensory MRG Neuron,15.00um,S1_muscular,DV-PU - new,30,0.154296875,15.4296875,node[0]
3,Nerve_root_L4_L5_muscular_branches_of_nerve_sciatic_left_01 [Sensory MRG Neuron 10.00um]  (Soleus_Sensory_Nerves_10um),Sensory MRG Neuron,10.00um,L4_L5,DV-PU - new,30,0.1552734375,15.52734375,node[168]
9,Nerve_root_L4_L5_muscular_branches_of_nerve_sciatic_left_02 [Sensory MRG Neuron 10.00um]  (Soleus_Sensory_Nerves_10um),Sensory MRG Neuron,10.00um,L4_L5,DV-PU - new,30,0.1552734375,15.52734375,node[168]
15,Nerve_root_L4_L5_muscular_branches_of_nerve_sciatic_left_03 [Sensory MRG Neuron 10.00um]  (Soleus_Sensory_Nerves_10um),Sensory MRG Neuron,10.00um,L4_L5,DV-PU - new,30,0.15625,15.625,node[168]
375,Nerve_root_S1_muscular_branches_of_nerve_sciatic_left_04 [Sensory MRG Neuron 10.00um]  (Soleus_Sensory_Nerves_10um),Sensory MRG Neuron,10.00um,S1_muscular,DV-PU - new,30,0.18359375,18.359375,node[0]
465,Nerve_root_S1_sciatic_nerve_tibial_left_01 [Sensory MRG Neuron 10.00um]  (Soleus_Sensory_Nerves_10um),Sensory MRG Neuron,10.00um,S1_sciatic,DV-PU - new,30,0.1865234375,18.65234375,node[0]
417,Nerve_root_S1_sciatic_muscular_branches_of_nerve_tibial_left_02 [Sensory MRG Neuron 10.00um]  (Soleus_Sensory_Nerves_10um),Sensory MRG Neuron,10.00um,S1_sciatic,DV-PU - new,30,0.1865234375,18.65234375,node[0]
411,Nerve_root_S1_sciatic_muscular_branches_of_nerve_tibial_left_01 [Sensory MRG Neuron 10.00um]  (Soleus_Sensory_Nerves_10um),Sensory MRG Neuron,10.00um,S1_sciatic,DV-PU - new,30,0.1865234375,18.65234375,node[0]
423,Nerve_root_S1_sciatic_muscular_branches_of_nerve_tibial_left_03 [Sensory MRG Neuron 10.00um]  (Soleus_Sensory_Nerves_10um),Sensory MRG Neuron,10.00um,S1_sciatic,DV-PU - new,30,0.1865234375,18.65234375,node[0]
483,Nerve_root_S1_sciatic_nerve_tibial_left_04 [Sensory MRG Neuron 10.00um]  (Soleus_Sensory_Nerves_10um),Sensory MRG Neuron,10.00um,S1_sciatic,DV-PU - new,30,0.1865234375,18.65234375,node[0]
363,Nerve_root_S1_muscular_branches_of_nerve_sciatic_left_01 [Sensory MRG Neuron 10.00um]  (Soleus_Sensory_Nerves_10um),Sensory MRG Neuron,10.00um,S1_muscular,DV-PU - new,30,0.1865234375,18.65234375,node[0]
489,Nerve_root_S1_sciatic_nerve_tibial_left_05 [Sensory MRG Neuron 10.00um]  (Soleus_Sensory_Nerves_10um),Sensory MRG Neuron,10.00um,S1_sciatic,DV-PU - new,30,0.1865234375,18.65234375,node[0]
435,Nerve_root_S1_sciatic_muscular_branches_of_nerve_tibial_left_05 [Sensory MRG Neuron 10.00um]  (Soleus_Sensory_Nerves_10um),Sensory MRG Neuron,10.00um,S1_sciatic,DV-PU - new,30,0.1865234375,18.65234375,node[0]
471,Nerve_root_S1_sciatic_nerve_tibial_left_02 [Sensory MRG Neuron 10.00um]  (Soleus_Sensory_Nerves_10um),Sensory MRG Neuron,10.00um,S1_sciatic,DV-PU - new,30,0.1865234375,18.65234375,node[0]
477,Nerve_root_S1_sciatic_nerve_tibial_left_03 [Sensory MRG Neuron 10.00um]  (Soleus_Sensory_Nerves_10um),Sensory MRG Neuron,10.00um,S1_sciatic,DV-PU - new,30,0.1865234375,18.65234375,node[0]
369,Nerve_root_S1_muscular_branches_of_nerve_sciatic_left_02 [Sensory MRG Neuron 10.00um]  (Soleus_Sensory_Nerves_10um),Sensory MRG Neuron,10.00um,S1_muscular,DV-PU - new,30,0.1865234375,18.65234375,node[0]
429,Nerve_root_S1_sciatic_muscular_branches_of_nerve_tibial_left_04 [Sensory MRG Neuron 10.00um]  (Soleus_Sensory_Nerves_10um),Sensory MRG Neuron,10.00um,S1_sciatic,DV-PU - new,30,0.1865234375,18.65234375,node[0]
639,Nerve_root_S2_sciatic_muscular_branches_of_nerve_tibial_right_04 [Sensory MRG Neuron 10.00um]  (Soleus_Sensory_Nerves_10um),Sensory MRG Neuron,10.00um,S2_sciatic,DV-PU - new,30,0.1884765625,18.84765625,node[0]
711,Nerve_root_S2_sciatic_nerve_tibial_right_07 [Sensory MRG Neuron 10.00um]  (Soleus_Sensory_Nerves_10um),Sensory MRG Neuron,10.00um,S2_sciatic,DV-PU - new,30,0.1884765625,18.84765625,node[0]
633,Nerve_root_S2_sciatic_muscular_branches_of_nerve_tibial_right_03 [Sensory MRG Neuron 10.00um]  (Soleus_Sensory_Nerves_10um),Sensory MRG Neuron,10.00um,S2_sciatic,DV-PU - new,30,0.1884765625,18.84765625,node[0]
627,Nerve_root_S2_sciatic_muscular_branches_of_nerve_tibial_right_02 [Sensory MRG Neuron 10.00um]  (Soleus_Sensory_Nerves_10um),Sensory MRG Neuron,10.00um,S2_sciatic,DV-PU - new,30,0.1884765625,18.84765625,node[0]
621,Nerve_root_S2_sciatic_muscular_branches_of_nerve_tibial_right_01 [Sensory MRG Neuron 10.00um]  (Soleus_Sensory_Nerves_10um),Sensory MRG Neuron,10.00um,S2_sciatic,DV-PU - new,30,0.1884765625,18.84765625,node[0]
675,Nerve_root_S2_sciatic_nerve_tibial_right_01 [Sensory MRG Neuron 10.00um]  (Soleus_Sensory_Nerves_10um),Sensory MRG Neuron,10.00um,S2_sciatic,DV-PU - new,30,0.1884765625,18.84765625,node[0]
705,Nerve_root_S2_sciatic_nerve_tibial_right_06 [Sensory MRG Neuron 10.00um]  (Soleus_Sensory_Nerves_10um),Sensory MRG Neuron,10.00um,S2_sciatic,DV-PU - new,30,0.1884765625,18.84765625,node[0]
585,Nerve_root_S2_muscular_branches_of_nerve_sciatic_right_04 [Sensory MRG Neuron 10.00um]  (Soleus_Sensory_Nerves_10um),Sensory MRG Neuron,10.00um,S2_muscular,DV-PU - new,30,0.1884765625,18.84765625,node[0]
681,Nerve_root_S2_sciatic_nerve_tibial_right_02 [Sensory MRG Neuron 10.00um]  (Soleus_Sensory_Nerves_10um),Sensory MRG Neuron,10.00um,S2_sciatic,DV-PU - new,30,0.1884765625,18.84765625,node[0]
687,Nerve_root_S2_sciatic_nerve_tibial_right_03 [Sensory MRG Neuron 10.00um]  (Soleus_Sensory_Nerves_10um),Sensory MRG Neuron,10.00um,S2_sciatic,DV-PU - new,30,0.1884765625,18.84765625,node[0]
699,Nerve_root_S2_sciatic_nerve_tibial_right_05 [Sensory MRG Neuron 10.00um]  (Soleus_Sensory_Nerves_10um),Sensory MRG Neuron,10.00um,S2_sciatic,DV-PU - new,30,0.1884765625,18.84765625,node[0]
693,Nerve_root_S2_sciatic_nerve_tibial_right_04 [Sensory MRG Neuron 10.00um]  (Soleus_Sensory_Nerves_10um),Sensory MRG Neuron,10.00um,S2_sciatic,DV-PU - new,30,0.1884765625,18.84765625,node[0]
381,Nerve_root_S1_muscular_branches_of_nerve_sciatic_left_05 [Sensory MRG Neuron 10.00um]  (Soleus_Sensory_Nerves_10um),Sensory MRG Neuron,10.00um,S1_muscular,DV-PU - new,30,0.1884765625,18.84765625,node[0]
579,Nerve_root_S2_muscular_branches_of_nerve_sciatic_right_03 [Sensory MRG Neuron 10.00um]  (Soleus_Sensory_Nerves_10um),Sensory MRG Neuron,10.00um,S2_muscular,DV-PU - new,30,0.189453125,18.945312500000004,node[0]
573,Nerve_root_S2_muscular_branches_of_nerve_sciatic_right_02 [Sensory MRG Neuron 10.00um]  (Soleus_Sensory_Nerves_10um),Sensory MRG Neuron,10.00um,S2_muscular,DV-PU - new,30,0.189453125,18.945312500000004,node[0]
339,Nerve_root_L5_sciatic_nerve_tibial_right_04 [Sensory MRG Neuron 10.00um]  (Soleus_Sensory_Nerves_10um),Sensory MRG Neuron,10.00um,L5_sciatic,DV-PU - new,30,0.1953125,19.53125,node[0]
273,Nerve_root_L5_sciatic_muscular_branches_of_nerve_tibial_right_02 [Sensory MRG Neuron 10.00um]  (Soleus_Sensory_Nerves_10um),Sensory MRG Neuron,10.00um,L5_sciatic,DV-PU - new,30,0.1953125,19.53125,node[0]
279,Nerve_root_L5_sciatic_muscular_branches_of_nerve_tibial_right_03 [Sensory MRG Neuron 10.00um]  (Soleus_Sensory_Nerves_10um),Sensory MRG Neuron,10.00um,L5_sciatic,DV-PU - new,30,0.1953125,19.53125,node[0]
225,Nerve_root_L5_muscular_branches_of_nerve_sciatic_right_03 [Sensory MRG Neuron 10.00um]  (Soleus_Sensory_Nerves_10um),Sensory MRG Neuron,10.00um,L5_muscular,DV-PU - new,30,0.1953125,19.53125,node[0]
285,Nerve_root_L5_sciatic_muscular_branches_of_nerve_tibial_right_04 [Sensory MRG Neuron 10.00um]  (Soleus_Sensory_Nerves_10um),Sensory MRG Neuron,10.00um,L5_sciatic,DV-PU - new,30,0.1953125,19.53125,node[0]
357,Nerve_root_L5_sciatic_nerve_tibial_right_07 [Sensory MRG Neuron 10.00um]  (Soleus_Sensory_Nerves_10um),Sensory MRG Neuron,10.00um,L5_sciatic,DV-PU - new,30,0.1953125,19.53125,node[0]
567,Nerve_root_S2_muscular_branches_of_nerve_sciatic_right_01 [Sensory MRG Neuron 10.00um]  (Soleus_Sensory_Nerves_10um),Sensory MRG Neuron,10.00um,S2_muscular,DV-PU - new,30,0.1953125,19.53125,node[0]
405,Nerve_root_S1_muscular_branches_of_nerve_sciatic_right_04 [Sensory MRG Neuron 10.00um]  (Soleus_Sensory_Nerves_10um),Sensory MRG Neuron,10.00um,S1_muscular,DV-PU - new,30,0.1953125,19.53125,node[0]
351,Nerve_root_L5_sciatic_nerve_tibial_right_06 [Sensory MRG Neuron 10.00um]  (Soleus_Sensory_Nerves_10um),Sensory MRG Neuron,10.00um,L5_sciatic,DV-PU - new,30,0.1953125,19.53125,node[0]
345,Nerve_root_L5_sciatic_nerve_tibial_right_05 [Sensory MRG Neuron 10.00um]  (Soleus_Sensory_Nerves_10um),Sensory MRG Neuron,10.00um,L5_sciatic,DV-PU - new,30,0.1953125,19.53125,node[0]
321,Nerve_root_L5_sciatic_nerve_tibial_right_01 [Sensory MRG Neuron 10.00um]  (Soleus_Sensory_Nerves_10um),Sensory MRG Neuron,10.00um,L5_sciatic,DV-PU - new,30,0.1953125,19.53125,node[0]
327,Nerve_root_L5_sciatic_nerve_tibial_right_02 [Sensory MRG Neuron 10.00um]  (Soleus_Sensory_Nerves_10um),Sensory MRG Neuron,10.00um,L5_sciatic,DV-PU - new,30,0.1953125,19.53125,node[0]
333,Nerve_root_L5_sciatic_nerve_tibial_right_03 [Sensory MRG Neuron 10.00um]  (Soleus_Sensory_Nerves_10um),Sensory MRG Neuron,10.00um,L5_sciatic,DV-PU - new,30,0.1953125,19.53125,node[0]
267,Nerve_root_L5_sciatic_muscular_branches_of_nerve_tibial_right_01 [Sensory MRG Neuron 10.00um]  (Soleus_Sensory_Nerves_10um),Sensory MRG Neuron,10.00um,L5_sciatic,DV-PU - new,30,0.1953125,19.53125,node[0]
447,Nerve_root_S1_sciatic_muscular_branches_of_nerve_tibial_right_02 [Sensory MRG Neuron 10.00um]  (Soleus_Sensory_Nerves_10um),Sensory MRG Neuron,10.00um,S1_sciatic,DV-PU - new,30,0.19921875,19.921875000000004,node[0]
501,Nerve_root_S1_sciatic_nerve_tibial_right_02 [Sensory MRG Neuron 10.00um]  (Soleus_Sensory_Nerves_10um),Sensory MRG Neuron,10.00um,S1_sciatic,DV-PU - new,30,0.19921875,19.921875000000004,node[0]
453,Nerve_root_S1_sciatic_muscular_branches_of_nerve_tibial_right_03 [Sensory MRG Neuron 10.00um]  (Soleus_Sensory_Nerves_10um),Sensory MRG Neuron,10.00um,S1_sciatic,DV-PU - new,30,0.19921875,19.921875000000004,node[0]
441,Nerve_root_S1_sciatic_muscular_branches_of_nerve_tibial_right_01 [Sensory MRG Neuron 10.00um]  (Soleus_Sensory_Nerves_10um),Sensory MRG Neuron,10.00um,S1_sciatic,DV-PU - new,30,0.19921875,19.921875000000004,node[0]
495,Nerve_root_S1_sciatic_nerve_tibial_right_01 [Sensory MRG Neuron 10.00um]  (Soleus_Sensory_Nerves_10um),Sensory MRG Neuron,10.00um,S1_sciatic,DV-PU - new,30,0.19921875,19.921875000000004,node[0]
459,Nerve_root_S1_sciatic_muscular_branches_of_nerve_tibial_right_04 [Sensory MRG Neuron 10.00um]  (Soleus_Sensory_Nerves_10um),Sensory MRG Neuron,10.00um,S1_sciatic,DV-PU - new,30,0.19921875,19.921875000000004,node[0]
513,Nerve_root_S1_sciatic_nerve_tibial_right_04 [Sensory MRG Neuron 10.00um]  (Soleus_Sensory_Nerves_10um),Sensory MRG Neuron,10.00um,S1_sciatic,DV-PU - new,30,0.19921875,19.921875000000004,node[0]
519,Nerve_root_S1_sciatic_nerve_tibial_right_05 [Sensory MRG Neuron 10.00um]  (Soleus_Sensory_Nerves_10um),Sensory MRG Neuron,10.00um,S1_sciatic,DV-PU - new,30,0.19921875,19.921875000000004,node[0]
525,Nerve_root_S1_sciatic_nerve_tibial_right_06 [Sensory MRG Neuron 10.00um]  (Soleus_Sensory_Nerves_10um),Sensory MRG Neuron,10.00um,S1_sciatic,DV-PU - new,30,0.19921875,19.921875000000004,node[0]
507,Nerve_root_S1_sciatic_nerve_tibial_right_03 [Sensory MRG Neuron 10.00um]  (Soleus_Sensory_Nerves_10um),Sensory MRG Neuron,10.00um,S1_sciatic,DV-PU - new,30,0.19921875,19.921875000000004,node[0]
531,Nerve_root_S1_sciatic_nerve_tibial_right_07 [Sensory MRG Neuron 10.00um]  (Soleus_Sensory_Nerves_10um),Sensory MRG Neuron,10.00um,S1_sciatic,DV-PU - new,30,0.19921875,19.921875000000004,node[0]
237,Nerve_root_L5_sciatic_muscular_branches_of_nerve_tibial_left_01 [Sensory MRG Neuron 10.00um]  (Soleus_Sensory_Nerves_10um),Sensory MRG Neuron,10.00um,L5_sciatic,DV-PU - new,30,0.19921875,19.921875000000004,node[0]
231,Nerve_root_L5_muscular_branches_of_nerve_sciatic_right_04 [Sensory MRG Neuron 10.00um]  (Soleus_Sensory_Nerves_10um),Sensory MRG Neuron,10.00um,L5_muscular,DV-PU - new,30,0.19921875,19.921875000000004,node[0]
657,Nerve_root_S2_sciatic_nerve_tibial_left_03 [Sensory MRG Neuron 10.00um]  (Soleus_Sensory_Nerves_10um),Sensory MRG Neuron,10.00um,S2_sciatic,DV-PU - new,30,0.201171875,20.1171875,node[0]
663,Nerve_root_S2_sciatic_nerve_tibial_left_04 [Sensory MRG Neuron 10.00um]  (Soleus_Sensory_Nerves_10um),Sensory MRG Neuron,10.00um,S2_sciatic,DV-PU - new,30,0.201171875,20.1171875,node[0]
615,Nerve_root_S2_sciatic_muscular_branches_of_nerve_tibial_left_05 [Sensory MRG Neuron 10.00um]  (Soleus_Sensory_Nerves_10um),Sensory MRG Neuron,10.00um,S2_sciatic,DV-PU - new,30,0.201171875,20.1171875,node[0]
669,Nerve_root_S2_sciatic_nerve_tibial_left_05 [Sensory MRG Neuron 10.00um]  (Soleus_Sensory_Nerves_10um),Sensory MRG Neuron,10.00um,S2_sciatic,DV-PU - new,30,0.201171875,20.1171875,node[0]
609,Nerve_root_S2_sciatic_muscular_branches_of_nerve_tibial_left_04 [Sensory MRG Neuron 10.00um]  (Soleus_Sensory_Nerves_10um),Sensory MRG Neuron,10.00um,S2_sciatic,DV-PU - new,30,0.201171875,20.1171875,node[0]
603,Nerve_root_S2_sciatic_muscular_branches_of_nerve_tibial_left_03 [Sensory MRG Neuron 10.00um]  (Soleus_Sensory_Nerves_10um),Sensory MRG Neuron,10.00um,S2_sciatic,DV-PU - new,30,0.201171875,20.1171875,node[0]
219,Nerve_root_L5_muscular_branches_of_nerve_sciatic_right_02 [Sensory MRG Neuron 10.00um]  (Soleus_Sensory_Nerves_10um),Sensory MRG Neuron,10.00um,L5_muscular,DV-PU - new,30,0.201171875,20.1171875,node[0]
645,Nerve_root_S2_sciatic_nerve_tibial_left_01 [Sensory MRG Neuron 10.00um]  (Soleus_Sensory_Nerves_10um),Sensory MRG Neuron,10.00um,S2_sciatic,DV-PU - new,30,0.201171875,20.1171875,node[0]
555,Nerve_root_S2_muscular_branches_of_nerve_sciatic_left_04 [Sensory MRG Neuron 10.00um]  (Soleus_Sensory_Nerves_10um),Sensory MRG Neuron,10.00um,S2_muscular,DV-PU - new,30,0.201171875,20.1171875,node[0]
549,Nerve_root_S2_muscular_branches_of_nerve_sciatic_left_03 [Sensory MRG Neuron 10.00um]  (Soleus_Sensory_Nerves_10um),Sensory MRG Neuron,10.00um,S2_muscular,DV-PU - new,30,0.201171875,20.1171875,node[0]
543,Nerve_root_S2_muscular_branches_of_nerve_sciatic_left_02 [Sensory MRG Neuron 10.00um]  (Soleus_Sensory_Nerves_10um),Sensory MRG Neuron,10.00um,S2_muscular,DV-PU - new,30,0.201171875,20.1171875,node[0]
537,Nerve_root_S2_muscular_branches_of_nerve_sciatic_left_01 [Sensory MRG Neuron 10.00um]  (Soleus_Sensory_Nerves_10um),Sensory MRG Neuron,10.00um,S2_muscular,DV-PU - new,30,0.201171875,20.1171875,node[0]
213,Nerve_root_L5_muscular_branches_of_nerve_sciatic_right_01 [Sensory MRG Neuron 10.00um]  (Soleus_Sensory_Nerves_10um),Sensory MRG Neuron,10.00um,L5_muscular,DV-PU - new,30,0.201171875,20.1171875,node[0]
195,Nerve_root_L5_muscular_branches_of_nerve_sciatic_left_03 [Sensory MRG Neuron 10.00um]  (Soleus_Sensory_Nerves_10um),Sensory MRG Neuron,10.00um,L5_muscular,DV-PU - new,30,0.201171875,20.1171875,node[0]
207,Nerve_root_L5_muscular_branches_of_nerve_sciatic_left_05 [Sensory MRG Neuron 10.00um]  (Soleus_Sensory_Nerves_10um),Sensory MRG Neuron,10.00um,L5_muscular,DV-PU - new,30,0.201171875,20.1171875,node[0]
597,Nerve_root_S2_sciatic_muscular_branches_of_nerve_tibial_left_02 [Sensory MRG Neuron 10.00um]  (Soleus_Sensory_Nerves_10um),Sensory MRG Neuron,10.00um,S2_sciatic,DV-PU - new,30,0.201171875,20.1171875,node[0]
651,Nerve_root_S2_sciatic_nerve_tibial_left_02 [Sensory MRG Neuron 10.00um]  (Soleus_Sensory_Nerves_10um),Sensory MRG Neuron,10.00um,S2_sciatic,DV-PU - new,30,0.201171875,20.1171875,node[0]
201,Nerve_root_L5_muscular_branches_of_nerve_sciatic_left_04 [Sensory MRG Neuron 10.00um]  (Soleus_Sensory_Nerves_10um),Sensory MRG Neuron,10.00um,L5_muscular,DV-PU - new,30,0.203125,20.3125,node[0]
261,Nerve_root_L5_sciatic_muscular_branches_of_nerve_tibial_left_05 [Sensory MRG Neuron 10.00um]  (Soleus_Sensory_Nerves_10um),Sensory MRG Neuron,10.00um,L5_sciatic,DV-PU - new,30,0.205078125,20.5078125,node[0]
189,Nerve_root_L5_muscular_branches_of_nerve_sciatic_left_02 [Sensory MRG Neuron 10.00um]  (Soleus_Sensory_Nerves_10um),Sensory MRG Neuron,10.00um,L5_muscular,DV-PU - new,30,0.205078125,20.5078125,node[0]
561,Nerve_root_S2_muscular_branches_of_nerve_sciatic_left_05 [Sensory MRG Neuron 10.00um]  (Soleus_Sensory_Nerves_10um),Sensory MRG Neuron,10.00um,S2_muscular,DV-PU - new,30,0.205078125,20.5078125,node[0]
183,Nerve_root_L5_muscular_branches_of_nerve_sciatic_left_01 [Sensory MRG Neuron 10.00um]  (Soleus_Sensory_Nerves_10um),Sensory MRG Neuron,10.00um,L5_muscular,DV-PU - new,30,0.205078125,20.5078125,node[0]
291,Nerve_root_L5_sciatic_nerve_tibial_left_01 [Sensory MRG Neuron 10.00um]  (Soleus_Sensory_Nerves_10um),Sensory MRG Neuron,10.00um,L5_sciatic,DV-PU - new,30,0.205078125,20.5078125,node[0]
315,Nerve_root_L5_sciatic_nerve_tibial_left_05 [Sensory MRG Neuron 10.00um]  (Soleus_Sensory_Nerves_10um),Sensory MRG Neuron,10.00um,L5_sciatic,DV-PU - new,30,0.205078125,20.5078125,node[0]
591,Nerve_root_S2_sciatic_muscular_branches_of_nerve_tibial_left_01 [Sensory MRG Neuron 10.00um]  (Soleus_Sensory_Nerves_10um),Sensory MRG Neuron,10.00um,S2_sciatic,DV-PU - new,30,0.205078125,20.5078125,node[0]
249,Nerve_root_L5_sciatic_muscular_branches_of_nerve_tibial_left_03 [Sensory MRG Neuron 10.00um]  (Soleus_Sensory_Nerves_10um),Sensory MRG Neuron,10.00um,L5_sciatic,DV-PU - new,30,0.205078125,20.5078125,node[0]
309,Nerve_root_L5_sciatic_nerve_tibial_left_04 [Sensory MRG Neuron 10.00um]  (Soleus_Sensory_Nerves_10um),Sensory MRG Neuron,10.00um,L5_sciatic,DV-PU - new,30,0.205078125,20.5078125,node[0]
255,Nerve_root_L5_sciatic_muscular_branches_of_nerve_tibial_left_04 [Sensory MRG Neuron 10.00um]  (Soleus_Sensory_Nerves_10um),Sensory MRG Neuron,10.00um,L5_sciatic,DV-PU - new,30,0.205078125,20.5078125,node[0]
303,Nerve_root_L5_sciatic_nerve_tibial_left_03 [Sensory MRG Neuron 10.00um]  (Soleus_Sensory_Nerves_10um),Sensory MRG Neuron,10.00um,L5_sciatic,DV-PU - new,30,0.205078125,20.5078125,node[0]
243,Nerve_root_L5_sciatic_muscular_branches_of_nerve_tibial_left_02 [Sensory MRG Neuron 10.00um]  (Soleus_Sensory_Nerves_10um),Sensory MRG Neuron,10.00um,L5_sciatic,DV-PU - new,30,0.205078125,20.5078125,node[0]
297,Nerve_root_L5_sciatic_nerve_tibial_left_02 [Sensory MRG Neuron 10.00um]  (Soleus_Sensory_Nerves_10um),Sensory MRG Neuron,10.00um,L5_sciatic,DV-PU - new,30,0.205078125,20.5078125,node[0]
732,Nerve_ventral_root_T11_nerve_eleventh_thoracic_left_03 [Motor MRG Neuron 10.00um]  (Ventral_Root_Nerves_(T7-L2)_10um),Motor MRG Neuron,10.00um,T11_nerve,DV-PU - new,30,0.20703125,20.703125000000004,node[30]
387,Nerve_root_S1_muscular_branches_of_nerve_sciatic_right_01 [Sensory MRG Neuron 10.00um]  (Soleus_Sensory_Nerves_10um),Sensory MRG Neuron,10.00um,S1_muscular,DV-PU - new,30,0.208984375,20.898437500000004,node[0]
393,Nerve_root_S1_muscular_branches_of_nerve_sciatic_right_02 [Sensory MRG Neuron 10.00um]  (Soleus_Sensory_Nerves_10um),Sensory MRG Neuron,10.00um,S1_muscular,DV-PU - new,30,0.2109375,21.09375,node[0]
399,Nerve_root_S1_muscular_branches_of_nerve_sciatic_right_03 [Sensory MRG Neuron 10.00um]  (Soleus_Sensory_Nerves_10um),Sensory MRG Neuron,10.00um,S1_muscular,DV-PU - new,30,0.2109375,21.09375,node[0]
839,Ventral_root_L2_nerve_genitofemoral_right_01 [Motor MRG Neuron 20.00um]  (Ventral_Root_Nerves_(T7-L2)_20um),Motor MRG Neuron,20.00um,L2_nerve,DV-PU - new,30,0.212890625,21.2890625,node[125]
33,Nerve_root_L4_L5_muscular_branches_of_nerve_sciatic_right_01 [Sensory MRG Neuron 10.00um]  (Soleus_Sensory_Nerves_10um),Sensory MRG Neuron,10.00um,L4_L5,DV-PU - new,30,0.21875,21.875000000000004,node[0]
39,Nerve_root_L4_L5_muscular_branches_of_nerve_sciatic_right_02 [Sensory MRG Neuron 10.00um]  (Soleus_Sensory_Nerves_10um),Sensory MRG Neuron,10.00um,L4_L5,DV-PU - new,30,0.220703125,22.0703125,node[0]
177,Nerve_root_L4_L5_sciatic_nerve_tibial_right_07 [Sensory MRG Neuron 10.00um]  (Soleus_Sensory_Nerves_10um),Sensory MRG Neuron,10.00um,L4_L5,DV-PU - new,30,0.220703125,22.0703125,node[0]
45,Nerve_root_L4_L5_muscular_branches_of_nerve_sciatic_right_03 [Sensory MRG Neuron 10.00um]  (Soleus_Sensory_Nerves_10um),Sensory MRG Neuron,10.00um,L4_L5,DV-PU - new,30,0.220703125,22.0703125,node[0]
159,Nerve_root_L4_L5_sciatic_nerve_tibial_right_04 [Sensory MRG Neuron 10.00um]  (Soleus_Sensory_Nerves_10um),Sensory MRG Neuron,10.00um,L4_L5,DV-PU - new,30,0.220703125,22.0703125,node[0]
153,Nerve_root_L4_L5_sciatic_nerve_tibial_right_03 [Sensory MRG Neuron 10.00um]  (Soleus_Sensory_Nerves_10um),Sensory MRG Neuron,10.00um,L4_L5,DV-PU - new,30,0.220703125,22.0703125,node[0]
147,Nerve_root_L4_L5_sciatic_nerve_tibial_right_02 [Sensory MRG Neuron 10.00um]  (Soleus_Sensory_Nerves_10um),Sensory MRG Neuron,10.00um,L4_L5,DV-PU - new,30,0.220703125,22.0703125,node[0]
171,Nerve_root_L4_L5_sciatic_nerve_tibial_right_06 [Sensory MRG Neuron 10.00um]  (Soleus_Sensory_Nerves_10um),Sensory MRG Neuron,10.00um,L4_L5,DV-PU - new,30,0.220703125,22.0703125,node[0]
105,Nerve_root_L4_L5_sciatic_muscular_branches_of_nerve_tibial_right_04 [Sensory MRG Neuron 10.00um]  (Soleus_Sensory_Nerves_10um),Sensory MRG Neuron,10.00um,L4_L5,DV-PU - new,30,0.220703125,22.0703125,node[0]
141,Nerve_root_L4_L5_sciatic_nerve_tibial_right_01 [Sensory MRG Neuron 10.00um]  (Soleus_Sensory_Nerves_10um),Sensory MRG Neuron,10.00um,L4_L5,DV-PU - new,30,0.220703125,22.0703125,node[0]
165,Nerve_root_L4_L5_sciatic_nerve_tibial_right_05 [Sensory MRG Neuron 10.00um]  (Soleus_Sensory_Nerves_10um),Sensory MRG Neuron,10.00um,L4_L5,DV-PU - new,30,0.220703125,22.0703125,node[0]
99,Nerve_root_L4_L5_sciatic_muscular_branches_of_nerve_tibial_right_03 [Sensory MRG Neuron 10.00um]  (Soleus_Sensory_Nerves_10um),Sensory MRG Neuron,10.00um,L4_L5,DV-PU - new,30,0.220703125,22.0703125,node[0]
93,Nerve_root_L4_L5_sciatic_muscular_branches_of_nerve_tibial_right_02 [Sensory MRG Neuron 10.00um]  (Soleus_Sensory_Nerves_10um),Sensory MRG Neuron,10.00um,L4_L5,DV-PU - new,30,0.220703125,22.0703125,node[0]
87,Nerve_root_L4_L5_sciatic_muscular_branches_of_nerve_tibial_right_01 [Sensory MRG Neuron 10.00um]  (Soleus_Sensory_Nerves_10um),Sensory MRG Neuron,10.00um,L4_L5,DV-PU - new,30,0.220703125,22.0703125,node[0]
51,Nerve_root_L4_L5_muscular_branches_of_nerve_sciatic_right_04 [Sensory MRG Neuron 10.00um]  (Soleus_Sensory_Nerves_10um),Sensory MRG Neuron,10.00um,L4_L5,DV-PU - new,30,0.22265625,22.265625,node[0]
1,Nerve_root_L4_L5_muscular_branches_of_nerve_sciatic_left_01 [Motor MRG Neuron 15.00um]  (Soleus_Motor_Nerves_15um),Motor MRG Neuron,15.00um,L4_L5,DV-PU - new,30,0.240234375,24.0234375,node[123]
200,Nerve_root_L5_muscular_branches_of_nerve_sciatic_left_04 [Motor MRG Neuron 20.00um]  (Soleus_Motor_Nerves_20um),Motor MRG Neuron,20.00um,L5_muscular,DV-PU - new,30,0.240234375,24.0234375,node[0]
7,Nerve_root_L4_L5_muscular_branches_of_nerve_sciatic_left_02 [Motor MRG Neuron 15.00um]  (Soleus_Motor_Nerves_15um),Motor MRG Neuron,15.00um,L4_L5,DV-PU - new,30,0.240234375,24.0234375,node[123]
236,Nerve_root_L5_sciatic_muscular_branches_of_nerve_tibial_left_01 [Motor MRG Neuron 20.00um]  (Soleus_Motor_Nerves_20um),Motor MRG Neuron,20.00um,L5_sciatic,DV-PU - new,30,0.240234375,24.0234375,node[0]
188,Nerve_root_L5_muscular_branches_of_nerve_sciatic_left_02 [Motor MRG Neuron 20.00um]  (Soleus_Motor_Nerves_20um),Motor MRG Neuron,20.00um,L5_muscular,DV-PU - new,30,0.240234375,24.0234375,node[0]
182,Nerve_root_L5_muscular_branches_of_nerve_sciatic_left_01 [Motor MRG Neuron 20.00um]  (Soleus_Motor_Nerves_20um),Motor MRG Neuron,20.00um,L5_muscular,DV-PU - new,30,0.240234375,24.0234375,node[0]
320,Nerve_root_L5_sciatic_nerve_tibial_right_01 [Motor MRG Neuron 20.00um]  (Soleus_Motor_Nerves_20um),Motor MRG Neuron,20.00um,L5_sciatic,DV-PU - new,30,0.2421875,24.21875,node[0]
356,Nerve_root_L5_sciatic_nerve_tibial_right_07 [Motor MRG Neuron 20.00um]  (Soleus_Motor_Nerves_20um),Motor MRG Neuron,20.00um,L5_sciatic,DV-PU - new,30,0.2421875,24.21875,node[0]
338,Nerve_root_L5_sciatic_nerve_tibial_right_04 [Motor MRG Neuron 20.00um]  (Soleus_Motor_Nerves_20um),Motor MRG Neuron,20.00um,L5_sciatic,DV-PU - new,30,0.2421875,24.21875,node[0]
344,Nerve_root_L5_sciatic_nerve_tibial_right_05 [Motor MRG Neuron 20.00um]  (Soleus_Motor_Nerves_20um),Motor MRG Neuron,20.00um,L5_sciatic,DV-PU - new,30,0.2421875,24.21875,node[0]
332,Nerve_root_L5_sciatic_nerve_tibial_right_03 [Motor MRG Neuron 20.00um]  (Soleus_Motor_Nerves_20um),Motor MRG Neuron,20.00um,L5_sciatic,DV-PU - new,30,0.2421875,24.21875,node[0]
326,Nerve_root_L5_sciatic_nerve_tibial_right_02 [Motor MRG Neuron 20.00um]  (Soleus_Motor_Nerves_20um),Motor MRG Neuron,20.00um,L5_sciatic,DV-PU - new,30,0.2421875,24.21875,node[0]
350,Nerve_root_L5_sciatic_nerve_tibial_right_06 [Motor MRG Neuron 20.00um]  (Soleus_Motor_Nerves_20um),Motor MRG Neuron,20.00um,L5_sciatic,DV-PU - new,30,0.2421875,24.21875,node[0]
302,Nerve_root_L5_sciatic_nerve_tibial_left_03 [Motor MRG Neuron 20.00um]  (Soleus_Motor_Nerves_20um),Motor MRG Neuron,20.00um,L5_sciatic,DV-PU - new,30,0.2421875,24.21875,node[0]
248,Nerve_root_L5_sciatic_muscular_branches_of_nerve_tibial_left_03 [Motor MRG Neuron 20.00um]  (Soleus_Motor_Nerves_20um),Motor MRG Neuron,20.00um,L5_sciatic,DV-PU - new,30,0.2421875,24.21875,node[0]
254,Nerve_root_L5_sciatic_muscular_branches_of_nerve_tibial_left_04 [Motor MRG Neuron 20.00um]  (Soleus_Motor_Nerves_20um),Motor MRG Neuron,20.00um,L5_sciatic,DV-PU - new,30,0.2421875,24.21875,node[0]
230,Nerve_root_L5_muscular_branches_of_nerve_sciatic_right_04 [Motor MRG Neuron 20.00um]  (Soleus_Motor_Nerves_20um),Motor MRG Neuron,20.00um,L5_muscular,DV-PU - new,30,0.2421875,24.21875,node[0]
260,Nerve_root_L5_sciatic_muscular_branches_of_nerve_tibial_left_05 [Motor MRG Neuron 20.00um]  (Soleus_Motor_Nerves_20um),Motor MRG Neuron,20.00um,L5_sciatic,DV-PU - new,30,0.2421875,24.21875,node[0]
266,Nerve_root_L5_sciatic_muscular_branches_of_nerve_tibial_right_01 [Motor MRG Neuron 20.00um]  (Soleus_Motor_Nerves_20um),Motor MRG Neuron,20.00um,L5_sciatic,DV-PU - new,30,0.2421875,24.21875,node[0]
272,Nerve_root_L5_sciatic_muscular_branches_of_nerve_tibial_right_02 [Motor MRG Neuron 20.00um]  (Soleus_Motor_Nerves_20um),Motor MRG Neuron,20.00um,L5_sciatic,DV-PU - new,30,0.2421875,24.21875,node[0]
314,Nerve_root_L5_sciatic_nerve_tibial_left_05 [Motor MRG Neuron 20.00um]  (Soleus_Motor_Nerves_20um),Motor MRG Neuron,20.00um,L5_sciatic,DV-PU - new,30,0.2421875,24.21875,node[0]
218,Nerve_root_L5_muscular_branches_of_nerve_sciatic_right_02 [Motor MRG Neuron 20.00um]  (Soleus_Motor_Nerves_20um),Motor MRG Neuron,20.00um,L5_muscular,DV-PU - new,30,0.2421875,24.21875,node[0]
212,Nerve_root_L5_muscular_branches_of_nerve_sciatic_right_01 [Motor MRG Neuron 20.00um]  (Soleus_Motor_Nerves_20um),Motor MRG Neuron,20.00um,L5_muscular,DV-PU - new,30,0.2421875,24.21875,node[0]
284,Nerve_root_L5_sciatic_muscular_branches_of_nerve_tibial_right_04 [Motor MRG Neuron 20.00um]  (Soleus_Motor_Nerves_20um),Motor MRG Neuron,20.00um,L5_sciatic,DV-PU - new,30,0.2421875,24.21875,node[0]
290,Nerve_root_L5_sciatic_nerve_tibial_left_01 [Motor MRG Neuron 20.00um]  (Soleus_Motor_Nerves_20um),Motor MRG Neuron,20.00um,L5_sciatic,DV-PU - new,30,0.2421875,24.21875,node[0]
206,Nerve_root_L5_muscular_branches_of_nerve_sciatic_left_05 [Motor MRG Neuron 20.00um]  (Soleus_Motor_Nerves_20um),Motor MRG Neuron,20.00um,L5_muscular,DV-PU - new,30,0.2421875,24.21875,node[0]
296,Nerve_root_L5_sciatic_nerve_tibial_left_02 [Motor MRG Neuron 20.00um]  (Soleus_Motor_Nerves_20um),Motor MRG Neuron,20.00um,L5_sciatic,DV-PU - new,30,0.2421875,24.21875,node[0]
194,Nerve_root_L5_muscular_branches_of_nerve_sciatic_left_03 [Motor MRG Neuron 20.00um]  (Soleus_Motor_Nerves_20um),Motor MRG Neuron,20.00um,L5_muscular,DV-PU - new,30,0.2421875,24.21875,node[0]
278,Nerve_root_L5_sciatic_muscular_branches_of_nerve_tibial_right_03 [Motor MRG Neuron 20.00um]  (Soleus_Motor_Nerves_20um),Motor MRG Neuron,20.00um,L5_sciatic,DV-PU - new,30,0.2421875,24.21875,node[0]
308,Nerve_root_L5_sciatic_nerve_tibial_left_04 [Motor MRG Neuron 20.00um]  (Soleus_Motor_Nerves_20um),Motor MRG Neuron,20.00um,L5_sciatic,DV-PU - new,30,0.2421875,24.21875,node[0]
242,Nerve_root_L5_sciatic_muscular_branches_of_nerve_tibial_left_02 [Motor MRG Neuron 20.00um]  (Soleus_Motor_Nerves_20um),Motor MRG Neuron,20.00um,L5_sciatic,DV-PU - new,30,0.2421875,24.21875,node[0]
224,Nerve_root_L5_muscular_branches_of_nerve_sciatic_right_03 [Motor MRG Neuron 20.00um]  (Soleus_Motor_Nerves_20um),Motor MRG Neuron,20.00um,L5_muscular,DV-PU - new,30,0.244140625,24.4140625,node[0]
134,Nerve_root_L4_L5_sciatic_nerve_tibial_left_05 [Motor MRG Neuron 20.00um]  (Soleus_Motor_Nerves_20um),Motor MRG Neuron,20.00um,L4_L5,DV-PU - new,30,0.248046875,24.804687500000004,node[0]
122,Nerve_root_L4_L5_sciatic_nerve_tibial_left_03 [Motor MRG Neuron 20.00um]  (Soleus_Motor_Nerves_20um),Motor MRG Neuron,20.00um,L4_L5,DV-PU - new,30,0.248046875,24.804687500000004,node[0]
80,Nerve_root_L4_L5_sciatic_muscular_branches_of_nerve_tibial_left_05 [Motor MRG Neuron 20.00um]  (Soleus_Motor_Nerves_20um),Motor MRG Neuron,20.00um,L4_L5,DV-PU - new,30,0.248046875,24.804687500000004,node[0]
20,Nerve_root_L4_L5_muscular_branches_of_nerve_sciatic_left_04 [Motor MRG Neuron 20.00um]  (Soleus_Motor_Nerves_20um),Motor MRG Neuron,20.00um,L4_L5,DV-PU - new,30,0.248046875,24.804687500000004,node[0]
74,Nerve_root_L4_L5_sciatic_muscular_branches_of_nerve_tibial_left_04 [Motor MRG Neuron 20.00um]  (Soleus_Motor_Nerves_20um),Motor MRG Neuron,20.00um,L4_L5,DV-PU - new,30,0.248046875,24.804687500000004,node[0]
68,Nerve_root_L4_L5_sciatic_muscular_branches_of_nerve_tibial_left_03 [Motor MRG Neuron 20.00um]  (Soleus_Motor_Nerves_20um),Motor MRG Neuron,20.00um,L4_L5,DV-PU - new,30,0.248046875,24.804687500000004,node[0]
368,Nerve_root_S1_muscular_branches_of_nerve_sciatic_left_02 [Motor MRG Neuron 20.00um]  (Soleus_Motor_Nerves_20um),Motor MRG Neuron,20.00um,S1_muscular,DV-PU - new,30,0.248046875,24.804687500000004,node[0]
110,Nerve_root_L4_L5_sciatic_nerve_tibial_left_01 [Motor MRG Neuron 20.00um]  (Soleus_Motor_Nerves_20um),Motor MRG Neuron,20.00um,L4_L5,DV-PU - new,30,0.248046875,24.804687500000004,node[0]
14,Nerve_root_L4_L5_muscular_branches_of_nerve_sciatic_left_03 [Motor MRG Neuron 20.00um]  (Soleus_Motor_Nerves_20um),Motor MRG Neuron,20.00um,L4_L5,DV-PU - new,30,0.248046875,24.804687500000004,node[0]
62,Nerve_root_L4_L5_sciatic_muscular_branches_of_nerve_tibial_left_02 [Motor MRG Neuron 20.00um]  (Soleus_Motor_Nerves_20um),Motor MRG Neuron,20.00um,L4_L5,DV-PU - new,30,0.248046875,24.804687500000004,node[0]
362,Nerve_root_S1_muscular_branches_of_nerve_sciatic_left_01 [Motor MRG Neuron 20.00um]  (Soleus_Motor_Nerves_20um),Motor MRG Neuron,20.00um,S1_muscular,DV-PU - new,30,0.248046875,24.804687500000004,node[0]
116,Nerve_root_L4_L5_sciatic_nerve_tibial_left_02 [Motor MRG Neuron 20.00um]  (Soleus_Motor_Nerves_20um),Motor MRG Neuron,20.00um,L4_L5,DV-PU - new,30,0.248046875,24.804687500000004,node[0]
128,Nerve_root_L4_L5_sciatic_nerve_tibial_left_04 [Motor MRG Neuron 20.00um]  (Soleus_Motor_Nerves_20um),Motor MRG Neuron,20.00um,L4_L5,DV-PU - new,30,0.248046875,24.804687500000004,node[0]
56,Nerve_root_L4_L5_sciatic_muscular_branches_of_nerve_tibial_left_01 [Motor MRG Neuron 20.00um]  (Soleus_Motor_Nerves_20um),Motor MRG Neuron,20.00um,L4_L5,DV-PU - new,30,0.248046875,24.804687500000004,node[0]
13,Nerve_root_L4_L5_muscular_branches_of_nerve_sciatic_left_03 [Motor MRG Neuron 15.00um]  (Soleus_Motor_Nerves_15um),Motor MRG Neuron,15.00um,L4_L5,DV-PU - new,30,0.25,25.0,node[123]
374,Nerve_root_S1_muscular_branches_of_nerve_sciatic_left_04 [Motor MRG Neuron 20.00um]  (Soleus_Motor_Nerves_20um),Motor MRG Neuron,20.00um,S1_muscular,DV-PU - new,30,0.25,25.0,node[0]
26,Nerve_root_L4_L5_muscular_branches_of_nerve_sciatic_left_05 [Motor MRG Neuron 20.00um]  (Soleus_Motor_Nerves_20um),Motor MRG Neuron,20.00um,L4_L5,DV-PU - new,30,0.25,25.0,node[0]
2,Nerve_root_L4_L5_muscular_branches_of_nerve_sciatic_left_01 [Motor MRG Neuron 20.00um]  (Soleus_Motor_Nerves_20um),Motor MRG Neuron,20.00um,L4_L5,DV-PU - new,30,0.251953125,25.1953125,node[0]
79,Nerve_root_L4_L5_sciatic_muscular_branches_of_nerve_tibial_left_05 [Motor MRG Neuron 15.00um]  (Soleus_Motor_Nerves_15um),Motor MRG Neuron,15.00um,L4_L5,DV-PU - new,30,0.251953125,25.1953125,node[123]
8,Nerve_root_L4_L5_muscular_branches_of_nerve_sciatic_left_02 [Motor MRG Neuron 20.00um]  (Soleus_Motor_Nerves_20um),Motor MRG Neuron,20.00um,L4_L5,DV-PU - new,30,0.251953125,25.1953125,node[0]
73,Nerve_root_L4_L5_sciatic_muscular_branches_of_nerve_tibial_left_04 [Motor MRG Neuron 15.00um]  (Soleus_Motor_Nerves_15um),Motor MRG Neuron,15.00um,L4_L5,DV-PU - new,30,0.251953125,25.1953125,node[123]
19,Nerve_root_L4_L5_muscular_branches_of_nerve_sciatic_left_04 [Motor MRG Neuron 15.00um]  (Soleus_Motor_Nerves_15um),Motor MRG Neuron,15.00um,L4_L5,DV-PU - new,30,0.251953125,25.1953125,node[123]
67,Nerve_root_L4_L5_sciatic_muscular_branches_of_nerve_tibial_left_03 [Motor MRG Neuron 15.00um]  (Soleus_Motor_Nerves_15um),Motor MRG Neuron,15.00um,L4_L5,DV-PU - new,30,0.251953125,25.1953125,node[123]
55,Nerve_root_L4_L5_sciatic_muscular_branches_of_nerve_tibial_left_01 [Motor MRG Neuron 15.00um]  (Soleus_Motor_Nerves_15um),Motor MRG Neuron,15.00um,L4_L5,DV-PU - new,30,0.251953125,25.1953125,node[123]
380,Nerve_root_S1_muscular_branches_of_nerve_sciatic_left_05 [Motor MRG Neuron 20.00um]  (Soleus_Motor_Nerves_20um),Motor MRG Neuron,20.00um,S1_muscular,DV-PU - new,30,0.251953125,25.1953125,node[0]
115,Nerve_root_L4_L5_sciatic_nerve_tibial_left_02 [Motor MRG Neuron 15.00um]  (Soleus_Motor_Nerves_15um),Motor MRG Neuron,15.00um,L4_L5,DV-PU - new,30,0.25390625,25.390625,node[123]
127,Nerve_root_L4_L5_sciatic_nerve_tibial_left_04 [Motor MRG Neuron 15.00um]  (Soleus_Motor_Nerves_15um),Motor MRG Neuron,15.00um,L4_L5,DV-PU - new,30,0.25390625,25.390625,node[123]
133,Nerve_root_L4_L5_sciatic_nerve_tibial_left_05 [Motor MRG Neuron 15.00um]  (Soleus_Motor_Nerves_15um),Motor MRG Neuron,15.00um,L4_L5,DV-PU - new,30,0.25390625,25.390625,node[123]
25,Nerve_root_L4_L5_muscular_branches_of_nerve_sciatic_left_05 [Motor MRG Neuron 15.00um]  (Soleus_Motor_Nerves_15um),Motor MRG Neuron,15.00um,L4_L5,DV-PU - new,30,0.25390625,25.390625,node[123]
109,Nerve_root_L4_L5_sciatic_nerve_tibial_left_01 [Motor MRG Neuron 15.00um]  (Soleus_Motor_Nerves_15um),Motor MRG Neuron,15.00um,L4_L5,DV-PU - new,30,0.25390625,25.390625,node[123]
32,Nerve_root_L4_L5_muscular_branches_of_nerve_sciatic_right_01 [Motor MRG Neuron 20.00um]  (Soleus_Motor_Nerves_20um),Motor MRG Neuron,20.00um,L4_L5,DV-PU - new,30,0.25390625,25.390625,node[0]
121,Nerve_root_L4_L5_sciatic_nerve_tibial_left_03 [Motor MRG Neuron 15.00um]  (Soleus_Motor_Nerves_15um),Motor MRG Neuron,15.00um,L4_L5,DV-PU - new,30,0.25390625,25.390625,node[123]
61,Nerve_root_L4_L5_sciatic_muscular_branches_of_nerve_tibial_left_02 [Motor MRG Neuron 15.00um]  (Soleus_Motor_Nerves_15um),Motor MRG Neuron,15.00um,L4_L5,DV-PU - new,30,0.25390625,25.390625,node[123]
838,Ventral_root_L2_nerve_genitofemoral_right_01 [Motor MRG Neuron 15.00um]  (Ventral_Root_Nerves_(T7-L2)_15um),Motor MRG Neuron,15.00um,L2_nerve,DV-PU - new,30,0.25390625,25.390625,node[148]
428,Nerve_root_S1_sciatic_muscular_branches_of_nerve_tibial_left_04 [Motor MRG Neuron 20.00um]  (Soleus_Motor_Nerves_20um),Motor MRG Neuron,20.00um,S1_sciatic,DV-PU - new,30,0.255859375,25.585937500000004,node[0]
458,Nerve_root_S1_sciatic_muscular_branches_of_nerve_tibial_right_04 [Motor MRG Neuron 20.00um]  (Soleus_Motor_Nerves_20um),Motor MRG Neuron,20.00um,S1_sciatic,DV-PU - new,30,0.255859375,25.585937500000004,node[0]
470,Nerve_root_S1_sciatic_nerve_tibial_left_02 [Motor MRG Neuron 20.00um]  (Soleus_Motor_Nerves_20um),Motor MRG Neuron,20.00um,S1_sciatic,DV-PU - new,30,0.255859375,25.585937500000004,node[0]
446,Nerve_root_S1_sciatic_muscular_branches_of_nerve_tibial_right_02 [Motor MRG Neuron 20.00um]  (Soleus_Motor_Nerves_20um),Motor MRG Neuron,20.00um,S1_sciatic,DV-PU - new,30,0.255859375,25.585937500000004,node[0]
452,Nerve_root_S1_sciatic_muscular_branches_of_nerve_tibial_right_03 [Motor MRG Neuron 20.00um]  (Soleus_Motor_Nerves_20um),Motor MRG Neuron,20.00um,S1_sciatic,DV-PU - new,30,0.255859375,25.585937500000004,node[0]
572,Nerve_root_S2_muscular_branches_of_nerve_sciatic_right_02 [Motor MRG Neuron 20.00um]  (Soleus_Motor_Nerves_20um),Motor MRG Neuron,20.00um,S2_muscular,DV-PU - new,30,0.255859375,25.585937500000004,node[0]
476,Nerve_root_S1_sciatic_nerve_tibial_left_03 [Motor MRG Neuron 20.00um]  (Soleus_Motor_Nerves_20um),Motor MRG Neuron,20.00um,S1_sciatic,DV-PU - new,30,0.255859375,25.585937500000004,node[0]
440,Nerve_root_S1_sciatic_muscular_branches_of_nerve_tibial_right_01 [Motor MRG Neuron 20.00um]  (Soleus_Motor_Nerves_20um),Motor MRG Neuron,20.00um,S1_sciatic,DV-PU - new,30,0.255859375,25.585937500000004,node[0]
422,Nerve_root_S1_sciatic_muscular_branches_of_nerve_tibial_left_03 [Motor MRG Neuron 20.00um]  (Soleus_Motor_Nerves_20um),Motor MRG Neuron,20.00um,S1_sciatic,DV-PU - new,30,0.255859375,25.585937500000004,node[0]
464,Nerve_root_S1_sciatic_nerve_tibial_left_01 [Motor MRG Neuron 20.00um]  (Soleus_Motor_Nerves_20um),Motor MRG Neuron,20.00um,S1_sciatic,DV-PU - new,30,0.255859375,25.585937500000004,node[0]
482,Nerve_root_S1_sciatic_nerve_tibial_left_04 [Motor MRG Neuron 20.00um]  (Soleus_Motor_Nerves_20um),Motor MRG Neuron,20.00um,S1_sciatic,DV-PU - new,30,0.255859375,25.585937500000004,node[0]
578,Nerve_root_S2_muscular_branches_of_nerve_sciatic_right_03 [Motor MRG Neuron 20.00um]  (Soleus_Motor_Nerves_20um),Motor MRG Neuron,20.00um,S2_muscular,DV-PU - new,30,0.255859375,25.585937500000004,node[0]
176,Nerve_root_L4_L5_sciatic_nerve_tibial_right_07 [Motor MRG Neuron 20.00um]  (Soleus_Motor_Nerves_20um),Motor MRG Neuron,20.00um,L4_L5,DV-PU - new,30,0.255859375,25.585937500000004,node[0]
494,Nerve_root_S1_sciatic_nerve_tibial_right_01 [Motor MRG Neuron 20.00um]  (Soleus_Motor_Nerves_20um),Motor MRG Neuron,20.00um,S1_sciatic,DV-PU - new,30,0.255859375,25.585937500000004,node[0]
140,Nerve_root_L4_L5_sciatic_nerve_tibial_right_01 [Motor MRG Neuron 20.00um]  (Soleus_Motor_Nerves_20um),Motor MRG Neuron,20.00um,L4_L5,DV-PU - new,30,0.255859375,25.585937500000004,node[0]
170,Nerve_root_L4_L5_sciatic_nerve_tibial_right_06 [Motor MRG Neuron 20.00um]  (Soleus_Motor_Nerves_20um),Motor MRG Neuron,20.00um,L4_L5,DV-PU - new,30,0.255859375,25.585937500000004,node[0]
584,Nerve_root_S2_muscular_branches_of_nerve_sciatic_right_04 [Motor MRG Neuron 20.00um]  (Soleus_Motor_Nerves_20um),Motor MRG Neuron,20.00um,S2_muscular,DV-PU - new,30,0.255859375,25.585937500000004,node[0]
164,Nerve_root_L4_L5_sciatic_nerve_tibial_right_05 [Motor MRG Neuron 20.00um]  (Soleus_Motor_Nerves_20um),Motor MRG Neuron,20.00um,L4_L5,DV-PU - new,30,0.255859375,25.585937500000004,node[0]
146,Nerve_root_L4_L5_sciatic_nerve_tibial_right_02 [Motor MRG Neuron 20.00um]  (Soleus_Motor_Nerves_20um),Motor MRG Neuron,20.00um,L4_L5,DV-PU - new,30,0.255859375,25.585937500000004,node[0]
158,Nerve_root_L4_L5_sciatic_nerve_tibial_right_04 [Motor MRG Neuron 20.00um]  (Soleus_Motor_Nerves_20um),Motor MRG Neuron,20.00um,L4_L5,DV-PU - new,30,0.255859375,25.585937500000004,node[0]
152,Nerve_root_L4_L5_sciatic_nerve_tibial_right_03 [Motor MRG Neuron 20.00um]  (Soleus_Motor_Nerves_20um),Motor MRG Neuron,20.00um,L4_L5,DV-PU - new,30,0.255859375,25.585937500000004,node[0]
44,Nerve_root_L4_L5_muscular_branches_of_nerve_sciatic_right_03 [Motor MRG Neuron 20.00um]  (Soleus_Motor_Nerves_20um),Motor MRG Neuron,20.00um,L4_L5,DV-PU - new,30,0.255859375,25.585937500000004,node[0]
434,Nerve_root_S1_sciatic_muscular_branches_of_nerve_tibial_left_05 [Motor MRG Neuron 20.00um]  (Soleus_Motor_Nerves_20um),Motor MRG Neuron,20.00um,S1_sciatic,DV-PU - new,30,0.255859375,25.585937500000004,node[0]
488,Nerve_root_S1_sciatic_nerve_tibial_left_05 [Motor MRG Neuron 20.00um]  (Soleus_Motor_Nerves_20um),Motor MRG Neuron,20.00um,S1_sciatic,DV-PU - new,30,0.255859375,25.585937500000004,node[0]
506,Nerve_root_S1_sciatic_nerve_tibial_right_03 [Motor MRG Neuron 20.00um]  (Soleus_Motor_Nerves_20um),Motor MRG Neuron,20.00um,S1_sciatic,DV-PU - new,30,0.255859375,25.585937500000004,node[0]
524,Nerve_root_S1_sciatic_nerve_tibial_right_06 [Motor MRG Neuron 20.00um]  (Soleus_Motor_Nerves_20um),Motor MRG Neuron,20.00um,S1_sciatic,DV-PU - new,30,0.255859375,25.585937500000004,node[0]
50,Nerve_root_L4_L5_muscular_branches_of_nerve_sciatic_right_04 [Motor MRG Neuron 20.00um]  (Soleus_Motor_Nerves_20um),Motor MRG Neuron,20.00um,L4_L5,DV-PU - new,30,0.255859375,25.585937500000004,node[0]
92,Nerve_root_L4_L5_sciatic_muscular_branches_of_nerve_tibial_right_02 [Motor MRG Neuron 20.00um]  (Soleus_Motor_Nerves_20um),Motor MRG Neuron,20.00um,L4_L5,DV-PU - new,30,0.255859375,25.585937500000004,node[0]
530,Nerve_root_S1_sciatic_nerve_tibial_right_07 [Motor MRG Neuron 20.00um]  (Soleus_Motor_Nerves_20um),Motor MRG Neuron,20.00um,S1_sciatic,DV-PU - new,30,0.255859375,25.585937500000004,node[0]
518,Nerve_root_S1_sciatic_nerve_tibial_right_05 [Motor MRG Neuron 20.00um]  (Soleus_Motor_Nerves_20um),Motor MRG Neuron,20.00um,S1_sciatic,DV-PU - new,30,0.255859375,25.585937500000004,node[0]
98,Nerve_root_L4_L5_sciatic_muscular_branches_of_nerve_tibial_right_03 [Motor MRG Neuron 20.00um]  (Soleus_Motor_Nerves_20um),Motor MRG Neuron,20.00um,L4_L5,DV-PU - new,30,0.255859375,25.585937500000004,node[0]
410,Nerve_root_S1_sciatic_muscular_branches_of_nerve_tibial_left_01 [Motor MRG Neuron 20.00um]  (Soleus_Motor_Nerves_20um),Motor MRG Neuron,20.00um,S1_sciatic,DV-PU - new,30,0.255859375,25.585937500000004,node[0]
38,Nerve_root_L4_L5_muscular_branches_of_nerve_sciatic_right_02 [Motor MRG Neuron 20.00um]  (Soleus_Motor_Nerves_20um),Motor MRG Neuron,20.00um,L4_L5,DV-PU - new,30,0.255859375,25.585937500000004,node[0]
104,Nerve_root_L4_L5_sciatic_muscular_branches_of_nerve_tibial_right_04 [Motor MRG Neuron 20.00um]  (Soleus_Motor_Nerves_20um),Motor MRG Neuron,20.00um,L4_L5,DV-PU - new,30,0.255859375,25.585937500000004,node[0]
416,Nerve_root_S1_sciatic_muscular_branches_of_nerve_tibial_left_02 [Motor MRG Neuron 20.00um]  (Soleus_Motor_Nerves_20um),Motor MRG Neuron,20.00um,S1_sciatic,DV-PU - new,30,0.255859375,25.585937500000004,node[0]
404,Nerve_root_S1_muscular_branches_of_nerve_sciatic_right_04 [Motor MRG Neuron 20.00um]  (Soleus_Motor_Nerves_20um),Motor MRG Neuron,20.00um,S1_muscular,DV-PU - new,30,0.255859375,25.585937500000004,node[0]
86,Nerve_root_L4_L5_sciatic_muscular_branches_of_nerve_tibial_right_01 [Motor MRG Neuron 20.00um]  (Soleus_Motor_Nerves_20um),Motor MRG Neuron,20.00um,L4_L5,DV-PU - new,30,0.255859375,25.585937500000004,node[0]
500,Nerve_root_S1_sciatic_nerve_tibial_right_02 [Motor MRG Neuron 20.00um]  (Soleus_Motor_Nerves_20um),Motor MRG Neuron,20.00um,S1_sciatic,DV-PU - new,30,0.255859375,25.585937500000004,node[0]
512,Nerve_root_S1_sciatic_nerve_tibial_right_04 [Motor MRG Neuron 20.00um]  (Soleus_Motor_Nerves_20um),Motor MRG Neuron,20.00um,S1_sciatic,DV-PU - new,30,0.255859375,25.585937500000004,node[0]
536,Nerve_root_S2_muscular_branches_of_nerve_sciatic_left_01 [Motor MRG Neuron 20.00um]  (Soleus_Motor_Nerves_20um),Motor MRG Neuron,20.00um,S2_muscular,DV-PU - new,30,0.2578125,25.781250000000004,node[0]
698,Nerve_root_S2_sciatic_nerve_tibial_right_05 [Motor MRG Neuron 20.00um]  (Soleus_Motor_Nerves_20um),Motor MRG Neuron,20.00um,S2_sciatic,DV-PU - new,30,0.2578125,25.781250000000004,node[0]
542,Nerve_root_S2_muscular_branches_of_nerve_sciatic_left_02 [Motor MRG Neuron 20.00um]  (Soleus_Motor_Nerves_20um),Motor MRG Neuron,20.00um,S2_muscular,DV-PU - new,30,0.2578125,25.781250000000004,node[0]
632,Nerve_root_S2_sciatic_muscular_branches_of_nerve_tibial_right_03 [Motor MRG Neuron 20.00um]  (Soleus_Motor_Nerves_20um),Motor MRG Neuron,20.00um,S2_sciatic,DV-PU - new,30,0.2578125,25.781250000000004,node[0]
638,Nerve_root_S2_sciatic_muscular_branches_of_nerve_tibial_right_04 [Motor MRG Neuron 20.00um]  (Soleus_Motor_Nerves_20um),Motor MRG Neuron,20.00um,S2_sciatic,DV-PU - new,30,0.2578125,25.781250000000004,node[0]
686,Nerve_root_S2_sciatic_nerve_tibial_right_03 [Motor MRG Neuron 20.00um]  (Soleus_Motor_Nerves_20um),Motor MRG Neuron,20.00um,S2_sciatic,DV-PU - new,30,0.2578125,25.781250000000004,node[0]
704,Nerve_root_S2_sciatic_nerve_tibial_right_06 [Motor MRG Neuron 20.00um]  (Soleus_Motor_Nerves_20um),Motor MRG Neuron,20.00um,S2_sciatic,DV-PU - new,30,0.2578125,25.781250000000004,node[0]
620,Nerve_root_S2_sciatic_muscular_branches_of_nerve_tibial_right_01 [Motor MRG Neuron 20.00um]  (Soleus_Motor_Nerves_20um),Motor MRG Neuron,20.00um,S2_sciatic,DV-PU - new,30,0.2578125,25.781250000000004,node[0]
626,Nerve_root_S2_sciatic_muscular_branches_of_nerve_tibial_right_02 [Motor MRG Neuron 20.00um]  (Soleus_Motor_Nerves_20um),Motor MRG Neuron,20.00um,S2_sciatic,DV-PU - new,30,0.2578125,25.781250000000004,node[0]
674,Nerve_root_S2_sciatic_nerve_tibial_right_01 [Motor MRG Neuron 20.00um]  (Soleus_Motor_Nerves_20um),Motor MRG Neuron,20.00um,S2_sciatic,DV-PU - new,30,0.2578125,25.781250000000004,node[0]
710,Nerve_root_S2_sciatic_nerve_tibial_right_07 [Motor MRG Neuron 20.00um]  (Soleus_Motor_Nerves_20um),Motor MRG Neuron,20.00um,S2_sciatic,DV-PU - new,30,0.2578125,25.781250000000004,node[0]
692,Nerve_root_S2_sciatic_nerve_tibial_right_04 [Motor MRG Neuron 20.00um]  (Soleus_Motor_Nerves_20um),Motor MRG Neuron,20.00um,S2_sciatic,DV-PU - new,30,0.2578125,25.781250000000004,node[0]
680,Nerve_root_S2_sciatic_nerve_tibial_right_02 [Motor MRG Neuron 20.00um]  (Soleus_Motor_Nerves_20um),Motor MRG Neuron,20.00um,S2_sciatic,DV-PU - new,30,0.2578125,25.781250000000004,node[0]
566,Nerve_root_S2_muscular_branches_of_nerve_sciatic_right_01 [Motor MRG Neuron 20.00um]  (Soleus_Motor_Nerves_20um),Motor MRG Neuron,20.00um,S2_muscular,DV-PU - new,30,0.259765625,25.9765625,node[0]
590,Nerve_root_S2_sciatic_muscular_branches_of_nerve_tibial_left_01 [Motor MRG Neuron 20.00um]  (Soleus_Motor_Nerves_20um),Motor MRG Neuron,20.00um,S2_sciatic,DV-PU - new,30,0.259765625,25.9765625,node[0]
554,Nerve_root_S2_muscular_branches_of_nerve_sciatic_left_04 [Motor MRG Neuron 20.00um]  (Soleus_Motor_Nerves_20um),Motor MRG Neuron,20.00um,S2_muscular,DV-PU - new,30,0.259765625,25.9765625,node[0]
560,Nerve_root_S2_muscular_branches_of_nerve_sciatic_left_05 [Motor MRG Neuron 20.00um]  (Soleus_Motor_Nerves_20um),Motor MRG Neuron,20.00um,S2_muscular,DV-PU - new,30,0.259765625,25.9765625,node[0]
548,Nerve_root_S2_muscular_branches_of_nerve_sciatic_left_03 [Motor MRG Neuron 20.00um]  (Soleus_Motor_Nerves_20um),Motor MRG Neuron,20.00um,S2_muscular,DV-PU - new,30,0.259765625,25.9765625,node[0]
614,Nerve_root_S2_sciatic_muscular_branches_of_nerve_tibial_left_05 [Motor MRG Neuron 20.00um]  (Soleus_Motor_Nerves_20um),Motor MRG Neuron,20.00um,S2_sciatic,DV-PU - new,30,0.26171875,26.171875,node[0]
644,Nerve_root_S2_sciatic_nerve_tibial_left_01 [Motor MRG Neuron 20.00um]  (Soleus_Motor_Nerves_20um),Motor MRG Neuron,20.00um,S2_sciatic,DV-PU - new,30,0.26171875,26.171875,node[0]
656,Nerve_root_S2_sciatic_nerve_tibial_left_03 [Motor MRG Neuron 20.00um]  (Soleus_Motor_Nerves_20um),Motor MRG Neuron,20.00um,S2_sciatic,DV-PU - new,30,0.26171875,26.171875,node[0]
668,Nerve_root_S2_sciatic_nerve_tibial_left_05 [Motor MRG Neuron 20.00um]  (Soleus_Motor_Nerves_20um),Motor MRG Neuron,20.00um,S2_sciatic,DV-PU - new,30,0.26171875,26.171875,node[0]
608,Nerve_root_S2_sciatic_muscular_branches_of_nerve_tibial_left_04 [Motor MRG Neuron 20.00um]  (Soleus_Motor_Nerves_20um),Motor MRG Neuron,20.00um,S2_sciatic,DV-PU - new,30,0.26171875,26.171875,node[0]
662,Nerve_root_S2_sciatic_nerve_tibial_left_04 [Motor MRG Neuron 20.00um]  (Soleus_Motor_Nerves_20um),Motor MRG Neuron,20.00um,S2_sciatic,DV-PU - new,30,0.26171875,26.171875,node[0]
596,Nerve_root_S2_sciatic_muscular_branches_of_nerve_tibial_left_02 [Motor MRG Neuron 20.00um]  (Soleus_Motor_Nerves_20um),Motor MRG Neuron,20.00um,S2_sciatic,DV-PU - new,30,0.26171875,26.171875,node[0]
602,Nerve_root_S2_sciatic_muscular_branches_of_nerve_tibial_left_03 [Motor MRG Neuron 20.00um]  (Soleus_Motor_Nerves_20um),Motor MRG Neuron,20.00um,S2_sciatic,DV-PU - new,30,0.26171875,26.171875,node[0]
650,Nerve_root_S2_sciatic_nerve_tibial_left_02 [Motor MRG Neuron 20.00um]  (Soleus_Motor_Nerves_20um),Motor MRG Neuron,20.00um,S2_sciatic,DV-PU - new,30,0.26171875,26.171875,node[0]
398,Nerve_root_S1_muscular_branches_of_nerve_sciatic_right_03 [Motor MRG Neuron 20.00um]  (Soleus_Motor_Nerves_20um),Motor MRG Neuron,20.00um,S1_muscular,DV-PU - new,30,0.26953125,26.953125,node[0]
386,Nerve_root_S1_muscular_branches_of_nerve_sciatic_right_01 [Motor MRG Neuron 20.00um]  (Soleus_Motor_Nerves_20um),Motor MRG Neuron,20.00um,S1_muscular,DV-PU - new,30,0.26953125,26.953125,node[0]
392,Nerve_root_S1_muscular_branches_of_nerve_sciatic_right_02 [Motor MRG Neuron 20.00um]  (Soleus_Motor_Nerves_20um),Motor MRG Neuron,20.00um,S1_muscular,DV-PU - new,30,0.26953125,26.953125,node[0]
18,Nerve_root_L4_L5_muscular_branches_of_nerve_sciatic_left_04 [Motor MRG Neuron 10.00um]  (Soleus_Motor_Nerves_10um),Motor MRG Neuron,10.00um,L4_L5,DV-PU - new,30,0.30078125,30.078125,node[167]
66,Nerve_root_L4_L5_sciatic_muscular_branches_of_nerve_tibial_left_03 [Motor MRG Neuron 10.00um]  (Soleus_Motor_Nerves_10um),Motor MRG Neuron,10.00um,L4_L5,DV-PU - new,30,0.302734375,30.2734375,node[167]
827,Ventral_root_L2_L3_L4_nerve_obturator_right_01 [Motor MRG Neuron 20.00um]  (Ventral_Root_Nerves_(T7-L2)_20um),Motor MRG Neuron,20.00um,L2_L3,DV-PU - new,30,0.302734375,30.2734375,node[0]
78,Nerve_root_L4_L5_sciatic_muscular_branches_of_nerve_tibial_left_05 [Motor MRG Neuron 10.00um]  (Soleus_Motor_Nerves_10um),Motor MRG Neuron,10.00um,L4_L5,DV-PU - new,30,0.302734375,30.2734375,node[167]
54,Nerve_root_L4_L5_sciatic_muscular_branches_of_nerve_tibial_left_01 [Motor MRG Neuron 10.00um]  (Soleus_Motor_Nerves_10um),Motor MRG Neuron,10.00um,L4_L5,DV-PU - new,30,0.302734375,30.2734375,node[167]
72,Nerve_root_L4_L5_sciatic_muscular_branches_of_nerve_tibial_left_04 [Motor MRG Neuron 10.00um]  (Soleus_Motor_Nerves_10um),Motor MRG Neuron,10.00um,L4_L5,DV-PU - new,30,0.302734375,30.2734375,node[167]
120,Nerve_root_L4_L5_sciatic_nerve_tibial_left_03 [Motor MRG Neuron 10.00um]  (Soleus_Motor_Nerves_10um),Motor MRG Neuron,10.00um,L4_L5,DV-PU - new,30,0.3046875,30.468750000000004,node[167]
108,Nerve_root_L4_L5_sciatic_nerve_tibial_left_01 [Motor MRG Neuron 10.00um]  (Soleus_Motor_Nerves_10um),Motor MRG Neuron,10.00um,L4_L5,DV-PU - new,30,0.3046875,30.468750000000004,node[167]
132,Nerve_root_L4_L5_sciatic_nerve_tibial_left_05 [Motor MRG Neuron 10.00um]  (Soleus_Motor_Nerves_10um),Motor MRG Neuron,10.00um,L4_L5,DV-PU - new,30,0.3046875,30.468750000000004,node[167]
60,Nerve_root_L4_L5_sciatic_muscular_branches_of_nerve_tibial_left_02 [Motor MRG Neuron 10.00um]  (Soleus_Motor_Nerves_10um),Motor MRG Neuron,10.00um,L4_L5,DV-PU - new,30,0.3046875,30.468750000000004,node[167]
114,Nerve_root_L4_L5_sciatic_nerve_tibial_left_02 [Motor MRG Neuron 10.00um]  (Soleus_Motor_Nerves_10um),Motor MRG Neuron,10.00um,L4_L5,DV-PU - new,30,0.3046875,30.468750000000004,node[167]
126,Nerve_root_L4_L5_sciatic_nerve_tibial_left_04 [Motor MRG Neuron 10.00um]  (Soleus_Motor_Nerves_10um),Motor MRG Neuron,10.00um,L4_L5,DV-PU - new,30,0.3046875,30.468750000000004,node[167]
373,Nerve_root_S1_muscular_branches_of_nerve_sciatic_left_04 [Motor MRG Neuron 15.00um]  (Soleus_Motor_Nerves_15um),Motor MRG Neuron,15.00um,S1_muscular,DV-PU - new,30,0.306640625,30.664062500000004,node[0]
12,Nerve_root_L4_L5_muscular_branches_of_nerve_sciatic_left_03 [Motor MRG Neuron 10.00um]  (Soleus_Motor_Nerves_10um),Motor MRG Neuron,10.00um,L4_L5,DV-PU - new,30,0.306640625,30.664062500000004,node[167]
367,Nerve_root_S1_muscular_branches_of_nerve_sciatic_left_02 [Motor MRG Neuron 15.00um]  (Soleus_Motor_Nerves_15um),Motor MRG Neuron,15.00um,S1_muscular,DV-PU - new,30,0.30859375,30.859375,node[0]
211,Nerve_root_L5_muscular_branches_of_nerve_sciatic_right_01 [Motor MRG Neuron 15.00um]  (Soleus_Motor_Nerves_15um),Motor MRG Neuron,15.00um,L5_muscular,DV-PU - new,30,0.30859375,30.859375,node[0]
217,Nerve_root_L5_muscular_branches_of_nerve_sciatic_right_02 [Motor MRG Neuron 15.00um]  (Soleus_Motor_Nerves_15um),Motor MRG Neuron,15.00um,L5_muscular,DV-PU - new,30,0.30859375,30.859375,node[0]
24,Nerve_root_L4_L5_muscular_branches_of_nerve_sciatic_left_05 [Motor MRG Neuron 10.00um]  (Soleus_Motor_Nerves_10um),Motor MRG Neuron,10.00um,L4_L5,DV-PU - new,30,0.30859375,30.859375,node[167]
361,Nerve_root_S1_muscular_branches_of_nerve_sciatic_left_01 [Motor MRG Neuron 15.00um]  (Soleus_Motor_Nerves_15um),Motor MRG Neuron,15.00um,S1_muscular,DV-PU - new,30,0.30859375,30.859375,node[0]
283,Nerve_root_L5_sciatic_muscular_branches_of_nerve_tibial_right_04 [Motor MRG Neuron 15.00um]  (Soleus_Motor_Nerves_15um),Motor MRG Neuron,15.00um,L5_sciatic,DV-PU - new,30,0.310546875,31.0546875,node[0]
271,Nerve_root_L5_sciatic_muscular_branches_of_nerve_tibial_right_02 [Motor MRG Neuron 15.00um]  (Soleus_Motor_Nerves_15um),Motor MRG Neuron,15.00um,L5_sciatic,DV-PU - new,30,0.310546875,31.0546875,node[0]
223,Nerve_root_L5_muscular_branches_of_nerve_sciatic_right_03 [Motor MRG Neuron 15.00um]  (Soleus_Motor_Nerves_15um),Motor MRG Neuron,15.00um,L5_muscular,DV-PU - new,30,0.310546875,31.0546875,node[0]
277,Nerve_root_L5_sciatic_muscular_branches_of_nerve_tibial_right_03 [Motor MRG Neuron 15.00um]  (Soleus_Motor_Nerves_15um),Motor MRG Neuron,15.00um,L5_sciatic,DV-PU - new,30,0.310546875,31.0546875,node[0]
265,Nerve_root_L5_sciatic_muscular_branches_of_nerve_tibial_right_01 [Motor MRG Neuron 15.00um]  (Soleus_Motor_Nerves_15um),Motor MRG Neuron,15.00um,L5_sciatic,DV-PU - new,30,0.310546875,31.0546875,node[0]
229,Nerve_root_L5_muscular_branches_of_nerve_sciatic_right_04 [Motor MRG Neuron 15.00um]  (Soleus_Motor_Nerves_15um),Motor MRG Neuron,15.00um,L5_muscular,DV-PU - new,30,0.310546875,31.0546875,node[0]
355,Nerve_root_L5_sciatic_nerve_tibial_right_07 [Motor MRG Neuron 15.00um]  (Soleus_Motor_Nerves_15um),Motor MRG Neuron,15.00um,L5_sciatic,DV-PU - new,30,0.310546875,31.0546875,node[0]
349,Nerve_root_L5_sciatic_nerve_tibial_right_06 [Motor MRG Neuron 15.00um]  (Soleus_Motor_Nerves_15um),Motor MRG Neuron,15.00um,L5_sciatic,DV-PU - new,30,0.310546875,31.0546875,node[0]
343,Nerve_root_L5_sciatic_nerve_tibial_right_05 [Motor MRG Neuron 15.00um]  (Soleus_Motor_Nerves_15um),Motor MRG Neuron,15.00um,L5_sciatic,DV-PU - new,30,0.310546875,31.0546875,node[0]
833,Ventral_root_L2_nerve_femoral_right_01 [Motor MRG Neuron 20.00um]  (Ventral_Root_Nerves_(T7-L2)_20um),Motor MRG Neuron,20.00um,L2_nerve,DV-PU - new,30,0.310546875,31.0546875,node[0]
337,Nerve_root_L5_sciatic_nerve_tibial_right_04 [Motor MRG Neuron 15.00um]  (Soleus_Motor_Nerves_15um),Motor MRG Neuron,15.00um,L5_sciatic,DV-PU - new,30,0.310546875,31.0546875,node[0]
331,Nerve_root_L5_sciatic_nerve_tibial_right_03 [Motor MRG Neuron 15.00um]  (Soleus_Motor_Nerves_15um),Motor MRG Neuron,15.00um,L5_sciatic,DV-PU - new,30,0.310546875,31.0546875,node[0]
379,Nerve_root_S1_muscular_branches_of_nerve_sciatic_left_05 [Motor MRG Neuron 15.00um]  (Soleus_Motor_Nerves_15um),Motor MRG Neuron,15.00um,S1_muscular,DV-PU - new,30,0.310546875,31.0546875,node[0]
325,Nerve_root_L5_sciatic_nerve_tibial_right_02 [Motor MRG Neuron 15.00um]  (Soleus_Motor_Nerves_15um),Motor MRG Neuron,15.00um,L5_sciatic,DV-PU - new,30,0.310546875,31.0546875,node[0]
319,Nerve_root_L5_sciatic_nerve_tibial_right_01 [Motor MRG Neuron 15.00um]  (Soleus_Motor_Nerves_15um),Motor MRG Neuron,15.00um,L5_sciatic,DV-PU - new,30,0.310546875,31.0546875,node[0]
187,Nerve_root_L5_muscular_branches_of_nerve_sciatic_left_02 [Motor MRG Neuron 15.00um]  (Soleus_Motor_Nerves_15um),Motor MRG Neuron,15.00um,L5_muscular,DV-PU - new,30,0.3125,31.25,node[0]
193,Nerve_root_L5_muscular_branches_of_nerve_sciatic_left_03 [Motor MRG Neuron 15.00um]  (Soleus_Motor_Nerves_15um),Motor MRG Neuron,15.00um,L5_muscular,DV-PU - new,30,0.3125,31.25,node[0]
199,Nerve_root_L5_muscular_branches_of_nerve_sciatic_left_04 [Motor MRG Neuron 15.00um]  (Soleus_Motor_Nerves_15um),Motor MRG Neuron,15.00um,L5_muscular,DV-PU - new,30,0.3125,31.25,node[0]
205,Nerve_root_L5_muscular_branches_of_nerve_sciatic_left_05 [Motor MRG Neuron 15.00um]  (Soleus_Motor_Nerves_15um),Motor MRG Neuron,15.00um,L5_muscular,DV-PU - new,30,0.3125,31.25,node[0]
181,Nerve_root_L5_muscular_branches_of_nerve_sciatic_left_01 [Motor MRG Neuron 15.00um]  (Soleus_Motor_Nerves_15um),Motor MRG Neuron,15.00um,L5_muscular,DV-PU - new,30,0.3125,31.25,node[0]
259,Nerve_root_L5_sciatic_muscular_branches_of_nerve_tibial_left_05 [Motor MRG Neuron 15.00um]  (Soleus_Motor_Nerves_15um),Motor MRG Neuron,15.00um,L5_sciatic,DV-PU - new,30,0.314453125,31.445312500000004,node[0]
235,Nerve_root_L5_sciatic_muscular_branches_of_nerve_tibial_left_01 [Motor MRG Neuron 15.00um]  (Soleus_Motor_Nerves_15um),Motor MRG Neuron,15.00um,L5_sciatic,DV-PU - new,30,0.314453125,31.445312500000004,node[0]
253,Nerve_root_L5_sciatic_muscular_branches_of_nerve_tibial_left_04 [Motor MRG Neuron 15.00um]  (Soleus_Motor_Nerves_15um),Motor MRG Neuron,15.00um,L5_sciatic,DV-PU - new,30,0.314453125,31.445312500000004,node[0]
247,Nerve_root_L5_sciatic_muscular_branches_of_nerve_tibial_left_03 [Motor MRG Neuron 15.00um]  (Soleus_Motor_Nerves_15um),Motor MRG Neuron,15.00um,L5_sciatic,DV-PU - new,30,0.314453125,31.445312500000004,node[0]
463,Nerve_root_S1_sciatic_nerve_tibial_left_01 [Motor MRG Neuron 15.00um]  (Soleus_Motor_Nerves_15um),Motor MRG Neuron,15.00um,S1_sciatic,DV-PU - new,30,0.314453125,31.445312500000004,node[0]
427,Nerve_root_S1_sciatic_muscular_branches_of_nerve_tibial_left_04 [Motor MRG Neuron 15.00um]  (Soleus_Motor_Nerves_15um),Motor MRG Neuron,15.00um,S1_sciatic,DV-PU - new,30,0.314453125,31.445312500000004,node[0]
469,Nerve_root_S1_sciatic_nerve_tibial_left_02 [Motor MRG Neuron 15.00um]  (Soleus_Motor_Nerves_15um),Motor MRG Neuron,15.00um,S1_sciatic,DV-PU - new,30,0.314453125,31.445312500000004,node[0]
415,Nerve_root_S1_sciatic_muscular_branches_of_nerve_tibial_left_02 [Motor MRG Neuron 15.00um]  (Soleus_Motor_Nerves_15um),Motor MRG Neuron,15.00um,S1_sciatic,DV-PU - new,30,0.314453125,31.445312500000004,node[0]
409,Nerve_root_S1_sciatic_muscular_branches_of_nerve_tibial_left_01 [Motor MRG Neuron 15.00um]  (Soleus_Motor_Nerves_15um),Motor MRG Neuron,15.00um,S1_sciatic,DV-PU - new,30,0.314453125,31.445312500000004,node[0]
421,Nerve_root_S1_sciatic_muscular_branches_of_nerve_tibial_left_03 [Motor MRG Neuron 15.00um]  (Soleus_Motor_Nerves_15um),Motor MRG Neuron,15.00um,S1_sciatic,DV-PU - new,30,0.314453125,31.445312500000004,node[0]
241,Nerve_root_L5_sciatic_muscular_branches_of_nerve_tibial_left_02 [Motor MRG Neuron 15.00um]  (Soleus_Motor_Nerves_15um),Motor MRG Neuron,15.00um,L5_sciatic,DV-PU - new,30,0.314453125,31.445312500000004,node[0]
487,Nerve_root_S1_sciatic_nerve_tibial_left_05 [Motor MRG Neuron 15.00um]  (Soleus_Motor_Nerves_15um),Motor MRG Neuron,15.00um,S1_sciatic,DV-PU - new,30,0.314453125,31.445312500000004,node[0]
433,Nerve_root_S1_sciatic_muscular_branches_of_nerve_tibial_left_05 [Motor MRG Neuron 15.00um]  (Soleus_Motor_Nerves_15um),Motor MRG Neuron,15.00um,S1_sciatic,DV-PU - new,30,0.314453125,31.445312500000004,node[0]
313,Nerve_root_L5_sciatic_nerve_tibial_left_05 [Motor MRG Neuron 15.00um]  (Soleus_Motor_Nerves_15um),Motor MRG Neuron,15.00um,L5_sciatic,DV-PU - new,30,0.314453125,31.445312500000004,node[0]
481,Nerve_root_S1_sciatic_nerve_tibial_left_04 [Motor MRG Neuron 15.00um]  (Soleus_Motor_Nerves_15um),Motor MRG Neuron,15.00um,S1_sciatic,DV-PU - new,30,0.314453125,31.445312500000004,node[0]
307,Nerve_root_L5_sciatic_nerve_tibial_left_04 [Motor MRG Neuron 15.00um]  (Soleus_Motor_Nerves_15um),Motor MRG Neuron,15.00um,L5_sciatic,DV-PU - new,30,0.314453125,31.445312500000004,node[0]
295,Nerve_root_L5_sciatic_nerve_tibial_left_02 [Motor MRG Neuron 15.00um]  (Soleus_Motor_Nerves_15um),Motor MRG Neuron,15.00um,L5_sciatic,DV-PU - new,30,0.314453125,31.445312500000004,node[0]
475,Nerve_root_S1_sciatic_nerve_tibial_left_03 [Motor MRG Neuron 15.00um]  (Soleus_Motor_Nerves_15um),Motor MRG Neuron,15.00um,S1_sciatic,DV-PU - new,30,0.314453125,31.445312500000004,node[0]
289,Nerve_root_L5_sciatic_nerve_tibial_left_01 [Motor MRG Neuron 15.00um]  (Soleus_Motor_Nerves_15um),Motor MRG Neuron,15.00um,L5_sciatic,DV-PU - new,30,0.314453125,31.445312500000004,node[0]
301,Nerve_root_L5_sciatic_nerve_tibial_left_03 [Motor MRG Neuron 15.00um]  (Soleus_Motor_Nerves_15um),Motor MRG Neuron,15.00um,L5_sciatic,DV-PU - new,30,0.314453125,31.445312500000004,node[0]
6,Nerve_root_L4_L5_muscular_branches_of_nerve_sciatic_left_02 [Motor MRG Neuron 10.00um]  (Soleus_Motor_Nerves_10um),Motor MRG Neuron,10.00um,L4_L5,DV-PU - new,30,0.31640625,31.640625,node[168]
0,Nerve_root_L4_L5_muscular_branches_of_nerve_sciatic_left_01 [Motor MRG Neuron 10.00um]  (Soleus_Motor_Nerves_10um),Motor MRG Neuron,10.00um,L4_L5,DV-PU - new,30,0.31640625,31.640625,node[168]
697,Nerve_root_S2_sciatic_nerve_tibial_right_05 [Motor MRG Neuron 15.00um]  (Soleus_Motor_Nerves_15um),Motor MRG Neuron,15.00um,S2_sciatic,DV-PU - new,30,0.318359375,31.8359375,node[0]
685,Nerve_root_S2_sciatic_nerve_tibial_right_03 [Motor MRG Neuron 15.00um]  (Soleus_Motor_Nerves_15um),Motor MRG Neuron,15.00um,S2_sciatic,DV-PU - new,30,0.318359375,31.8359375,node[0]
709,Nerve_root_S2_sciatic_nerve_tibial_right_07 [Motor MRG Neuron 15.00um]  (Soleus_Motor_Nerves_15um),Motor MRG Neuron,15.00um,S2_sciatic,DV-PU - new,30,0.318359375,31.8359375,node[0]
691,Nerve_root_S2_sciatic_nerve_tibial_right_04 [Motor MRG Neuron 15.00um]  (Soleus_Motor_Nerves_15um),Motor MRG Neuron,15.00um,S2_sciatic,DV-PU - new,30,0.318359375,31.8359375,node[0]
679,Nerve_root_S2_sciatic_nerve_tibial_right_02 [Motor MRG Neuron 15.00um]  (Soleus_Motor_Nerves_15um),Motor MRG Neuron,15.00um,S2_sciatic,DV-PU - new,30,0.318359375,31.8359375,node[0]
703,Nerve_root_S2_sciatic_nerve_tibial_right_06 [Motor MRG Neuron 15.00um]  (Soleus_Motor_Nerves_15um),Motor MRG Neuron,15.00um,S2_sciatic,DV-PU - new,30,0.318359375,31.8359375,node[0]
457,Nerve_root_S1_sciatic_muscular_branches_of_nerve_tibial_right_04 [Motor MRG Neuron 15.00um]  (Soleus_Motor_Nerves_15um),Motor MRG Neuron,15.00um,S1_sciatic,DV-PU - new,30,0.318359375,31.8359375,node[0]
583,Nerve_root_S2_muscular_branches_of_nerve_sciatic_right_04 [Motor MRG Neuron 15.00um]  (Soleus_Motor_Nerves_15um),Motor MRG Neuron,15.00um,S2_muscular,DV-PU - new,30,0.318359375,31.8359375,node[0]
505,Nerve_root_S1_sciatic_nerve_tibial_right_03 [Motor MRG Neuron 15.00um]  (Soleus_Motor_Nerves_15um),Motor MRG Neuron,15.00um,S1_sciatic,DV-PU - new,30,0.318359375,31.8359375,node[0]
637,Nerve_root_S2_sciatic_muscular_branches_of_nerve_tibial_right_04 [Motor MRG Neuron 15.00um]  (Soleus_Motor_Nerves_15um),Motor MRG Neuron,15.00um,S2_sciatic,DV-PU - new,30,0.318359375,31.8359375,node[0]
403,Nerve_root_S1_muscular_branches_of_nerve_sciatic_right_04 [Motor MRG Neuron 15.00um]  (Soleus_Motor_Nerves_15um),Motor MRG Neuron,15.00um,S1_muscular,DV-PU - new,30,0.318359375,31.8359375,node[0]
499,Nerve_root_S1_sciatic_nerve_tibial_right_02 [Motor MRG Neuron 15.00um]  (Soleus_Motor_Nerves_15um),Motor MRG Neuron,15.00um,S1_sciatic,DV-PU - new,30,0.318359375,31.8359375,node[0]
517,Nerve_root_S1_sciatic_nerve_tibial_right_05 [Motor MRG Neuron 15.00um]  (Soleus_Motor_Nerves_15um),Motor MRG Neuron,15.00um,S1_sciatic,DV-PU - new,30,0.318359375,31.8359375,node[0]
625,Nerve_root_S2_sciatic_muscular_branches_of_nerve_tibial_right_02 [Motor MRG Neuron 15.00um]  (Soleus_Motor_Nerves_15um),Motor MRG Neuron,15.00um,S2_sciatic,DV-PU - new,30,0.318359375,31.8359375,node[0]
523,Nerve_root_S1_sciatic_nerve_tibial_right_06 [Motor MRG Neuron 15.00um]  (Soleus_Motor_Nerves_15um),Motor MRG Neuron,15.00um,S1_sciatic,DV-PU - new,30,0.318359375,31.8359375,node[0]
529,Nerve_root_S1_sciatic_nerve_tibial_right_07 [Motor MRG Neuron 15.00um]  (Soleus_Motor_Nerves_15um),Motor MRG Neuron,15.00um,S1_sciatic,DV-PU - new,30,0.318359375,31.8359375,node[0]
493,Nerve_root_S1_sciatic_nerve_tibial_right_01 [Motor MRG Neuron 15.00um]  (Soleus_Motor_Nerves_15um),Motor MRG Neuron,15.00um,S1_sciatic,DV-PU - new,30,0.318359375,31.8359375,node[0]
619,Nerve_root_S2_sciatic_muscular_branches_of_nerve_tibial_right_01 [Motor MRG Neuron 15.00um]  (Soleus_Motor_Nerves_15um),Motor MRG Neuron,15.00um,S2_sciatic,DV-PU - new,30,0.318359375,31.8359375,node[0]
631,Nerve_root_S2_sciatic_muscular_branches_of_nerve_tibial_right_03 [Motor MRG Neuron 15.00um]  (Soleus_Motor_Nerves_15um),Motor MRG Neuron,15.00um,S2_sciatic,DV-PU - new,30,0.318359375,31.8359375,node[0]
439,Nerve_root_S1_sciatic_muscular_branches_of_nerve_tibial_right_01 [Motor MRG Neuron 15.00um]  (Soleus_Motor_Nerves_15um),Motor MRG Neuron,15.00um,S1_sciatic,DV-PU - new,30,0.318359375,31.8359375,node[0]
511,Nerve_root_S1_sciatic_nerve_tibial_right_04 [Motor MRG Neuron 15.00um]  (Soleus_Motor_Nerves_15um),Motor MRG Neuron,15.00um,S1_sciatic,DV-PU - new,30,0.318359375,31.8359375,node[0]
445,Nerve_root_S1_sciatic_muscular_branches_of_nerve_tibial_right_02 [Motor MRG Neuron 15.00um]  (Soleus_Motor_Nerves_15um),Motor MRG Neuron,15.00um,S1_sciatic,DV-PU - new,30,0.318359375,31.8359375,node[0]
451,Nerve_root_S1_sciatic_muscular_branches_of_nerve_tibial_right_03 [Motor MRG Neuron 15.00um]  (Soleus_Motor_Nerves_15um),Motor MRG Neuron,15.00um,S1_sciatic,DV-PU - new,30,0.318359375,31.8359375,node[0]
673,Nerve_root_S2_sciatic_nerve_tibial_right_01 [Motor MRG Neuron 15.00um]  (Soleus_Motor_Nerves_15um),Motor MRG Neuron,15.00um,S2_sciatic,DV-PU - new,30,0.318359375,31.8359375,node[0]
571,Nerve_root_S2_muscular_branches_of_nerve_sciatic_right_02 [Motor MRG Neuron 15.00um]  (Soleus_Motor_Nerves_15um),Motor MRG Neuron,15.00um,S2_muscular,DV-PU - new,30,0.3203125,32.03125000000001,node[0]
577,Nerve_root_S2_muscular_branches_of_nerve_sciatic_right_03 [Motor MRG Neuron 15.00um]  (Soleus_Motor_Nerves_15um),Motor MRG Neuron,15.00um,S2_muscular,DV-PU - new,30,0.3203125,32.03125000000001,node[0]
565,Nerve_root_S2_muscular_branches_of_nerve_sciatic_right_01 [Motor MRG Neuron 15.00um]  (Soleus_Motor_Nerves_15um),Motor MRG Neuron,15.00um,S2_muscular,DV-PU - new,30,0.322265625,32.2265625,node[0]
541,Nerve_root_S2_muscular_branches_of_nerve_sciatic_left_02 [Motor MRG Neuron 15.00um]  (Soleus_Motor_Nerves_15um),Motor MRG Neuron,15.00um,S2_muscular,DV-PU - new,30,0.32421875,32.421875,node[0]
535,Nerve_root_S2_muscular_branches_of_nerve_sciatic_left_01 [Motor MRG Neuron 15.00um]  (Soleus_Motor_Nerves_15um),Motor MRG Neuron,15.00um,S2_muscular,DV-PU - new,30,0.32421875,32.421875,node[0]
553,Nerve_root_S2_muscular_branches_of_nerve_sciatic_left_04 [Motor MRG Neuron 15.00um]  (Soleus_Motor_Nerves_15um),Motor MRG Neuron,15.00um,S2_muscular,DV-PU - new,30,0.326171875,32.6171875,node[0]
547,Nerve_root_S2_muscular_branches_of_nerve_sciatic_left_03 [Motor MRG Neuron 15.00um]  (Soleus_Motor_Nerves_15um),Motor MRG Neuron,15.00um,S2_muscular,DV-PU - new,30,0.326171875,32.6171875,node[0]
601,Nerve_root_S2_sciatic_muscular_branches_of_nerve_tibial_left_03 [Motor MRG Neuron 15.00um]  (Soleus_Motor_Nerves_15um),Motor MRG Neuron,15.00um,S2_sciatic,DV-PU - new,30,0.328125,32.8125,node[0]
613,Nerve_root_S2_sciatic_muscular_branches_of_nerve_tibial_left_05 [Motor MRG Neuron 15.00um]  (Soleus_Motor_Nerves_15um),Motor MRG Neuron,15.00um,S2_sciatic,DV-PU - new,30,0.328125,32.8125,node[0]
559,Nerve_root_S2_muscular_branches_of_nerve_sciatic_left_05 [Motor MRG Neuron 15.00um]  (Soleus_Motor_Nerves_15um),Motor MRG Neuron,15.00um,S2_muscular,DV-PU - new,30,0.328125,32.8125,node[0]
595,Nerve_root_S2_sciatic_muscular_branches_of_nerve_tibial_left_02 [Motor MRG Neuron 15.00um]  (Soleus_Motor_Nerves_15um),Motor MRG Neuron,15.00um,S2_sciatic,DV-PU - new,30,0.328125,32.8125,node[0]
589,Nerve_root_S2_sciatic_muscular_branches_of_nerve_tibial_left_01 [Motor MRG Neuron 15.00um]  (Soleus_Motor_Nerves_15um),Motor MRG Neuron,15.00um,S2_sciatic,DV-PU - new,30,0.328125,32.8125,node[0]
607,Nerve_root_S2_sciatic_muscular_branches_of_nerve_tibial_left_04 [Motor MRG Neuron 15.00um]  (Soleus_Motor_Nerves_15um),Motor MRG Neuron,15.00um,S2_sciatic,DV-PU - new,30,0.328125,32.8125,node[0]
649,Nerve_root_S2_sciatic_nerve_tibial_left_02 [Motor MRG Neuron 15.00um]  (Soleus_Motor_Nerves_15um),Motor MRG Neuron,15.00um,S2_sciatic,DV-PU - new,30,0.328125,32.8125,node[0]
643,Nerve_root_S2_sciatic_nerve_tibial_left_01 [Motor MRG Neuron 15.00um]  (Soleus_Motor_Nerves_15um),Motor MRG Neuron,15.00um,S2_sciatic,DV-PU - new,30,0.328125,32.8125,node[0]
655,Nerve_root_S2_sciatic_nerve_tibial_left_03 [Motor MRG Neuron 15.00um]  (Soleus_Motor_Nerves_15um),Motor MRG Neuron,15.00um,S2_sciatic,DV-PU - new,30,0.328125,32.8125,node[0]
661,Nerve_root_S2_sciatic_nerve_tibial_left_04 [Motor MRG Neuron 15.00um]  (Soleus_Motor_Nerves_15um),Motor MRG Neuron,15.00um,S2_sciatic,DV-PU - new,30,0.328125,32.8125,node[0]
667,Nerve_root_S2_sciatic_nerve_tibial_left_05 [Motor MRG Neuron 15.00um]  (Soleus_Motor_Nerves_15um),Motor MRG Neuron,15.00um,S2_sciatic,DV-PU - new,30,0.328125,32.8125,node[0]
31,Nerve_root_L4_L5_muscular_branches_of_nerve_sciatic_right_01 [Motor MRG Neuron 15.00um]  (Soleus_Motor_Nerves_15um),Motor MRG Neuron,15.00um,L4_L5,DV-PU - new,30,0.3359375,33.59375,node[0]
397,Nerve_root_S1_muscular_branches_of_nerve_sciatic_right_03 [Motor MRG Neuron 15.00um]  (Soleus_Motor_Nerves_15um),Motor MRG Neuron,15.00um,S1_muscular,DV-PU - new,30,0.337890625,33.7890625,node[0]
49,Nerve_root_L4_L5_muscular_branches_of_nerve_sciatic_right_04 [Motor MRG Neuron 15.00um]  (Soleus_Motor_Nerves_15um),Motor MRG Neuron,15.00um,L4_L5,DV-PU - new,30,0.337890625,33.7890625,node[0]
175,Nerve_root_L4_L5_sciatic_nerve_tibial_right_07 [Motor MRG Neuron 15.00um]  (Soleus_Motor_Nerves_15um),Motor MRG Neuron,15.00um,L4_L5,DV-PU - new,30,0.337890625,33.7890625,node[0]
103,Nerve_root_L4_L5_sciatic_muscular_branches_of_nerve_tibial_right_04 [Motor MRG Neuron 15.00um]  (Soleus_Motor_Nerves_15um),Motor MRG Neuron,15.00um,L4_L5,DV-PU - new,30,0.337890625,33.7890625,node[0]
163,Nerve_root_L4_L5_sciatic_nerve_tibial_right_05 [Motor MRG Neuron 15.00um]  (Soleus_Motor_Nerves_15um),Motor MRG Neuron,15.00um,L4_L5,DV-PU - new,30,0.337890625,33.7890625,node[0]
97,Nerve_root_L4_L5_sciatic_muscular_branches_of_nerve_tibial_right_03 [Motor MRG Neuron 15.00um]  (Soleus_Motor_Nerves_15um),Motor MRG Neuron,15.00um,L4_L5,DV-PU - new,30,0.337890625,33.7890625,node[0]
91,Nerve_root_L4_L5_sciatic_muscular_branches_of_nerve_tibial_right_02 [Motor MRG Neuron 15.00um]  (Soleus_Motor_Nerves_15um),Motor MRG Neuron,15.00um,L4_L5,DV-PU - new,30,0.337890625,33.7890625,node[0]
157,Nerve_root_L4_L5_sciatic_nerve_tibial_right_04 [Motor MRG Neuron 15.00um]  (Soleus_Motor_Nerves_15um),Motor MRG Neuron,15.00um,L4_L5,DV-PU - new,30,0.337890625,33.7890625,node[0]
85,Nerve_root_L4_L5_sciatic_muscular_branches_of_nerve_tibial_right_01 [Motor MRG Neuron 15.00um]  (Soleus_Motor_Nerves_15um),Motor MRG Neuron,15.00um,L4_L5,DV-PU - new,30,0.337890625,33.7890625,node[0]
151,Nerve_root_L4_L5_sciatic_nerve_tibial_right_03 [Motor MRG Neuron 15.00um]  (Soleus_Motor_Nerves_15um),Motor MRG Neuron,15.00um,L4_L5,DV-PU - new,30,0.337890625,33.7890625,node[0]
391,Nerve_root_S1_muscular_branches_of_nerve_sciatic_right_02 [Motor MRG Neuron 15.00um]  (Soleus_Motor_Nerves_15um),Motor MRG Neuron,15.00um,S1_muscular,DV-PU - new,30,0.337890625,33.7890625,node[0]
139,Nerve_root_L4_L5_sciatic_nerve_tibial_right_01 [Motor MRG Neuron 15.00um]  (Soleus_Motor_Nerves_15um),Motor MRG Neuron,15.00um,L4_L5,DV-PU - new,30,0.337890625,33.7890625,node[0]
37,Nerve_root_L4_L5_muscular_branches_of_nerve_sciatic_right_02 [Motor MRG Neuron 15.00um]  (Soleus_Motor_Nerves_15um),Motor MRG Neuron,15.00um,L4_L5,DV-PU - new,30,0.337890625,33.7890625,node[0]
43,Nerve_root_L4_L5_muscular_branches_of_nerve_sciatic_right_03 [Motor MRG Neuron 15.00um]  (Soleus_Motor_Nerves_15um),Motor MRG Neuron,15.00um,L4_L5,DV-PU - new,30,0.337890625,33.7890625,node[0]
145,Nerve_root_L4_L5_sciatic_nerve_tibial_right_02 [Motor MRG Neuron 15.00um]  (Soleus_Motor_Nerves_15um),Motor MRG Neuron,15.00um,L4_L5,DV-PU - new,30,0.337890625,33.7890625,node[0]
385,Nerve_root_S1_muscular_branches_of_nerve_sciatic_right_01 [Motor MRG Neuron 15.00um]  (Soleus_Motor_Nerves_15um),Motor MRG Neuron,15.00um,S1_muscular,DV-PU - new,30,0.337890625,33.7890625,node[0]
169,Nerve_root_L4_L5_sciatic_nerve_tibial_right_06 [Motor MRG Neuron 15.00um]  (Soleus_Motor_Nerves_15um),Motor MRG Neuron,15.00um,L4_L5,DV-PU - new,30,0.337890625,33.7890625,node[0]
837,Ventral_root_L2_nerve_genitofemoral_right_01 [Motor MRG Neuron 10.00um]  (Ventral_Root_Nerves_(T7-L2)_10um),Motor MRG Neuron,10.00um,L2_nerve,DV-PU - new,30,0.34375,34.375,node[274]
831,Ventral_root_L2_nerve_femoral_right_01 [Motor MRG Neuron 10.00um]  (Ventral_Root_Nerves_(T7-L2)_10um),Motor MRG Neuron,10.00um,L2_nerve,DV-PU - new,30,0.40234375,40.234375,node[183]
826,Ventral_root_L2_L3_L4_nerve_obturator_right_01 [Motor MRG Neuron 15.00um]  (Ventral_Root_Nerves_(T7-L2)_15um),Motor MRG Neuron,15.00um,L2_L3,DV-PU - new,30,0.4140625,41.40625000000001,node[0]
832,Ventral_root_L2_nerve_femoral_right_01 [Motor MRG Neuron 15.00um]  (Ventral_Root_Nerves_(T7-L2)_15um),Motor MRG Neuron,15.00um,L2_nerve,DV-PU - new,30,0.42578125,42.578125,node[134]
372,Nerve_root_S1_muscular_branches_of_nerve_sciatic_left_04 [Motor MRG Neuron 10.00um]  (Soleus_Motor_Nerves_10um),Motor MRG Neuron,10.00um,S1_muscular,DV-PU - new,30,0.44140625,44.140625,node[0]
366,Nerve_root_S1_muscular_branches_of_nerve_sciatic_left_02 [Motor MRG Neuron 10.00um]  (Soleus_Motor_Nerves_10um),Motor MRG Neuron,10.00um,S1_muscular,DV-PU - new,30,0.4453125,44.53125,node[0]
360,Nerve_root_S1_muscular_branches_of_nerve_sciatic_left_01 [Motor MRG Neuron 10.00um]  (Soleus_Motor_Nerves_10um),Motor MRG Neuron,10.00um,S1_muscular,DV-PU - new,30,0.4453125,44.53125,node[0]
378,Nerve_root_S1_muscular_branches_of_nerve_sciatic_left_05 [Motor MRG Neuron 10.00um]  (Soleus_Motor_Nerves_10um),Motor MRG Neuron,10.00um,S1_muscular,DV-PU - new,30,0.44921875,44.921875,node[0]
408,Nerve_root_S1_sciatic_muscular_branches_of_nerve_tibial_left_01 [Motor MRG Neuron 10.00um]  (Soleus_Motor_Nerves_10um),Motor MRG Neuron,10.00um,S1_sciatic,DV-PU - new,30,0.453125,45.31250000000001,node[0]
420,Nerve_root_S1_sciatic_muscular_branches_of_nerve_tibial_left_03 [Motor MRG Neuron 10.00um]  (Soleus_Motor_Nerves_10um),Motor MRG Neuron,10.00um,S1_sciatic,DV-PU - new,30,0.453125,45.31250000000001,node[0]
426,Nerve_root_S1_sciatic_muscular_branches_of_nerve_tibial_left_04 [Motor MRG Neuron 10.00um]  (Soleus_Motor_Nerves_10um),Motor MRG Neuron,10.00um,S1_sciatic,DV-PU - new,30,0.453125,45.31250000000001,node[0]
462,Nerve_root_S1_sciatic_nerve_tibial_left_01 [Motor MRG Neuron 10.00um]  (Soleus_Motor_Nerves_10um),Motor MRG Neuron,10.00um,S1_sciatic,DV-PU - new,30,0.453125,45.31250000000001,node[0]
414,Nerve_root_S1_sciatic_muscular_branches_of_nerve_tibial_left_02 [Motor MRG Neuron 10.00um]  (Soleus_Motor_Nerves_10um),Motor MRG Neuron,10.00um,S1_sciatic,DV-PU - new,30,0.453125,45.31250000000001,node[0]
474,Nerve_root_S1_sciatic_nerve_tibial_left_03 [Motor MRG Neuron 10.00um]  (Soleus_Motor_Nerves_10um),Motor MRG Neuron,10.00um,S1_sciatic,DV-PU - new,30,0.453125,45.31250000000001,node[0]
432,Nerve_root_S1_sciatic_muscular_branches_of_nerve_tibial_left_05 [Motor MRG Neuron 10.00um]  (Soleus_Motor_Nerves_10um),Motor MRG Neuron,10.00um,S1_sciatic,DV-PU - new,30,0.453125,45.31250000000001,node[0]
480,Nerve_root_S1_sciatic_nerve_tibial_left_04 [Motor MRG Neuron 10.00um]  (Soleus_Motor_Nerves_10um),Motor MRG Neuron,10.00um,S1_sciatic,DV-PU - new,30,0.453125,45.31250000000001,node[0]
468,Nerve_root_S1_sciatic_nerve_tibial_left_02 [Motor MRG Neuron 10.00um]  (Soleus_Motor_Nerves_10um),Motor MRG Neuron,10.00um,S1_sciatic,DV-PU - new,30,0.453125,45.31250000000001,node[0]
486,Nerve_root_S1_sciatic_nerve_tibial_left_05 [Motor MRG Neuron 10.00um]  (Soleus_Motor_Nerves_10um),Motor MRG Neuron,10.00um,S1_sciatic,DV-PU - new,30,0.453125,45.31250000000001,node[0]
576,Nerve_root_S2_muscular_branches_of_nerve_sciatic_right_03 [Motor MRG Neuron 10.00um]  (Soleus_Motor_Nerves_10um),Motor MRG Neuron,10.00um,S2_muscular,DV-PU - new,30,0.45703125,45.70312500000001,node[0]
582,Nerve_root_S2_muscular_branches_of_nerve_sciatic_right_04 [Motor MRG Neuron 10.00um]  (Soleus_Motor_Nerves_10um),Motor MRG Neuron,10.00um,S2_muscular,DV-PU - new,30,0.45703125,45.70312500000001,node[0]
570,Nerve_root_S2_muscular_branches_of_nerve_sciatic_right_02 [Motor MRG Neuron 10.00um]  (Soleus_Motor_Nerves_10um),Motor MRG Neuron,10.00um,S2_muscular,DV-PU - new,30,0.45703125,45.70312500000001,node[0]
678,Nerve_root_S2_sciatic_nerve_tibial_right_02 [Motor MRG Neuron 10.00um]  (Soleus_Motor_Nerves_10um),Motor MRG Neuron,10.00um,S2_sciatic,DV-PU - new,30,0.45703125,45.70312500000001,node[0]
672,Nerve_root_S2_sciatic_nerve_tibial_right_01 [Motor MRG Neuron 10.00um]  (Soleus_Motor_Nerves_10um),Motor MRG Neuron,10.00um,S2_sciatic,DV-PU - new,30,0.45703125,45.70312500000001,node[0]
624,Nerve_root_S2_sciatic_muscular_branches_of_nerve_tibial_right_02 [Motor MRG Neuron 10.00um]  (Soleus_Motor_Nerves_10um),Motor MRG Neuron,10.00um,S2_sciatic,DV-PU - new,30,0.45703125,45.70312500000001,node[0]
684,Nerve_root_S2_sciatic_nerve_tibial_right_03 [Motor MRG Neuron 10.00um]  (Soleus_Motor_Nerves_10um),Motor MRG Neuron,10.00um,S2_sciatic,DV-PU - new,30,0.45703125,45.70312500000001,node[0]
630,Nerve_root_S2_sciatic_muscular_branches_of_nerve_tibial_right_03 [Motor MRG Neuron 10.00um]  (Soleus_Motor_Nerves_10um),Motor MRG Neuron,10.00um,S2_sciatic,DV-PU - new,30,0.45703125,45.70312500000001,node[0]
708,Nerve_root_S2_sciatic_nerve_tibial_right_07 [Motor MRG Neuron 10.00um]  (Soleus_Motor_Nerves_10um),Motor MRG Neuron,10.00um,S2_sciatic,DV-PU - new,30,0.45703125,45.70312500000001,node[0]
690,Nerve_root_S2_sciatic_nerve_tibial_right_04 [Motor MRG Neuron 10.00um]  (Soleus_Motor_Nerves_10um),Motor MRG Neuron,10.00um,S2_sciatic,DV-PU - new,30,0.45703125,45.70312500000001,node[0]
636,Nerve_root_S2_sciatic_muscular_branches_of_nerve_tibial_right_04 [Motor MRG Neuron 10.00um]  (Soleus_Motor_Nerves_10um),Motor MRG Neuron,10.00um,S2_sciatic,DV-PU - new,30,0.45703125,45.70312500000001,node[0]
702,Nerve_root_S2_sciatic_nerve_tibial_right_06 [Motor MRG Neuron 10.00um]  (Soleus_Motor_Nerves_10um),Motor MRG Neuron,10.00um,S2_sciatic,DV-PU - new,30,0.45703125,45.70312500000001,node[0]
618,Nerve_root_S2_sciatic_muscular_branches_of_nerve_tibial_right_01 [Motor MRG Neuron 10.00um]  (Soleus_Motor_Nerves_10um),Motor MRG Neuron,10.00um,S2_sciatic,DV-PU - new,30,0.45703125,45.70312500000001,node[0]
696,Nerve_root_S2_sciatic_nerve_tibial_right_05 [Motor MRG Neuron 10.00um]  (Soleus_Motor_Nerves_10um),Motor MRG Neuron,10.00um,S2_sciatic,DV-PU - new,30,0.45703125,45.70312500000001,node[0]
402,Nerve_root_S1_muscular_branches_of_nerve_sciatic_right_04 [Motor MRG Neuron 10.00um]  (Soleus_Motor_Nerves_10um),Motor MRG Neuron,10.00um,S1_muscular,DV-PU - new,30,0.4609375,46.09375,node[0]
522,Nerve_root_S1_sciatic_nerve_tibial_right_06 [Motor MRG Neuron 10.00um]  (Soleus_Motor_Nerves_10um),Motor MRG Neuron,10.00um,S1_sciatic,DV-PU - new,30,0.46484375,46.484375,node[0]
516,Nerve_root_S1_sciatic_nerve_tibial_right_05 [Motor MRG Neuron 10.00um]  (Soleus_Motor_Nerves_10um),Motor MRG Neuron,10.00um,S1_sciatic,DV-PU - new,30,0.46484375,46.484375,node[0]
510,Nerve_root_S1_sciatic_nerve_tibial_right_04 [Motor MRG Neuron 10.00um]  (Soleus_Motor_Nerves_10um),Motor MRG Neuron,10.00um,S1_sciatic,DV-PU - new,30,0.46484375,46.484375,node[0]
504,Nerve_root_S1_sciatic_nerve_tibial_right_03 [Motor MRG Neuron 10.00um]  (Soleus_Motor_Nerves_10um),Motor MRG Neuron,10.00um,S1_sciatic,DV-PU - new,30,0.46484375,46.484375,node[0]
498,Nerve_root_S1_sciatic_nerve_tibial_right_02 [Motor MRG Neuron 10.00um]  (Soleus_Motor_Nerves_10um),Motor MRG Neuron,10.00um,S1_sciatic,DV-PU - new,30,0.46484375,46.484375,node[0]
528,Nerve_root_S1_sciatic_nerve_tibial_right_07 [Motor MRG Neuron 10.00um]  (Soleus_Motor_Nerves_10um),Motor MRG Neuron,10.00um,S1_sciatic,DV-PU - new,30,0.46484375,46.484375,node[0]
564,Nerve_root_S2_muscular_branches_of_nerve_sciatic_right_01 [Motor MRG Neuron 10.00um]  (Soleus_Motor_Nerves_10um),Motor MRG Neuron,10.00um,S2_muscular,DV-PU - new,30,0.46484375,46.484375,node[0]
456,Nerve_root_S1_sciatic_muscular_branches_of_nerve_tibial_right_04 [Motor MRG Neuron 10.00um]  (Soleus_Motor_Nerves_10um),Motor MRG Neuron,10.00um,S1_sciatic,DV-PU - new,30,0.46484375,46.484375,node[0]
450,Nerve_root_S1_sciatic_muscular_branches_of_nerve_tibial_right_03 [Motor MRG Neuron 10.00um]  (Soleus_Motor_Nerves_10um),Motor MRG Neuron,10.00um,S1_sciatic,DV-PU - new,30,0.46484375,46.484375,node[0]
438,Nerve_root_S1_sciatic_muscular_branches_of_nerve_tibial_right_01 [Motor MRG Neuron 10.00um]  (Soleus_Motor_Nerves_10um),Motor MRG Neuron,10.00um,S1_sciatic,DV-PU - new,30,0.46484375,46.484375,node[0]
492,Nerve_root_S1_sciatic_nerve_tibial_right_01 [Motor MRG Neuron 10.00um]  (Soleus_Motor_Nerves_10um),Motor MRG Neuron,10.00um,S1_sciatic,DV-PU - new,30,0.46484375,46.484375,node[0]
444,Nerve_root_S1_sciatic_muscular_branches_of_nerve_tibial_right_02 [Motor MRG Neuron 10.00um]  (Soleus_Motor_Nerves_10um),Motor MRG Neuron,10.00um,S1_sciatic,DV-PU - new,30,0.46484375,46.484375,node[0]
222,Nerve_root_L5_muscular_branches_of_nerve_sciatic_right_03 [Motor MRG Neuron 10.00um]  (Soleus_Motor_Nerves_10um),Motor MRG Neuron,10.00um,L5_muscular,DV-PU - new,30,0.4765625,47.65625000000001,node[0]
228,Nerve_root_L5_muscular_branches_of_nerve_sciatic_right_04 [Motor MRG Neuron 10.00um]  (Soleus_Motor_Nerves_10um),Motor MRG Neuron,10.00um,L5_muscular,DV-PU - new,30,0.4765625,47.65625000000001,node[0]
210,Nerve_root_L5_muscular_branches_of_nerve_sciatic_right_01 [Motor MRG Neuron 10.00um]  (Soleus_Motor_Nerves_10um),Motor MRG Neuron,10.00um,L5_muscular,DV-PU - new,30,0.4765625,47.65625000000001,node[0]
216,Nerve_root_L5_muscular_branches_of_nerve_sciatic_right_02 [Motor MRG Neuron 10.00um]  (Soleus_Motor_Nerves_10um),Motor MRG Neuron,10.00um,L5_muscular,DV-PU - new,30,0.48046875,48.046875,node[0]
666,Nerve_root_S2_sciatic_nerve_tibial_left_05 [Motor MRG Neuron 10.00um]  (Soleus_Motor_Nerves_10um),Motor MRG Neuron,10.00um,S2_sciatic,DV-PU - new,30,0.48828125,48.828125,node[0]
270,Nerve_root_L5_sciatic_muscular_branches_of_nerve_tibial_right_02 [Motor MRG Neuron 10.00um]  (Soleus_Motor_Nerves_10um),Motor MRG Neuron,10.00um,L5_sciatic,DV-PU - new,30,0.48828125,48.828125,node[0]
264,Nerve_root_L5_sciatic_muscular_branches_of_nerve_tibial_right_01 [Motor MRG Neuron 10.00um]  (Soleus_Motor_Nerves_10um),Motor MRG Neuron,10.00um,L5_sciatic,DV-PU - new,30,0.48828125,48.828125,node[0]
282,Nerve_root_L5_sciatic_muscular_branches_of_nerve_tibial_right_04 [Motor MRG Neuron 10.00um]  (Soleus_Motor_Nerves_10um),Motor MRG Neuron,10.00um,L5_sciatic,DV-PU - new,30,0.48828125,48.828125,node[0]
642,Nerve_root_S2_sciatic_nerve_tibial_left_01 [Motor MRG Neuron 10.00um]  (Soleus_Motor_Nerves_10um),Motor MRG Neuron,10.00um,S2_sciatic,DV-PU - new,30,0.48828125,48.828125,node[0]
654,Nerve_root_S2_sciatic_nerve_tibial_left_03 [Motor MRG Neuron 10.00um]  (Soleus_Motor_Nerves_10um),Motor MRG Neuron,10.00um,S2_sciatic,DV-PU - new,30,0.48828125,48.828125,node[0]
276,Nerve_root_L5_sciatic_muscular_branches_of_nerve_tibial_right_03 [Motor MRG Neuron 10.00um]  (Soleus_Motor_Nerves_10um),Motor MRG Neuron,10.00um,L5_sciatic,DV-PU - new,30,0.48828125,48.828125,node[0]
660,Nerve_root_S2_sciatic_nerve_tibial_left_04 [Motor MRG Neuron 10.00um]  (Soleus_Motor_Nerves_10um),Motor MRG Neuron,10.00um,S2_sciatic,DV-PU - new,30,0.48828125,48.828125,node[0]
648,Nerve_root_S2_sciatic_nerve_tibial_left_02 [Motor MRG Neuron 10.00um]  (Soleus_Motor_Nerves_10um),Motor MRG Neuron,10.00um,S2_sciatic,DV-PU - new,30,0.48828125,48.828125,node[0]
336,Nerve_root_L5_sciatic_nerve_tibial_right_04 [Motor MRG Neuron 10.00um]  (Soleus_Motor_Nerves_10um),Motor MRG Neuron,10.00um,L5_sciatic,DV-PU - new,30,0.48828125,48.828125,node[0]
606,Nerve_root_S2_sciatic_muscular_branches_of_nerve_tibial_left_04 [Motor MRG Neuron 10.00um]  (Soleus_Motor_Nerves_10um),Motor MRG Neuron,10.00um,S2_sciatic,DV-PU - new,30,0.48828125,48.828125,node[0]
342,Nerve_root_L5_sciatic_nerve_tibial_right_05 [Motor MRG Neuron 10.00um]  (Soleus_Motor_Nerves_10um),Motor MRG Neuron,10.00um,L5_sciatic,DV-PU - new,30,0.48828125,48.828125,node[0]
330,Nerve_root_L5_sciatic_nerve_tibial_right_03 [Motor MRG Neuron 10.00um]  (Soleus_Motor_Nerves_10um),Motor MRG Neuron,10.00um,L5_sciatic,DV-PU - new,30,0.48828125,48.828125,node[0]
354,Nerve_root_L5_sciatic_nerve_tibial_right_07 [Motor MRG Neuron 10.00um]  (Soleus_Motor_Nerves_10um),Motor MRG Neuron,10.00um,L5_sciatic,DV-PU - new,30,0.48828125,48.828125,node[0]
594,Nerve_root_S2_sciatic_muscular_branches_of_nerve_tibial_left_02 [Motor MRG Neuron 10.00um]  (Soleus_Motor_Nerves_10um),Motor MRG Neuron,10.00um,S2_sciatic,DV-PU - new,30,0.48828125,48.828125,node[0]
324,Nerve_root_L5_sciatic_nerve_tibial_right_02 [Motor MRG Neuron 10.00um]  (Soleus_Motor_Nerves_10um),Motor MRG Neuron,10.00um,L5_sciatic,DV-PU - new,30,0.48828125,48.828125,node[0]
600,Nerve_root_S2_sciatic_muscular_branches_of_nerve_tibial_left_03 [Motor MRG Neuron 10.00um]  (Soleus_Motor_Nerves_10um),Motor MRG Neuron,10.00um,S2_sciatic,DV-PU - new,30,0.48828125,48.828125,node[0]
552,Nerve_root_S2_muscular_branches_of_nerve_sciatic_left_04 [Motor MRG Neuron 10.00um]  (Soleus_Motor_Nerves_10um),Motor MRG Neuron,10.00um,S2_muscular,DV-PU - new,30,0.48828125,48.828125,node[0]
318,Nerve_root_L5_sciatic_nerve_tibial_right_01 [Motor MRG Neuron 10.00um]  (Soleus_Motor_Nerves_10um),Motor MRG Neuron,10.00um,L5_sciatic,DV-PU - new,30,0.48828125,48.828125,node[0]
546,Nerve_root_S2_muscular_branches_of_nerve_sciatic_left_03 [Motor MRG Neuron 10.00um]  (Soleus_Motor_Nerves_10um),Motor MRG Neuron,10.00um,S2_muscular,DV-PU - new,30,0.48828125,48.828125,node[0]
612,Nerve_root_S2_sciatic_muscular_branches_of_nerve_tibial_left_05 [Motor MRG Neuron 10.00um]  (Soleus_Motor_Nerves_10um),Motor MRG Neuron,10.00um,S2_sciatic,DV-PU - new,30,0.48828125,48.828125,node[0]
540,Nerve_root_S2_muscular_branches_of_nerve_sciatic_left_02 [Motor MRG Neuron 10.00um]  (Soleus_Motor_Nerves_10um),Motor MRG Neuron,10.00um,S2_muscular,DV-PU - new,30,0.48828125,48.828125,node[0]
348,Nerve_root_L5_sciatic_nerve_tibial_right_06 [Motor MRG Neuron 10.00um]  (Soleus_Motor_Nerves_10um),Motor MRG Neuron,10.00um,L5_sciatic,DV-PU - new,30,0.48828125,48.828125,node[0]
384,Nerve_root_S1_muscular_branches_of_nerve_sciatic_right_01 [Motor MRG Neuron 10.00um]  (Soleus_Motor_Nerves_10um),Motor MRG Neuron,10.00um,S1_muscular,DV-PU - new,30,0.48828125,48.828125,node[0]
534,Nerve_root_S2_muscular_branches_of_nerve_sciatic_left_01 [Motor MRG Neuron 10.00um]  (Soleus_Motor_Nerves_10um),Motor MRG Neuron,10.00um,S2_muscular,DV-PU - new,30,0.48828125,48.828125,node[0]
558,Nerve_root_S2_muscular_branches_of_nerve_sciatic_left_05 [Motor MRG Neuron 10.00um]  (Soleus_Motor_Nerves_10um),Motor MRG Neuron,10.00um,S2_muscular,DV-PU - new,30,0.4921875,49.21875000000001,node[0]
588,Nerve_root_S2_sciatic_muscular_branches_of_nerve_tibial_left_01 [Motor MRG Neuron 10.00um]  (Soleus_Motor_Nerves_10um),Motor MRG Neuron,10.00um,S2_sciatic,DV-PU - new,30,0.4921875,49.21875000000001,node[0]
396,Nerve_root_S1_muscular_branches_of_nerve_sciatic_right_03 [Motor MRG Neuron 10.00um]  (Soleus_Motor_Nerves_10um),Motor MRG Neuron,10.00um,S1_muscular,DV-PU - new,30,0.4921875,49.21875000000001,node[0]
390,Nerve_root_S1_muscular_branches_of_nerve_sciatic_right_02 [Motor MRG Neuron 10.00um]  (Soleus_Motor_Nerves_10um),Motor MRG Neuron,10.00um,S1_muscular,DV-PU - new,30,0.4921875,49.21875000000001,node[0]
180,Nerve_root_L5_muscular_branches_of_nerve_sciatic_left_01 [Motor MRG Neuron 10.00um]  (Soleus_Motor_Nerves_10um),Motor MRG Neuron,10.00um,L5_muscular,DV-PU - new,30,0.5,50.0,node[0]
198,Nerve_root_L5_muscular_branches_of_nerve_sciatic_left_04 [Motor MRG Neuron 10.00um]  (Soleus_Motor_Nerves_10um),Motor MRG Neuron,10.00um,L5_muscular,DV-PU - new,30,0.5,50.0,node[0]
192,Nerve_root_L5_muscular_branches_of_nerve_sciatic_left_03 [Motor MRG Neuron 10.00um]  (Soleus_Motor_Nerves_10um),Motor MRG Neuron,10.00um,L5_muscular,DV-PU - new,30,0.5,50.0,node[0]
234,Nerve_root_L5_sciatic_muscular_branches_of_nerve_tibial_left_01 [Motor MRG Neuron 10.00um]  (Soleus_Motor_Nerves_10um),Motor MRG Neuron,10.00um,L5_sciatic,DV-PU - new,30,0.5,50.0,node[0]
204,Nerve_root_L5_muscular_branches_of_nerve_sciatic_left_05 [Motor MRG Neuron 10.00um]  (Soleus_Motor_Nerves_10um),Motor MRG Neuron,10.00um,L5_muscular,DV-PU - new,30,0.5,50.0,node[0]
186,Nerve_root_L5_muscular_branches_of_nerve_sciatic_left_02 [Motor MRG Neuron 10.00um]  (Soleus_Motor_Nerves_10um),Motor MRG Neuron,10.00um,L5_muscular,DV-PU - new,30,0.5,50.0,node[0]
312,Nerve_root_L5_sciatic_nerve_tibial_left_05 [Motor MRG Neuron 10.00um]  (Soleus_Motor_Nerves_10um),Motor MRG Neuron,10.00um,L5_sciatic,DV-PU - new,30,0.50390625,50.390625,node[0]
300,Nerve_root_L5_sciatic_nerve_tibial_left_03 [Motor MRG Neuron 10.00um]  (Soleus_Motor_Nerves_10um),Motor MRG Neuron,10.00um,L5_sciatic,DV-PU - new,30,0.50390625,50.390625,node[0]
240,Nerve_root_L5_sciatic_muscular_branches_of_nerve_tibial_left_02 [Motor MRG Neuron 10.00um]  (Soleus_Motor_Nerves_10um),Motor MRG Neuron,10.00um,L5_sciatic,DV-PU - new,30,0.50390625,50.390625,node[0]
252,Nerve_root_L5_sciatic_muscular_branches_of_nerve_tibial_left_04 [Motor MRG Neuron 10.00um]  (Soleus_Motor_Nerves_10um),Motor MRG Neuron,10.00um,L5_sciatic,DV-PU - new,30,0.50390625,50.390625,node[0]
246,Nerve_root_L5_sciatic_muscular_branches_of_nerve_tibial_left_03 [Motor MRG Neuron 10.00um]  (Soleus_Motor_Nerves_10um),Motor MRG Neuron,10.00um,L5_sciatic,DV-PU - new,30,0.50390625,50.390625,node[0]
258,Nerve_root_L5_sciatic_muscular_branches_of_nerve_tibial_left_05 [Motor MRG Neuron 10.00um]  (Soleus_Motor_Nerves_10um),Motor MRG Neuron,10.00um,L5_sciatic,DV-PU - new,30,0.50390625,50.390625,node[0]
288,Nerve_root_L5_sciatic_nerve_tibial_left_01 [Motor MRG Neuron 10.00um]  (Soleus_Motor_Nerves_10um),Motor MRG Neuron,10.00um,L5_sciatic,DV-PU - new,30,0.50390625,50.390625,node[0]
306,Nerve_root_L5_sciatic_nerve_tibial_left_04 [Motor MRG Neuron 10.00um]  (Soleus_Motor_Nerves_10um),Motor MRG Neuron,10.00um,L5_sciatic,DV-PU - new,30,0.50390625,50.390625,node[0]
294,Nerve_root_L5_sciatic_nerve_tibial_left_02 [Motor MRG Neuron 10.00um]  (Soleus_Motor_Nerves_10um),Motor MRG Neuron,10.00um,L5_sciatic,DV-PU - new,30,0.50390625,50.390625,node[0]
30,Nerve_root_L4_L5_muscular_branches_of_nerve_sciatic_right_01 [Motor MRG Neuron 10.00um]  (Soleus_Motor_Nerves_10um),Motor MRG Neuron,10.00um,L4_L5,DV-PU - new,30,0.54296875,54.296875,node[0]
138,Nerve_root_L4_L5_sciatic_nerve_tibial_right_01 [Motor MRG Neuron 10.00um]  (Soleus_Motor_Nerves_10um),Motor MRG Neuron,10.00um,L4_L5,DV-PU - new,30,0.55078125,55.07812500000001,node[0]
36,Nerve_root_L4_L5_muscular_branches_of_nerve_sciatic_right_02 [Motor MRG Neuron 10.00um]  (Soleus_Motor_Nerves_10um),Motor MRG Neuron,10.00um,L4_L5,DV-PU - new,30,0.55078125,55.07812500000001,node[0]
102,Nerve_root_L4_L5_sciatic_muscular_branches_of_nerve_tibial_right_04 [Motor MRG Neuron 10.00um]  (Soleus_Motor_Nerves_10um),Motor MRG Neuron,10.00um,L4_L5,DV-PU - new,30,0.55078125,55.07812500000001,node[0]
48,Nerve_root_L4_L5_muscular_branches_of_nerve_sciatic_right_04 [Motor MRG Neuron 10.00um]  (Soleus_Motor_Nerves_10um),Motor MRG Neuron,10.00um,L4_L5,DV-PU - new,30,0.55078125,55.07812500000001,node[0]
150,Nerve_root_L4_L5_sciatic_nerve_tibial_right_03 [Motor MRG Neuron 10.00um]  (Soleus_Motor_Nerves_10um),Motor MRG Neuron,10.00um,L4_L5,DV-PU - new,30,0.55078125,55.07812500000001,node[0]
174,Nerve_root_L4_L5_sciatic_nerve_tibial_right_07 [Motor MRG Neuron 10.00um]  (Soleus_Motor_Nerves_10um),Motor MRG Neuron,10.00um,L4_L5,DV-PU - new,30,0.55078125,55.07812500000001,node[0]
168,Nerve_root_L4_L5_sciatic_nerve_tibial_right_06 [Motor MRG Neuron 10.00um]  (Soleus_Motor_Nerves_10um),Motor MRG Neuron,10.00um,L4_L5,DV-PU - new,30,0.55078125,55.07812500000001,node[0]
90,Nerve_root_L4_L5_sciatic_muscular_branches_of_nerve_tibial_right_02 [Motor MRG Neuron 10.00um]  (Soleus_Motor_Nerves_10um),Motor MRG Neuron,10.00um,L4_L5,DV-PU - new,30,0.55078125,55.07812500000001,node[0]
156,Nerve_root_L4_L5_sciatic_nerve_tibial_right_04 [Motor MRG Neuron 10.00um]  (Soleus_Motor_Nerves_10um),Motor MRG Neuron,10.00um,L4_L5,DV-PU - new,30,0.55078125,55.07812500000001,node[0]
96,Nerve_root_L4_L5_sciatic_muscular_branches_of_nerve_tibial_right_03 [Motor MRG Neuron 10.00um]  (Soleus_Motor_Nerves_10um),Motor MRG Neuron,10.00um,L4_L5,DV-PU - new,30,0.55078125,55.07812500000001,node[0]
42,Nerve_root_L4_L5_muscular_branches_of_nerve_sciatic_right_03 [Motor MRG Neuron 10.00um]  (Soleus_Motor_Nerves_10um),Motor MRG Neuron,10.00um,L4_L5,DV-PU - new,30,0.55078125,55.07812500000001,node[0]
162,Nerve_root_L4_L5_sciatic_nerve_tibial_right_05 [Motor MRG Neuron 10.00um]  (Soleus_Motor_Nerves_10um),Motor MRG Neuron,10.00um,L4_L5,DV-PU - new,30,0.55078125,55.07812500000001,node[0]
144,Nerve_root_L4_L5_sciatic_nerve_tibial_right_02 [Motor MRG Neuron 10.00um]  (Soleus_Motor_Nerves_10um),Motor MRG Neuron,10.00um,L4_L5,DV-PU - new,30,0.55078125,55.07812500000001,node[0]
84,Nerve_root_L4_L5_sciatic_muscular_branches_of_nerve_tibial_right_01 [Motor MRG Neuron 10.00um]  (Soleus_Motor_Nerves_10um),Motor MRG Neuron,10.00um,L4_L5,DV-PU - new,30,0.55078125,55.07812500000001,node[0]
825,Ventral_root_L2_L3_L4_nerve_obturator_right_01 [Motor MRG Neuron 10.00um]  (Ventral_Root_Nerves_(T7-L2)_10um),Motor MRG Neuron,10.00um,L2_L3,DV-PU - new,30,0.69921875,69.92187500000001,node[0]
