,NeuronName,NeuronType,Fibre_Diameter,Location,Electrode_Config,Frequency,Titration_Factor,Activation_Threshold (mA),First_Spike_Loc
28,Nerve_root_L4_L5_muscular_branches_of_nerve_sciatic_left_05 [Sensory MRG Neuron 15.00um]  (Soleus_Sensory_Nerves_15um),Sensory MRG Neuron,15.00um,L4_L5,DV-I - Reversed,30,0.0146484375,1.46484375,node[119]
10,Nerve_root_L4_L5_muscular_branches_of_nerve_sciatic_left_02 [Sensory MRG Neuron 15.00um]  (Soleus_Sensory_Nerves_15um),Sensory MRG Neuron,15.00um,L4_L5,DV-I - Reversed,30,0.014892578125,1.4892578125000002,node[119]
4,Nerve_root_L4_L5_muscular_branches_of_nerve_sciatic_left_01 [Sensory MRG Neuron 15.00um]  (Soleus_Sensory_Nerves_15um),Sensory MRG Neuron,15.00um,L4_L5,DV-I - Reversed,30,0.014892578125,1.4892578125000002,node[119]
64,Nerve_root_L4_L5_sciatic_muscular_branches_of_nerve_tibial_left_02 [Sensory MRG Neuron 15.00um]  (Soleus_Sensory_Nerves_15um),Sensory MRG Neuron,15.00um,L4_L5,DV-I - Reversed,30,0.0150146484375,1.50146484375,node[119]
124,Nerve_root_L4_L5_sciatic_nerve_tibial_left_03 [Sensory MRG Neuron 15.00um]  (Soleus_Sensory_Nerves_15um),Sensory MRG Neuron,15.00um,L4_L5,DV-I - Reversed,30,0.0150146484375,1.50146484375,node[119]
130,Nerve_root_L4_L5_sciatic_nerve_tibial_left_04 [Sensory MRG Neuron 15.00um]  (Soleus_Sensory_Nerves_15um),Sensory MRG Neuron,15.00um,L4_L5,DV-I - Reversed,30,0.0150146484375,1.50146484375,node[119]
118,Nerve_root_L4_L5_sciatic_nerve_tibial_left_02 [Sensory MRG Neuron 15.00um]  (Soleus_Sensory_Nerves_15um),Sensory MRG Neuron,15.00um,L4_L5,DV-I - Reversed,30,0.0150146484375,1.50146484375,node[119]
136,Nerve_root_L4_L5_sciatic_nerve_tibial_left_05 [Sensory MRG Neuron 15.00um]  (Soleus_Sensory_Nerves_15um),Sensory MRG Neuron,15.00um,L4_L5,DV-I - Reversed,30,0.0150146484375,1.50146484375,node[119]
112,Nerve_root_L4_L5_sciatic_nerve_tibial_left_01 [Sensory MRG Neuron 15.00um]  (Soleus_Sensory_Nerves_15um),Sensory MRG Neuron,15.00um,L4_L5,DV-I - Reversed,30,0.0150146484375,1.50146484375,node[119]
22,Nerve_root_L4_L5_muscular_branches_of_nerve_sciatic_left_04 [Sensory MRG Neuron 15.00um]  (Soleus_Sensory_Nerves_15um),Sensory MRG Neuron,15.00um,L4_L5,DV-I - Reversed,30,0.01513671875,1.513671875,node[119]
82,Nerve_root_L4_L5_sciatic_muscular_branches_of_nerve_tibial_left_05 [Sensory MRG Neuron 15.00um]  (Soleus_Sensory_Nerves_15um),Sensory MRG Neuron,15.00um,L4_L5,DV-I - Reversed,30,0.0152587890625,1.52587890625,node[118]
76,Nerve_root_L4_L5_sciatic_muscular_branches_of_nerve_tibial_left_04 [Sensory MRG Neuron 15.00um]  (Soleus_Sensory_Nerves_15um),Sensory MRG Neuron,15.00um,L4_L5,DV-I - Reversed,30,0.0152587890625,1.52587890625,node[118]
70,Nerve_root_L4_L5_sciatic_muscular_branches_of_nerve_tibial_left_03 [Sensory MRG Neuron 15.00um]  (Soleus_Sensory_Nerves_15um),Sensory MRG Neuron,15.00um,L4_L5,DV-I - Reversed,30,0.0152587890625,1.52587890625,node[118]
58,Nerve_root_L4_L5_sciatic_muscular_branches_of_nerve_tibial_left_01 [Sensory MRG Neuron 15.00um]  (Soleus_Sensory_Nerves_15um),Sensory MRG Neuron,15.00um,L4_L5,DV-I - Reversed,30,0.0152587890625,1.52587890625,node[118]
16,Nerve_root_L4_L5_muscular_branches_of_nerve_sciatic_left_03 [Sensory MRG Neuron 15.00um]  (Soleus_Sensory_Nerves_15um),Sensory MRG Neuron,15.00um,L4_L5,DV-I - Reversed,30,0.015380859375,1.5380859375000002,node[119]
5,Nerve_root_L4_L5_muscular_branches_of_nerve_sciatic_left_01 [Sensory MRG Neuron 20.00um]  (Soleus_Sensory_Nerves_20um),Sensory MRG Neuron,20.00um,L4_L5,DV-I - Reversed,30,0.0155029296875,1.5502929687500002,node[100]
11,Nerve_root_L4_L5_muscular_branches_of_nerve_sciatic_left_02 [Sensory MRG Neuron 20.00um]  (Soleus_Sensory_Nerves_20um),Sensory MRG Neuron,20.00um,L4_L5,DV-I - Reversed,30,0.0155029296875,1.5502929687500002,node[100]
137,Nerve_root_L4_L5_sciatic_nerve_tibial_left_05 [Sensory MRG Neuron 20.00um]  (Soleus_Sensory_Nerves_20um),Sensory MRG Neuron,20.00um,L4_L5,DV-I - Reversed,30,0.015625,1.5625,node[100]
119,Nerve_root_L4_L5_sciatic_nerve_tibial_left_02 [Sensory MRG Neuron 20.00um]  (Soleus_Sensory_Nerves_20um),Sensory MRG Neuron,20.00um,L4_L5,DV-I - Reversed,30,0.015625,1.5625,node[100]
125,Nerve_root_L4_L5_sciatic_nerve_tibial_left_03 [Sensory MRG Neuron 20.00um]  (Soleus_Sensory_Nerves_20um),Sensory MRG Neuron,20.00um,L4_L5,DV-I - Reversed,30,0.015625,1.5625,node[100]
113,Nerve_root_L4_L5_sciatic_nerve_tibial_left_01 [Sensory MRG Neuron 20.00um]  (Soleus_Sensory_Nerves_20um),Sensory MRG Neuron,20.00um,L4_L5,DV-I - Reversed,30,0.015625,1.5625,node[100]
65,Nerve_root_L4_L5_sciatic_muscular_branches_of_nerve_tibial_left_02 [Sensory MRG Neuron 20.00um]  (Soleus_Sensory_Nerves_20um),Sensory MRG Neuron,20.00um,L4_L5,DV-I - Reversed,30,0.015625,1.5625,node[100]
131,Nerve_root_L4_L5_sciatic_nerve_tibial_left_04 [Sensory MRG Neuron 20.00um]  (Soleus_Sensory_Nerves_20um),Sensory MRG Neuron,20.00um,L4_L5,DV-I - Reversed,30,0.015625,1.5625,node[100]
17,Nerve_root_L4_L5_muscular_branches_of_nerve_sciatic_left_03 [Sensory MRG Neuron 20.00um]  (Soleus_Sensory_Nerves_20um),Sensory MRG Neuron,20.00um,L4_L5,DV-I - Reversed,30,0.0157470703125,1.57470703125,node[100]
77,Nerve_root_L4_L5_sciatic_muscular_branches_of_nerve_tibial_left_04 [Sensory MRG Neuron 20.00um]  (Soleus_Sensory_Nerves_20um),Sensory MRG Neuron,20.00um,L4_L5,DV-I - Reversed,30,0.015869140625,1.5869140625,node[99]
69,Nerve_root_L4_L5_sciatic_muscular_branches_of_nerve_tibial_left_03 [Sensory MRG Neuron 10.00um]  (Soleus_Sensory_Nerves_10um),Sensory MRG Neuron,10.00um,L4_L5,DV-I - Reversed,30,0.015869140625,1.5869140625,node[162]
71,Nerve_root_L4_L5_sciatic_muscular_branches_of_nerve_tibial_left_03 [Sensory MRG Neuron 20.00um]  (Soleus_Sensory_Nerves_20um),Sensory MRG Neuron,20.00um,L4_L5,DV-I - Reversed,30,0.015869140625,1.5869140625,node[99]
75,Nerve_root_L4_L5_sciatic_muscular_branches_of_nerve_tibial_left_04 [Sensory MRG Neuron 10.00um]  (Soleus_Sensory_Nerves_10um),Sensory MRG Neuron,10.00um,L4_L5,DV-I - Reversed,30,0.015869140625,1.5869140625,node[162]
81,Nerve_root_L4_L5_sciatic_muscular_branches_of_nerve_tibial_left_05 [Sensory MRG Neuron 10.00um]  (Soleus_Sensory_Nerves_10um),Sensory MRG Neuron,10.00um,L4_L5,DV-I - Reversed,30,0.015869140625,1.5869140625,node[162]
59,Nerve_root_L4_L5_sciatic_muscular_branches_of_nerve_tibial_left_01 [Sensory MRG Neuron 20.00um]  (Soleus_Sensory_Nerves_20um),Sensory MRG Neuron,20.00um,L4_L5,DV-I - Reversed,30,0.015869140625,1.5869140625,node[99]
83,Nerve_root_L4_L5_sciatic_muscular_branches_of_nerve_tibial_left_05 [Sensory MRG Neuron 20.00um]  (Soleus_Sensory_Nerves_20um),Sensory MRG Neuron,20.00um,L4_L5,DV-I - Reversed,30,0.015869140625,1.5869140625,node[99]
27,Nerve_root_L4_L5_muscular_branches_of_nerve_sciatic_left_05 [Sensory MRG Neuron 10.00um]  (Soleus_Sensory_Nerves_10um),Sensory MRG Neuron,10.00um,L4_L5,DV-I - Reversed,30,0.015869140625,1.5869140625,node[162]
57,Nerve_root_L4_L5_sciatic_muscular_branches_of_nerve_tibial_left_01 [Sensory MRG Neuron 10.00um]  (Soleus_Sensory_Nerves_10um),Sensory MRG Neuron,10.00um,L4_L5,DV-I - Reversed,30,0.015869140625,1.5869140625,node[162]
9,Nerve_root_L4_L5_muscular_branches_of_nerve_sciatic_left_02 [Sensory MRG Neuron 10.00um]  (Soleus_Sensory_Nerves_10um),Sensory MRG Neuron,10.00um,L4_L5,DV-I - Reversed,30,0.0159912109375,1.5991210937500002,node[162]
29,Nerve_root_L4_L5_muscular_branches_of_nerve_sciatic_left_05 [Sensory MRG Neuron 20.00um]  (Soleus_Sensory_Nerves_20um),Sensory MRG Neuron,20.00um,L4_L5,DV-I - Reversed,30,0.0159912109375,1.5991210937500002,node[100]
3,Nerve_root_L4_L5_muscular_branches_of_nerve_sciatic_left_01 [Sensory MRG Neuron 10.00um]  (Soleus_Sensory_Nerves_10um),Sensory MRG Neuron,10.00um,L4_L5,DV-I - Reversed,30,0.0159912109375,1.5991210937500002,node[162]
15,Nerve_root_L4_L5_muscular_branches_of_nerve_sciatic_left_03 [Sensory MRG Neuron 10.00um]  (Soleus_Sensory_Nerves_10um),Sensory MRG Neuron,10.00um,L4_L5,DV-I - Reversed,30,0.01611328125,1.6113281250000002,node[162]
135,Nerve_root_L4_L5_sciatic_nerve_tibial_left_05 [Sensory MRG Neuron 10.00um]  (Soleus_Sensory_Nerves_10um),Sensory MRG Neuron,10.00um,L4_L5,DV-I - Reversed,30,0.0162353515625,1.62353515625,node[162]
117,Nerve_root_L4_L5_sciatic_nerve_tibial_left_02 [Sensory MRG Neuron 10.00um]  (Soleus_Sensory_Nerves_10um),Sensory MRG Neuron,10.00um,L4_L5,DV-I - Reversed,30,0.0162353515625,1.62353515625,node[162]
21,Nerve_root_L4_L5_muscular_branches_of_nerve_sciatic_left_04 [Sensory MRG Neuron 10.00um]  (Soleus_Sensory_Nerves_10um),Sensory MRG Neuron,10.00um,L4_L5,DV-I - Reversed,30,0.0162353515625,1.62353515625,node[162]
123,Nerve_root_L4_L5_sciatic_nerve_tibial_left_03 [Sensory MRG Neuron 10.00um]  (Soleus_Sensory_Nerves_10um),Sensory MRG Neuron,10.00um,L4_L5,DV-I - Reversed,30,0.0162353515625,1.62353515625,node[162]
129,Nerve_root_L4_L5_sciatic_nerve_tibial_left_04 [Sensory MRG Neuron 10.00um]  (Soleus_Sensory_Nerves_10um),Sensory MRG Neuron,10.00um,L4_L5,DV-I - Reversed,30,0.0162353515625,1.62353515625,node[162]
63,Nerve_root_L4_L5_sciatic_muscular_branches_of_nerve_tibial_left_02 [Sensory MRG Neuron 10.00um]  (Soleus_Sensory_Nerves_10um),Sensory MRG Neuron,10.00um,L4_L5,DV-I - Reversed,30,0.0162353515625,1.62353515625,node[162]
111,Nerve_root_L4_L5_sciatic_nerve_tibial_left_01 [Sensory MRG Neuron 10.00um]  (Soleus_Sensory_Nerves_10um),Sensory MRG Neuron,10.00um,L4_L5,DV-I - Reversed,30,0.0162353515625,1.62353515625,node[162]
23,Nerve_root_L4_L5_muscular_branches_of_nerve_sciatic_left_04 [Sensory MRG Neuron 20.00um]  (Soleus_Sensory_Nerves_20um),Sensory MRG Neuron,20.00um,L4_L5,DV-I - Reversed,30,0.0162353515625,1.62353515625,node[100]
25,Nerve_root_L4_L5_muscular_branches_of_nerve_sciatic_left_05 [Motor MRG Neuron 15.00um]  (Soleus_Motor_Nerves_15um),Motor MRG Neuron,15.00um,L4_L5,DV-I - Reversed,30,0.026611328125,2.6611328125,node[119]
115,Nerve_root_L4_L5_sciatic_nerve_tibial_left_02 [Motor MRG Neuron 15.00um]  (Soleus_Motor_Nerves_15um),Motor MRG Neuron,15.00um,L4_L5,DV-I - Reversed,30,0.027099609375,2.7099609375000004,node[120]
133,Nerve_root_L4_L5_sciatic_nerve_tibial_left_05 [Motor MRG Neuron 15.00um]  (Soleus_Motor_Nerves_15um),Motor MRG Neuron,15.00um,L4_L5,DV-I - Reversed,30,0.027099609375,2.7099609375000004,node[120]
7,Nerve_root_L4_L5_muscular_branches_of_nerve_sciatic_left_02 [Motor MRG Neuron 15.00um]  (Soleus_Motor_Nerves_15um),Motor MRG Neuron,15.00um,L4_L5,DV-I - Reversed,30,0.027099609375,2.7099609375000004,node[119]
121,Nerve_root_L4_L5_sciatic_nerve_tibial_left_03 [Motor MRG Neuron 15.00um]  (Soleus_Motor_Nerves_15um),Motor MRG Neuron,15.00um,L4_L5,DV-I - Reversed,30,0.027099609375,2.7099609375000004,node[120]
127,Nerve_root_L4_L5_sciatic_nerve_tibial_left_04 [Motor MRG Neuron 15.00um]  (Soleus_Motor_Nerves_15um),Motor MRG Neuron,15.00um,L4_L5,DV-I - Reversed,30,0.027099609375,2.7099609375000004,node[120]
109,Nerve_root_L4_L5_sciatic_nerve_tibial_left_01 [Motor MRG Neuron 15.00um]  (Soleus_Motor_Nerves_15um),Motor MRG Neuron,15.00um,L4_L5,DV-I - Reversed,30,0.027099609375,2.7099609375000004,node[120]
1,Nerve_root_L4_L5_muscular_branches_of_nerve_sciatic_left_01 [Motor MRG Neuron 15.00um]  (Soleus_Motor_Nerves_15um),Motor MRG Neuron,15.00um,L4_L5,DV-I - Reversed,30,0.027099609375,2.7099609375000004,node[119]
61,Nerve_root_L4_L5_sciatic_muscular_branches_of_nerve_tibial_left_02 [Motor MRG Neuron 15.00um]  (Soleus_Motor_Nerves_15um),Motor MRG Neuron,15.00um,L4_L5,DV-I - Reversed,30,0.027099609375,2.7099609375000004,node[120]
8,Nerve_root_L4_L5_muscular_branches_of_nerve_sciatic_left_02 [Motor MRG Neuron 20.00um]  (Soleus_Motor_Nerves_20um),Motor MRG Neuron,20.00um,L4_L5,DV-I - Reversed,30,0.02734375,2.7343750000000004,node[100]
2,Nerve_root_L4_L5_muscular_branches_of_nerve_sciatic_left_01 [Motor MRG Neuron 20.00um]  (Soleus_Motor_Nerves_20um),Motor MRG Neuron,20.00um,L4_L5,DV-I - Reversed,30,0.02734375,2.7343750000000004,node[100]
19,Nerve_root_L4_L5_muscular_branches_of_nerve_sciatic_left_04 [Motor MRG Neuron 15.00um]  (Soleus_Motor_Nerves_15um),Motor MRG Neuron,15.00um,L4_L5,DV-I - Reversed,30,0.02734375,2.7343750000000004,node[119]
62,Nerve_root_L4_L5_sciatic_muscular_branches_of_nerve_tibial_left_02 [Motor MRG Neuron 20.00um]  (Soleus_Motor_Nerves_20um),Motor MRG Neuron,20.00um,L4_L5,DV-I - Reversed,30,0.027587890625,2.7587890625,node[101]
110,Nerve_root_L4_L5_sciatic_nerve_tibial_left_01 [Motor MRG Neuron 20.00um]  (Soleus_Motor_Nerves_20um),Motor MRG Neuron,20.00um,L4_L5,DV-I - Reversed,30,0.027587890625,2.7587890625,node[101]
116,Nerve_root_L4_L5_sciatic_nerve_tibial_left_02 [Motor MRG Neuron 20.00um]  (Soleus_Motor_Nerves_20um),Motor MRG Neuron,20.00um,L4_L5,DV-I - Reversed,30,0.027587890625,2.7587890625,node[101]
55,Nerve_root_L4_L5_sciatic_muscular_branches_of_nerve_tibial_left_01 [Motor MRG Neuron 15.00um]  (Soleus_Motor_Nerves_15um),Motor MRG Neuron,15.00um,L4_L5,DV-I - Reversed,30,0.027587890625,2.7587890625,node[120]
73,Nerve_root_L4_L5_sciatic_muscular_branches_of_nerve_tibial_left_04 [Motor MRG Neuron 15.00um]  (Soleus_Motor_Nerves_15um),Motor MRG Neuron,15.00um,L4_L5,DV-I - Reversed,30,0.027587890625,2.7587890625,node[120]
13,Nerve_root_L4_L5_muscular_branches_of_nerve_sciatic_left_03 [Motor MRG Neuron 15.00um]  (Soleus_Motor_Nerves_15um),Motor MRG Neuron,15.00um,L4_L5,DV-I - Reversed,30,0.027587890625,2.7587890625,node[120]
134,Nerve_root_L4_L5_sciatic_nerve_tibial_left_05 [Motor MRG Neuron 20.00um]  (Soleus_Motor_Nerves_20um),Motor MRG Neuron,20.00um,L4_L5,DV-I - Reversed,30,0.027587890625,2.7587890625,node[101]
128,Nerve_root_L4_L5_sciatic_nerve_tibial_left_04 [Motor MRG Neuron 20.00um]  (Soleus_Motor_Nerves_20um),Motor MRG Neuron,20.00um,L4_L5,DV-I - Reversed,30,0.027587890625,2.7587890625,node[101]
79,Nerve_root_L4_L5_sciatic_muscular_branches_of_nerve_tibial_left_05 [Motor MRG Neuron 15.00um]  (Soleus_Motor_Nerves_15um),Motor MRG Neuron,15.00um,L4_L5,DV-I - Reversed,30,0.027587890625,2.7587890625,node[120]
122,Nerve_root_L4_L5_sciatic_nerve_tibial_left_03 [Motor MRG Neuron 20.00um]  (Soleus_Motor_Nerves_20um),Motor MRG Neuron,20.00um,L4_L5,DV-I - Reversed,30,0.027587890625,2.7587890625,node[101]
67,Nerve_root_L4_L5_sciatic_muscular_branches_of_nerve_tibial_left_03 [Motor MRG Neuron 15.00um]  (Soleus_Motor_Nerves_15um),Motor MRG Neuron,15.00um,L4_L5,DV-I - Reversed,30,0.027587890625,2.7587890625,node[120]
26,Nerve_root_L4_L5_muscular_branches_of_nerve_sciatic_left_05 [Motor MRG Neuron 20.00um]  (Soleus_Motor_Nerves_20um),Motor MRG Neuron,20.00um,L4_L5,DV-I - Reversed,30,0.02783203125,2.783203125,node[100]
80,Nerve_root_L4_L5_sciatic_muscular_branches_of_nerve_tibial_left_05 [Motor MRG Neuron 20.00um]  (Soleus_Motor_Nerves_20um),Motor MRG Neuron,20.00um,L4_L5,DV-I - Reversed,30,0.028076171875,2.8076171875,node[100]
56,Nerve_root_L4_L5_sciatic_muscular_branches_of_nerve_tibial_left_01 [Motor MRG Neuron 20.00um]  (Soleus_Motor_Nerves_20um),Motor MRG Neuron,20.00um,L4_L5,DV-I - Reversed,30,0.028076171875,2.8076171875,node[100]
74,Nerve_root_L4_L5_sciatic_muscular_branches_of_nerve_tibial_left_04 [Motor MRG Neuron 20.00um]  (Soleus_Motor_Nerves_20um),Motor MRG Neuron,20.00um,L4_L5,DV-I - Reversed,30,0.028076171875,2.8076171875,node[100]
68,Nerve_root_L4_L5_sciatic_muscular_branches_of_nerve_tibial_left_03 [Motor MRG Neuron 20.00um]  (Soleus_Motor_Nerves_20um),Motor MRG Neuron,20.00um,L4_L5,DV-I - Reversed,30,0.028076171875,2.8076171875,node[100]
14,Nerve_root_L4_L5_muscular_branches_of_nerve_sciatic_left_03 [Motor MRG Neuron 20.00um]  (Soleus_Motor_Nerves_20um),Motor MRG Neuron,20.00um,L4_L5,DV-I - Reversed,30,0.028076171875,2.8076171875,node[101]
20,Nerve_root_L4_L5_muscular_branches_of_nerve_sciatic_left_04 [Motor MRG Neuron 20.00um]  (Soleus_Motor_Nerves_20um),Motor MRG Neuron,20.00um,L4_L5,DV-I - Reversed,30,0.028564453125,2.8564453125000004,node[100]
66,Nerve_root_L4_L5_sciatic_muscular_branches_of_nerve_tibial_left_03 [Motor MRG Neuron 10.00um]  (Soleus_Motor_Nerves_10um),Motor MRG Neuron,10.00um,L4_L5,DV-I - Reversed,30,0.031494140625,3.1494140625,node[163]
72,Nerve_root_L4_L5_sciatic_muscular_branches_of_nerve_tibial_left_04 [Motor MRG Neuron 10.00um]  (Soleus_Motor_Nerves_10um),Motor MRG Neuron,10.00um,L4_L5,DV-I - Reversed,30,0.031494140625,3.1494140625,node[163]
54,Nerve_root_L4_L5_sciatic_muscular_branches_of_nerve_tibial_left_01 [Motor MRG Neuron 10.00um]  (Soleus_Motor_Nerves_10um),Motor MRG Neuron,10.00um,L4_L5,DV-I - Reversed,30,0.031494140625,3.1494140625,node[163]
78,Nerve_root_L4_L5_sciatic_muscular_branches_of_nerve_tibial_left_05 [Motor MRG Neuron 10.00um]  (Soleus_Motor_Nerves_10um),Motor MRG Neuron,10.00um,L4_L5,DV-I - Reversed,30,0.031494140625,3.1494140625,node[163]
24,Nerve_root_L4_L5_muscular_branches_of_nerve_sciatic_left_05 [Motor MRG Neuron 10.00um]  (Soleus_Motor_Nerves_10um),Motor MRG Neuron,10.00um,L4_L5,DV-I - Reversed,30,0.031494140625,3.1494140625,node[163]
6,Nerve_root_L4_L5_muscular_branches_of_nerve_sciatic_left_02 [Motor MRG Neuron 10.00um]  (Soleus_Motor_Nerves_10um),Motor MRG Neuron,10.00um,L4_L5,DV-I - Reversed,30,0.03173828125,3.173828125,node[163]
12,Nerve_root_L4_L5_muscular_branches_of_nerve_sciatic_left_03 [Motor MRG Neuron 10.00um]  (Soleus_Motor_Nerves_10um),Motor MRG Neuron,10.00um,L4_L5,DV-I - Reversed,30,0.03173828125,3.173828125,node[162]
0,Nerve_root_L4_L5_muscular_branches_of_nerve_sciatic_left_01 [Motor MRG Neuron 10.00um]  (Soleus_Motor_Nerves_10um),Motor MRG Neuron,10.00um,L4_L5,DV-I - Reversed,30,0.03173828125,3.173828125,node[163]
132,Nerve_root_L4_L5_sciatic_nerve_tibial_left_05 [Motor MRG Neuron 10.00um]  (Soleus_Motor_Nerves_10um),Motor MRG Neuron,10.00um,L4_L5,DV-I - Reversed,30,0.031982421875,3.1982421875000004,node[163]
108,Nerve_root_L4_L5_sciatic_nerve_tibial_left_01 [Motor MRG Neuron 10.00um]  (Soleus_Motor_Nerves_10um),Motor MRG Neuron,10.00um,L4_L5,DV-I - Reversed,30,0.031982421875,3.1982421875000004,node[163]
126,Nerve_root_L4_L5_sciatic_nerve_tibial_left_04 [Motor MRG Neuron 10.00um]  (Soleus_Motor_Nerves_10um),Motor MRG Neuron,10.00um,L4_L5,DV-I - Reversed,30,0.031982421875,3.1982421875000004,node[163]
120,Nerve_root_L4_L5_sciatic_nerve_tibial_left_03 [Motor MRG Neuron 10.00um]  (Soleus_Motor_Nerves_10um),Motor MRG Neuron,10.00um,L4_L5,DV-I - Reversed,30,0.031982421875,3.1982421875000004,node[163]
60,Nerve_root_L4_L5_sciatic_muscular_branches_of_nerve_tibial_left_02 [Motor MRG Neuron 10.00um]  (Soleus_Motor_Nerves_10um),Motor MRG Neuron,10.00um,L4_L5,DV-I - Reversed,30,0.031982421875,3.1982421875000004,node[163]
114,Nerve_root_L4_L5_sciatic_nerve_tibial_left_02 [Motor MRG Neuron 10.00um]  (Soleus_Motor_Nerves_10um),Motor MRG Neuron,10.00um,L4_L5,DV-I - Reversed,30,0.031982421875,3.1982421875000004,node[163]
18,Nerve_root_L4_L5_muscular_branches_of_nerve_sciatic_left_04 [Motor MRG Neuron 10.00um]  (Soleus_Motor_Nerves_10um),Motor MRG Neuron,10.00um,L4_L5,DV-I - Reversed,30,0.031982421875,3.1982421875000004,node[163]
47,Nerve_root_L4_L5_muscular_branches_of_nerve_sciatic_right_03 [Sensory MRG Neuron 20.00um]  (Soleus_Sensory_Nerves_20um),Sensory MRG Neuron,20.00um,L4_L5,DV-I - Reversed,30,0.25,25.0,node[94]
41,Nerve_root_L4_L5_muscular_branches_of_nerve_sciatic_right_02 [Sensory MRG Neuron 20.00um]  (Soleus_Sensory_Nerves_20um),Sensory MRG Neuron,20.00um,L4_L5,DV-I - Reversed,30,0.25,25.0,node[94]
161,Nerve_root_L4_L5_sciatic_nerve_tibial_right_04 [Sensory MRG Neuron 20.00um]  (Soleus_Sensory_Nerves_20um),Sensory MRG Neuron,20.00um,L4_L5,DV-I - Reversed,30,0.251953125,25.1953125,node[94]
101,Nerve_root_L4_L5_sciatic_muscular_branches_of_nerve_tibial_right_03 [Sensory MRG Neuron 20.00um]  (Soleus_Sensory_Nerves_20um),Sensory MRG Neuron,20.00um,L4_L5,DV-I - Reversed,30,0.251953125,25.1953125,node[94]
179,Nerve_root_L4_L5_sciatic_nerve_tibial_right_07 [Sensory MRG Neuron 20.00um]  (Soleus_Sensory_Nerves_20um),Sensory MRG Neuron,20.00um,L4_L5,DV-I - Reversed,30,0.251953125,25.1953125,node[94]
95,Nerve_root_L4_L5_sciatic_muscular_branches_of_nerve_tibial_right_02 [Sensory MRG Neuron 20.00um]  (Soleus_Sensory_Nerves_20um),Sensory MRG Neuron,20.00um,L4_L5,DV-I - Reversed,30,0.251953125,25.1953125,node[94]
167,Nerve_root_L4_L5_sciatic_nerve_tibial_right_05 [Sensory MRG Neuron 20.00um]  (Soleus_Sensory_Nerves_20um),Sensory MRG Neuron,20.00um,L4_L5,DV-I - Reversed,30,0.251953125,25.1953125,node[94]
143,Nerve_root_L4_L5_sciatic_nerve_tibial_right_01 [Sensory MRG Neuron 20.00um]  (Soleus_Sensory_Nerves_20um),Sensory MRG Neuron,20.00um,L4_L5,DV-I - Reversed,30,0.251953125,25.1953125,node[94]
173,Nerve_root_L4_L5_sciatic_nerve_tibial_right_06 [Sensory MRG Neuron 20.00um]  (Soleus_Sensory_Nerves_20um),Sensory MRG Neuron,20.00um,L4_L5,DV-I - Reversed,30,0.251953125,25.1953125,node[94]
89,Nerve_root_L4_L5_sciatic_muscular_branches_of_nerve_tibial_right_01 [Sensory MRG Neuron 20.00um]  (Soleus_Sensory_Nerves_20um),Sensory MRG Neuron,20.00um,L4_L5,DV-I - Reversed,30,0.251953125,25.1953125,node[94]
149,Nerve_root_L4_L5_sciatic_nerve_tibial_right_02 [Sensory MRG Neuron 20.00um]  (Soleus_Sensory_Nerves_20um),Sensory MRG Neuron,20.00um,L4_L5,DV-I - Reversed,30,0.251953125,25.1953125,node[94]
155,Nerve_root_L4_L5_sciatic_nerve_tibial_right_03 [Sensory MRG Neuron 20.00um]  (Soleus_Sensory_Nerves_20um),Sensory MRG Neuron,20.00um,L4_L5,DV-I - Reversed,30,0.251953125,25.1953125,node[94]
107,Nerve_root_L4_L5_sciatic_muscular_branches_of_nerve_tibial_right_04 [Sensory MRG Neuron 20.00um]  (Soleus_Sensory_Nerves_20um),Sensory MRG Neuron,20.00um,L4_L5,DV-I - Reversed,30,0.251953125,25.1953125,node[94]
53,Nerve_root_L4_L5_muscular_branches_of_nerve_sciatic_right_04 [Sensory MRG Neuron 20.00um]  (Soleus_Sensory_Nerves_20um),Sensory MRG Neuron,20.00um,L4_L5,DV-I - Reversed,30,0.25390625,25.390625,node[94]
35,Nerve_root_L4_L5_muscular_branches_of_nerve_sciatic_right_01 [Sensory MRG Neuron 20.00um]  (Soleus_Sensory_Nerves_20um),Sensory MRG Neuron,20.00um,L4_L5,DV-I - Reversed,30,0.25390625,25.390625,node[94]
545,Nerve_root_S2_muscular_branches_of_nerve_sciatic_left_02 [Sensory MRG Neuron 20.00um]  (Soleus_Sensory_Nerves_20um),Sensory MRG Neuron,20.00um,S2_muscular,DV-I - Reversed,30,0.318359375,31.8359375,node[117]
539,Nerve_root_S2_muscular_branches_of_nerve_sciatic_left_01 [Sensory MRG Neuron 20.00um]  (Soleus_Sensory_Nerves_20um),Sensory MRG Neuron,20.00um,S2_muscular,DV-I - Reversed,30,0.318359375,31.8359375,node[117]
563,Nerve_root_S2_muscular_branches_of_nerve_sciatic_left_05 [Sensory MRG Neuron 20.00um]  (Soleus_Sensory_Nerves_20um),Sensory MRG Neuron,20.00um,S2_muscular,DV-I - Reversed,30,0.3203125,32.03125000000001,node[117]
551,Nerve_root_S2_muscular_branches_of_nerve_sciatic_left_03 [Sensory MRG Neuron 20.00um]  (Soleus_Sensory_Nerves_20um),Sensory MRG Neuron,20.00um,S2_muscular,DV-I - Reversed,30,0.322265625,32.2265625,node[117]
599,Nerve_root_S2_sciatic_muscular_branches_of_nerve_tibial_left_02 [Sensory MRG Neuron 20.00um]  (Soleus_Sensory_Nerves_20um),Sensory MRG Neuron,20.00um,S2_sciatic,DV-I - Reversed,30,0.322265625,32.2265625,node[117]
605,Nerve_root_S2_sciatic_muscular_branches_of_nerve_tibial_left_03 [Sensory MRG Neuron 20.00um]  (Soleus_Sensory_Nerves_20um),Sensory MRG Neuron,20.00um,S2_sciatic,DV-I - Reversed,30,0.322265625,32.2265625,node[117]
611,Nerve_root_S2_sciatic_muscular_branches_of_nerve_tibial_left_04 [Sensory MRG Neuron 20.00um]  (Soleus_Sensory_Nerves_20um),Sensory MRG Neuron,20.00um,S2_sciatic,DV-I - Reversed,30,0.322265625,32.2265625,node[117]
617,Nerve_root_S2_sciatic_muscular_branches_of_nerve_tibial_left_05 [Sensory MRG Neuron 20.00um]  (Soleus_Sensory_Nerves_20um),Sensory MRG Neuron,20.00um,S2_sciatic,DV-I - Reversed,30,0.322265625,32.2265625,node[117]
659,Nerve_root_S2_sciatic_nerve_tibial_left_03 [Sensory MRG Neuron 20.00um]  (Soleus_Sensory_Nerves_20um),Sensory MRG Neuron,20.00um,S2_sciatic,DV-I - Reversed,30,0.322265625,32.2265625,node[117]
653,Nerve_root_S2_sciatic_nerve_tibial_left_02 [Sensory MRG Neuron 20.00um]  (Soleus_Sensory_Nerves_20um),Sensory MRG Neuron,20.00um,S2_sciatic,DV-I - Reversed,30,0.322265625,32.2265625,node[117]
647,Nerve_root_S2_sciatic_nerve_tibial_left_01 [Sensory MRG Neuron 20.00um]  (Soleus_Sensory_Nerves_20um),Sensory MRG Neuron,20.00um,S2_sciatic,DV-I - Reversed,30,0.322265625,32.2265625,node[117]
671,Nerve_root_S2_sciatic_nerve_tibial_left_05 [Sensory MRG Neuron 20.00um]  (Soleus_Sensory_Nerves_20um),Sensory MRG Neuron,20.00um,S2_sciatic,DV-I - Reversed,30,0.322265625,32.2265625,node[117]
665,Nerve_root_S2_sciatic_nerve_tibial_left_04 [Sensory MRG Neuron 20.00um]  (Soleus_Sensory_Nerves_20um),Sensory MRG Neuron,20.00um,S2_sciatic,DV-I - Reversed,30,0.322265625,32.2265625,node[117]
593,Nerve_root_S2_sciatic_muscular_branches_of_nerve_tibial_left_01 [Sensory MRG Neuron 20.00um]  (Soleus_Sensory_Nerves_20um),Sensory MRG Neuron,20.00um,S2_sciatic,DV-I - Reversed,30,0.32421875,32.421875,node[116]
557,Nerve_root_S2_muscular_branches_of_nerve_sciatic_left_04 [Sensory MRG Neuron 20.00um]  (Soleus_Sensory_Nerves_20um),Sensory MRG Neuron,20.00um,S2_muscular,DV-I - Reversed,30,0.326171875,32.6171875,node[117]
203,Nerve_root_L5_muscular_branches_of_nerve_sciatic_left_04 [Sensory MRG Neuron 20.00um]  (Soleus_Sensory_Nerves_20um),Sensory MRG Neuron,20.00um,L5_muscular,DV-I - Reversed,30,0.3359375,33.59375,node[119]
197,Nerve_root_L5_muscular_branches_of_nerve_sciatic_left_03 [Sensory MRG Neuron 20.00um]  (Soleus_Sensory_Nerves_20um),Sensory MRG Neuron,20.00um,L5_muscular,DV-I - Reversed,30,0.3359375,33.59375,node[119]
305,Nerve_root_L5_sciatic_nerve_tibial_left_03 [Sensory MRG Neuron 20.00um]  (Soleus_Sensory_Nerves_20um),Sensory MRG Neuron,20.00um,L5_sciatic,DV-I - Reversed,30,0.337890625,33.7890625,node[119]
311,Nerve_root_L5_sciatic_nerve_tibial_left_04 [Sensory MRG Neuron 20.00um]  (Soleus_Sensory_Nerves_20um),Sensory MRG Neuron,20.00um,L5_sciatic,DV-I - Reversed,30,0.337890625,33.7890625,node[119]
317,Nerve_root_L5_sciatic_nerve_tibial_left_05 [Sensory MRG Neuron 20.00um]  (Soleus_Sensory_Nerves_20um),Sensory MRG Neuron,20.00um,L5_sciatic,DV-I - Reversed,30,0.337890625,33.7890625,node[119]
257,Nerve_root_L5_sciatic_muscular_branches_of_nerve_tibial_left_04 [Sensory MRG Neuron 20.00um]  (Soleus_Sensory_Nerves_20um),Sensory MRG Neuron,20.00um,L5_sciatic,DV-I - Reversed,30,0.337890625,33.7890625,node[119]
263,Nerve_root_L5_sciatic_muscular_branches_of_nerve_tibial_left_05 [Sensory MRG Neuron 20.00um]  (Soleus_Sensory_Nerves_20um),Sensory MRG Neuron,20.00um,L5_sciatic,DV-I - Reversed,30,0.337890625,33.7890625,node[119]
185,Nerve_root_L5_muscular_branches_of_nerve_sciatic_left_01 [Sensory MRG Neuron 20.00um]  (Soleus_Sensory_Nerves_20um),Sensory MRG Neuron,20.00um,L5_muscular,DV-I - Reversed,30,0.337890625,33.7890625,node[119]
251,Nerve_root_L5_sciatic_muscular_branches_of_nerve_tibial_left_03 [Sensory MRG Neuron 20.00um]  (Soleus_Sensory_Nerves_20um),Sensory MRG Neuron,20.00um,L5_sciatic,DV-I - Reversed,30,0.337890625,33.7890625,node[119]
245,Nerve_root_L5_sciatic_muscular_branches_of_nerve_tibial_left_02 [Sensory MRG Neuron 20.00um]  (Soleus_Sensory_Nerves_20um),Sensory MRG Neuron,20.00um,L5_sciatic,DV-I - Reversed,30,0.337890625,33.7890625,node[119]
293,Nerve_root_L5_sciatic_nerve_tibial_left_01 [Sensory MRG Neuron 20.00um]  (Soleus_Sensory_Nerves_20um),Sensory MRG Neuron,20.00um,L5_sciatic,DV-I - Reversed,30,0.337890625,33.7890625,node[119]
299,Nerve_root_L5_sciatic_nerve_tibial_left_02 [Sensory MRG Neuron 20.00um]  (Soleus_Sensory_Nerves_20um),Sensory MRG Neuron,20.00um,L5_sciatic,DV-I - Reversed,30,0.337890625,33.7890625,node[119]
191,Nerve_root_L5_muscular_branches_of_nerve_sciatic_left_02 [Sensory MRG Neuron 20.00um]  (Soleus_Sensory_Nerves_20um),Sensory MRG Neuron,20.00um,L5_muscular,DV-I - Reversed,30,0.337890625,33.7890625,node[119]
52,Nerve_root_L4_L5_muscular_branches_of_nerve_sciatic_right_04 [Sensory MRG Neuron 15.00um]  (Soleus_Sensory_Nerves_15um),Sensory MRG Neuron,15.00um,L4_L5,DV-I - Reversed,30,0.337890625,33.7890625,node[112]
160,Nerve_root_L4_L5_sciatic_nerve_tibial_right_04 [Sensory MRG Neuron 15.00um]  (Soleus_Sensory_Nerves_15um),Sensory MRG Neuron,15.00um,L4_L5,DV-I - Reversed,30,0.33984375,33.98437500000001,node[113]
178,Nerve_root_L4_L5_sciatic_nerve_tibial_right_07 [Sensory MRG Neuron 15.00um]  (Soleus_Sensory_Nerves_15um),Sensory MRG Neuron,15.00um,L4_L5,DV-I - Reversed,30,0.33984375,33.98437500000001,node[113]
239,Nerve_root_L5_sciatic_muscular_branches_of_nerve_tibial_left_01 [Sensory MRG Neuron 20.00um]  (Soleus_Sensory_Nerves_20um),Sensory MRG Neuron,20.00um,L5_sciatic,DV-I - Reversed,30,0.33984375,33.98437500000001,node[119]
34,Nerve_root_L4_L5_muscular_branches_of_nerve_sciatic_right_01 [Sensory MRG Neuron 15.00um]  (Soleus_Sensory_Nerves_15um),Sensory MRG Neuron,15.00um,L4_L5,DV-I - Reversed,30,0.33984375,33.98437500000001,node[112]
172,Nerve_root_L4_L5_sciatic_nerve_tibial_right_06 [Sensory MRG Neuron 15.00um]  (Soleus_Sensory_Nerves_15um),Sensory MRG Neuron,15.00um,L4_L5,DV-I - Reversed,30,0.33984375,33.98437500000001,node[113]
40,Nerve_root_L4_L5_muscular_branches_of_nerve_sciatic_right_02 [Sensory MRG Neuron 15.00um]  (Soleus_Sensory_Nerves_15um),Sensory MRG Neuron,15.00um,L4_L5,DV-I - Reversed,30,0.33984375,33.98437500000001,node[112]
166,Nerve_root_L4_L5_sciatic_nerve_tibial_right_05 [Sensory MRG Neuron 15.00um]  (Soleus_Sensory_Nerves_15um),Sensory MRG Neuron,15.00um,L4_L5,DV-I - Reversed,30,0.33984375,33.98437500000001,node[113]
46,Nerve_root_L4_L5_muscular_branches_of_nerve_sciatic_right_03 [Sensory MRG Neuron 15.00um]  (Soleus_Sensory_Nerves_15um),Sensory MRG Neuron,15.00um,L4_L5,DV-I - Reversed,30,0.33984375,33.98437500000001,node[112]
106,Nerve_root_L4_L5_sciatic_muscular_branches_of_nerve_tibial_right_04 [Sensory MRG Neuron 15.00um]  (Soleus_Sensory_Nerves_15um),Sensory MRG Neuron,15.00um,L4_L5,DV-I - Reversed,30,0.33984375,33.98437500000001,node[113]
154,Nerve_root_L4_L5_sciatic_nerve_tibial_right_03 [Sensory MRG Neuron 15.00um]  (Soleus_Sensory_Nerves_15um),Sensory MRG Neuron,15.00um,L4_L5,DV-I - Reversed,30,0.33984375,33.98437500000001,node[113]
148,Nerve_root_L4_L5_sciatic_nerve_tibial_right_02 [Sensory MRG Neuron 15.00um]  (Soleus_Sensory_Nerves_15um),Sensory MRG Neuron,15.00um,L4_L5,DV-I - Reversed,30,0.33984375,33.98437500000001,node[113]
94,Nerve_root_L4_L5_sciatic_muscular_branches_of_nerve_tibial_right_02 [Sensory MRG Neuron 15.00um]  (Soleus_Sensory_Nerves_15um),Sensory MRG Neuron,15.00um,L4_L5,DV-I - Reversed,30,0.33984375,33.98437500000001,node[113]
88,Nerve_root_L4_L5_sciatic_muscular_branches_of_nerve_tibial_right_01 [Sensory MRG Neuron 15.00um]  (Soleus_Sensory_Nerves_15um),Sensory MRG Neuron,15.00um,L4_L5,DV-I - Reversed,30,0.33984375,33.98437500000001,node[113]
100,Nerve_root_L4_L5_sciatic_muscular_branches_of_nerve_tibial_right_03 [Sensory MRG Neuron 15.00um]  (Soleus_Sensory_Nerves_15um),Sensory MRG Neuron,15.00um,L4_L5,DV-I - Reversed,30,0.33984375,33.98437500000001,node[113]
142,Nerve_root_L4_L5_sciatic_nerve_tibial_right_01 [Sensory MRG Neuron 15.00um]  (Soleus_Sensory_Nerves_15um),Sensory MRG Neuron,15.00um,L4_L5,DV-I - Reversed,30,0.33984375,33.98437500000001,node[113]
209,Nerve_root_L5_muscular_branches_of_nerve_sciatic_left_05 [Sensory MRG Neuron 20.00um]  (Soleus_Sensory_Nerves_20um),Sensory MRG Neuron,20.00um,L5_muscular,DV-I - Reversed,30,0.341796875,34.1796875,node[120]
221,Nerve_root_L5_muscular_branches_of_nerve_sciatic_right_02 [Sensory MRG Neuron 20.00um]  (Soleus_Sensory_Nerves_20um),Sensory MRG Neuron,20.00um,L5_muscular,DV-I - Reversed,30,0.3515625,35.15625,node[118]
227,Nerve_root_L5_muscular_branches_of_nerve_sciatic_right_03 [Sensory MRG Neuron 20.00um]  (Soleus_Sensory_Nerves_20um),Sensory MRG Neuron,20.00um,L5_muscular,DV-I - Reversed,30,0.353515625,35.3515625,node[118]
233,Nerve_root_L5_muscular_branches_of_nerve_sciatic_right_04 [Sensory MRG Neuron 20.00um]  (Soleus_Sensory_Nerves_20um),Sensory MRG Neuron,20.00um,L5_muscular,DV-I - Reversed,30,0.35546875,35.546875,node[118]
329,Nerve_root_L5_sciatic_nerve_tibial_right_02 [Sensory MRG Neuron 20.00um]  (Soleus_Sensory_Nerves_20um),Sensory MRG Neuron,20.00um,L5_sciatic,DV-I - Reversed,30,0.357421875,35.7421875,node[118]
287,Nerve_root_L5_sciatic_muscular_branches_of_nerve_tibial_right_04 [Sensory MRG Neuron 20.00um]  (Soleus_Sensory_Nerves_20um),Sensory MRG Neuron,20.00um,L5_sciatic,DV-I - Reversed,30,0.357421875,35.7421875,node[118]
269,Nerve_root_L5_sciatic_muscular_branches_of_nerve_tibial_right_01 [Sensory MRG Neuron 20.00um]  (Soleus_Sensory_Nerves_20um),Sensory MRG Neuron,20.00um,L5_sciatic,DV-I - Reversed,30,0.357421875,35.7421875,node[118]
323,Nerve_root_L5_sciatic_nerve_tibial_right_01 [Sensory MRG Neuron 20.00um]  (Soleus_Sensory_Nerves_20um),Sensory MRG Neuron,20.00um,L5_sciatic,DV-I - Reversed,30,0.357421875,35.7421875,node[118]
281,Nerve_root_L5_sciatic_muscular_branches_of_nerve_tibial_right_03 [Sensory MRG Neuron 20.00um]  (Soleus_Sensory_Nerves_20um),Sensory MRG Neuron,20.00um,L5_sciatic,DV-I - Reversed,30,0.357421875,35.7421875,node[118]
335,Nerve_root_L5_sciatic_nerve_tibial_right_03 [Sensory MRG Neuron 20.00um]  (Soleus_Sensory_Nerves_20um),Sensory MRG Neuron,20.00um,L5_sciatic,DV-I - Reversed,30,0.357421875,35.7421875,node[118]
341,Nerve_root_L5_sciatic_nerve_tibial_right_04 [Sensory MRG Neuron 20.00um]  (Soleus_Sensory_Nerves_20um),Sensory MRG Neuron,20.00um,L5_sciatic,DV-I - Reversed,30,0.357421875,35.7421875,node[118]
347,Nerve_root_L5_sciatic_nerve_tibial_right_05 [Sensory MRG Neuron 20.00um]  (Soleus_Sensory_Nerves_20um),Sensory MRG Neuron,20.00um,L5_sciatic,DV-I - Reversed,30,0.357421875,35.7421875,node[118]
353,Nerve_root_L5_sciatic_nerve_tibial_right_06 [Sensory MRG Neuron 20.00um]  (Soleus_Sensory_Nerves_20um),Sensory MRG Neuron,20.00um,L5_sciatic,DV-I - Reversed,30,0.357421875,35.7421875,node[118]
359,Nerve_root_L5_sciatic_nerve_tibial_right_07 [Sensory MRG Neuron 20.00um]  (Soleus_Sensory_Nerves_20um),Sensory MRG Neuron,20.00um,L5_sciatic,DV-I - Reversed,30,0.357421875,35.7421875,node[118]
275,Nerve_root_L5_sciatic_muscular_branches_of_nerve_tibial_right_02 [Sensory MRG Neuron 20.00um]  (Soleus_Sensory_Nerves_20um),Sensory MRG Neuron,20.00um,L5_sciatic,DV-I - Reversed,30,0.357421875,35.7421875,node[118]
215,Nerve_root_L5_muscular_branches_of_nerve_sciatic_right_01 [Sensory MRG Neuron 20.00um]  (Soleus_Sensory_Nerves_20um),Sensory MRG Neuron,20.00um,L5_muscular,DV-I - Reversed,30,0.359375,35.93750000000001,node[117]
587,Nerve_root_S2_muscular_branches_of_nerve_sciatic_right_04 [Sensory MRG Neuron 20.00um]  (Soleus_Sensory_Nerves_20um),Sensory MRG Neuron,20.00um,S2_muscular,DV-I - Reversed,30,0.41015625,41.015625,node[116]
581,Nerve_root_S2_muscular_branches_of_nerve_sciatic_right_03 [Sensory MRG Neuron 20.00um]  (Soleus_Sensory_Nerves_20um),Sensory MRG Neuron,20.00um,S2_muscular,DV-I - Reversed,30,0.4140625,41.40625000000001,node[116]
569,Nerve_root_S2_muscular_branches_of_nerve_sciatic_right_01 [Sensory MRG Neuron 20.00um]  (Soleus_Sensory_Nerves_20um),Sensory MRG Neuron,20.00um,S2_muscular,DV-I - Reversed,30,0.4140625,41.40625000000001,node[116]
575,Nerve_root_S2_muscular_branches_of_nerve_sciatic_right_02 [Sensory MRG Neuron 20.00um]  (Soleus_Sensory_Nerves_20um),Sensory MRG Neuron,20.00um,S2_muscular,DV-I - Reversed,30,0.4140625,41.40625000000001,node[117]
635,Nerve_root_S2_sciatic_muscular_branches_of_nerve_tibial_right_03 [Sensory MRG Neuron 20.00um]  (Soleus_Sensory_Nerves_20um),Sensory MRG Neuron,20.00um,S2_sciatic,DV-I - Reversed,30,0.4140625,41.40625000000001,node[117]
604,Nerve_root_S2_sciatic_muscular_branches_of_nerve_tibial_left_03 [Sensory MRG Neuron 15.00um]  (Soleus_Sensory_Nerves_15um),Sensory MRG Neuron,15.00um,S2_sciatic,DV-I - Reversed,30,0.41796875,41.79687500000001,node[139]
707,Nerve_root_S2_sciatic_nerve_tibial_right_06 [Sensory MRG Neuron 20.00um]  (Soleus_Sensory_Nerves_20um),Sensory MRG Neuron,20.00um,S2_sciatic,DV-I - Reversed,30,0.41796875,41.79687500000001,node[117]
701,Nerve_root_S2_sciatic_nerve_tibial_right_05 [Sensory MRG Neuron 20.00um]  (Soleus_Sensory_Nerves_20um),Sensory MRG Neuron,20.00um,S2_sciatic,DV-I - Reversed,30,0.41796875,41.79687500000001,node[117]
616,Nerve_root_S2_sciatic_muscular_branches_of_nerve_tibial_left_05 [Sensory MRG Neuron 15.00um]  (Soleus_Sensory_Nerves_15um),Sensory MRG Neuron,15.00um,S2_sciatic,DV-I - Reversed,30,0.41796875,41.79687500000001,node[139]
641,Nerve_root_S2_sciatic_muscular_branches_of_nerve_tibial_right_04 [Sensory MRG Neuron 20.00um]  (Soleus_Sensory_Nerves_20um),Sensory MRG Neuron,20.00um,S2_sciatic,DV-I - Reversed,30,0.41796875,41.79687500000001,node[117]
646,Nerve_root_S2_sciatic_nerve_tibial_left_01 [Sensory MRG Neuron 15.00um]  (Soleus_Sensory_Nerves_15um),Sensory MRG Neuron,15.00um,S2_sciatic,DV-I - Reversed,30,0.41796875,41.79687500000001,node[139]
556,Nerve_root_S2_muscular_branches_of_nerve_sciatic_left_04 [Sensory MRG Neuron 15.00um]  (Soleus_Sensory_Nerves_15um),Sensory MRG Neuron,15.00um,S2_muscular,DV-I - Reversed,30,0.41796875,41.79687500000001,node[140]
695,Nerve_root_S2_sciatic_nerve_tibial_right_04 [Sensory MRG Neuron 20.00um]  (Soleus_Sensory_Nerves_20um),Sensory MRG Neuron,20.00um,S2_sciatic,DV-I - Reversed,30,0.41796875,41.79687500000001,node[117]
652,Nerve_root_S2_sciatic_nerve_tibial_left_02 [Sensory MRG Neuron 15.00um]  (Soleus_Sensory_Nerves_15um),Sensory MRG Neuron,15.00um,S2_sciatic,DV-I - Reversed,30,0.41796875,41.79687500000001,node[139]
610,Nerve_root_S2_sciatic_muscular_branches_of_nerve_tibial_left_04 [Sensory MRG Neuron 15.00um]  (Soleus_Sensory_Nerves_15um),Sensory MRG Neuron,15.00um,S2_sciatic,DV-I - Reversed,30,0.41796875,41.79687500000001,node[139]
689,Nerve_root_S2_sciatic_nerve_tibial_right_03 [Sensory MRG Neuron 20.00um]  (Soleus_Sensory_Nerves_20um),Sensory MRG Neuron,20.00um,S2_sciatic,DV-I - Reversed,30,0.41796875,41.79687500000001,node[117]
658,Nerve_root_S2_sciatic_nerve_tibial_left_03 [Sensory MRG Neuron 15.00um]  (Soleus_Sensory_Nerves_15um),Sensory MRG Neuron,15.00um,S2_sciatic,DV-I - Reversed,30,0.41796875,41.79687500000001,node[139]
683,Nerve_root_S2_sciatic_nerve_tibial_right_02 [Sensory MRG Neuron 20.00um]  (Soleus_Sensory_Nerves_20um),Sensory MRG Neuron,20.00um,S2_sciatic,DV-I - Reversed,30,0.41796875,41.79687500000001,node[117]
677,Nerve_root_S2_sciatic_nerve_tibial_right_01 [Sensory MRG Neuron 20.00um]  (Soleus_Sensory_Nerves_20um),Sensory MRG Neuron,20.00um,S2_sciatic,DV-I - Reversed,30,0.41796875,41.79687500000001,node[117]
598,Nerve_root_S2_sciatic_muscular_branches_of_nerve_tibial_left_02 [Sensory MRG Neuron 15.00um]  (Soleus_Sensory_Nerves_15um),Sensory MRG Neuron,15.00um,S2_sciatic,DV-I - Reversed,30,0.41796875,41.79687500000001,node[139]
670,Nerve_root_S2_sciatic_nerve_tibial_left_05 [Sensory MRG Neuron 15.00um]  (Soleus_Sensory_Nerves_15um),Sensory MRG Neuron,15.00um,S2_sciatic,DV-I - Reversed,30,0.41796875,41.79687500000001,node[139]
664,Nerve_root_S2_sciatic_nerve_tibial_left_04 [Sensory MRG Neuron 15.00um]  (Soleus_Sensory_Nerves_15um),Sensory MRG Neuron,15.00um,S2_sciatic,DV-I - Reversed,30,0.41796875,41.79687500000001,node[139]
623,Nerve_root_S2_sciatic_muscular_branches_of_nerve_tibial_right_01 [Sensory MRG Neuron 20.00um]  (Soleus_Sensory_Nerves_20um),Sensory MRG Neuron,20.00um,S2_sciatic,DV-I - Reversed,30,0.41796875,41.79687500000001,node[117]
629,Nerve_root_S2_sciatic_muscular_branches_of_nerve_tibial_right_02 [Sensory MRG Neuron 20.00um]  (Soleus_Sensory_Nerves_20um),Sensory MRG Neuron,20.00um,S2_sciatic,DV-I - Reversed,30,0.41796875,41.79687500000001,node[117]
713,Nerve_root_S2_sciatic_nerve_tibial_right_07 [Sensory MRG Neuron 20.00um]  (Soleus_Sensory_Nerves_20um),Sensory MRG Neuron,20.00um,S2_sciatic,DV-I - Reversed,30,0.41796875,41.79687500000001,node[117]
550,Nerve_root_S2_muscular_branches_of_nerve_sciatic_left_03 [Sensory MRG Neuron 15.00um]  (Soleus_Sensory_Nerves_15um),Sensory MRG Neuron,15.00um,S2_muscular,DV-I - Reversed,30,0.421875,42.1875,node[139]
538,Nerve_root_S2_muscular_branches_of_nerve_sciatic_left_01 [Sensory MRG Neuron 15.00um]  (Soleus_Sensory_Nerves_15um),Sensory MRG Neuron,15.00um,S2_muscular,DV-I - Reversed,30,0.421875,42.1875,node[139]
544,Nerve_root_S2_muscular_branches_of_nerve_sciatic_left_02 [Sensory MRG Neuron 15.00um]  (Soleus_Sensory_Nerves_15um),Sensory MRG Neuron,15.00um,S2_muscular,DV-I - Reversed,30,0.421875,42.1875,node[139]
592,Nerve_root_S2_sciatic_muscular_branches_of_nerve_tibial_left_01 [Sensory MRG Neuron 15.00um]  (Soleus_Sensory_Nerves_15um),Sensory MRG Neuron,15.00um,S2_sciatic,DV-I - Reversed,30,0.421875,42.1875,node[138]
562,Nerve_root_S2_muscular_branches_of_nerve_sciatic_left_05 [Sensory MRG Neuron 15.00um]  (Soleus_Sensory_Nerves_15um),Sensory MRG Neuron,15.00um,S2_muscular,DV-I - Reversed,30,0.42578125,42.578125,node[138]
395,Nerve_root_S1_muscular_branches_of_nerve_sciatic_right_02 [Sensory MRG Neuron 20.00um]  (Soleus_Sensory_Nerves_20um),Sensory MRG Neuron,20.00um,S1_muscular,DV-I - Reversed,30,0.46484375,46.484375,node[166]
389,Nerve_root_S1_muscular_branches_of_nerve_sciatic_right_01 [Sensory MRG Neuron 20.00um]  (Soleus_Sensory_Nerves_20um),Sensory MRG Neuron,20.00um,S1_muscular,DV-I - Reversed,30,0.46484375,46.484375,node[167]
401,Nerve_root_S1_muscular_branches_of_nerve_sciatic_right_03 [Sensory MRG Neuron 20.00um]  (Soleus_Sensory_Nerves_20um),Sensory MRG Neuron,20.00um,S1_muscular,DV-I - Reversed,30,0.46875,46.875,node[166]
527,Nerve_root_S1_sciatic_nerve_tibial_right_06 [Sensory MRG Neuron 20.00um]  (Soleus_Sensory_Nerves_20um),Sensory MRG Neuron,20.00um,S1_sciatic,DV-I - Reversed,30,0.47265625,47.26562500000001,node[167]
521,Nerve_root_S1_sciatic_nerve_tibial_right_05 [Sensory MRG Neuron 20.00um]  (Soleus_Sensory_Nerves_20um),Sensory MRG Neuron,20.00um,S1_sciatic,DV-I - Reversed,30,0.47265625,47.26562500000001,node[167]
515,Nerve_root_S1_sciatic_nerve_tibial_right_04 [Sensory MRG Neuron 20.00um]  (Soleus_Sensory_Nerves_20um),Sensory MRG Neuron,20.00um,S1_sciatic,DV-I - Reversed,30,0.47265625,47.26562500000001,node[167]
509,Nerve_root_S1_sciatic_nerve_tibial_right_03 [Sensory MRG Neuron 20.00um]  (Soleus_Sensory_Nerves_20um),Sensory MRG Neuron,20.00um,S1_sciatic,DV-I - Reversed,30,0.47265625,47.26562500000001,node[167]
503,Nerve_root_S1_sciatic_nerve_tibial_right_02 [Sensory MRG Neuron 20.00um]  (Soleus_Sensory_Nerves_20um),Sensory MRG Neuron,20.00um,S1_sciatic,DV-I - Reversed,30,0.47265625,47.26562500000001,node[167]
533,Nerve_root_S1_sciatic_nerve_tibial_right_07 [Sensory MRG Neuron 20.00um]  (Soleus_Sensory_Nerves_20um),Sensory MRG Neuron,20.00um,S1_sciatic,DV-I - Reversed,30,0.47265625,47.26562500000001,node[167]
497,Nerve_root_S1_sciatic_nerve_tibial_right_01 [Sensory MRG Neuron 20.00um]  (Soleus_Sensory_Nerves_20um),Sensory MRG Neuron,20.00um,S1_sciatic,DV-I - Reversed,30,0.47265625,47.26562500000001,node[167]
461,Nerve_root_S1_sciatic_muscular_branches_of_nerve_tibial_right_04 [Sensory MRG Neuron 20.00um]  (Soleus_Sensory_Nerves_20um),Sensory MRG Neuron,20.00um,S1_sciatic,DV-I - Reversed,30,0.47265625,47.26562500000001,node[167]
455,Nerve_root_S1_sciatic_muscular_branches_of_nerve_tibial_right_03 [Sensory MRG Neuron 20.00um]  (Soleus_Sensory_Nerves_20um),Sensory MRG Neuron,20.00um,S1_sciatic,DV-I - Reversed,30,0.47265625,47.26562500000001,node[168]
449,Nerve_root_S1_sciatic_muscular_branches_of_nerve_tibial_right_02 [Sensory MRG Neuron 20.00um]  (Soleus_Sensory_Nerves_20um),Sensory MRG Neuron,20.00um,S1_sciatic,DV-I - Reversed,30,0.47265625,47.26562500000001,node[167]
443,Nerve_root_S1_sciatic_muscular_branches_of_nerve_tibial_right_01 [Sensory MRG Neuron 20.00um]  (Soleus_Sensory_Nerves_20um),Sensory MRG Neuron,20.00um,S1_sciatic,DV-I - Reversed,30,0.47265625,47.26562500000001,node[167]
232,Nerve_root_L5_muscular_branches_of_nerve_sciatic_right_04 [Sensory MRG Neuron 15.00um]  (Soleus_Sensory_Nerves_15um),Sensory MRG Neuron,15.00um,L5_muscular,DV-I - Reversed,30,0.4765625,47.65625000000001,node[116]
407,Nerve_root_S1_muscular_branches_of_nerve_sciatic_right_04 [Sensory MRG Neuron 20.00um]  (Soleus_Sensory_Nerves_20um),Sensory MRG Neuron,20.00um,S1_muscular,DV-I - Reversed,30,0.4765625,47.65625000000001,node[168]
226,Nerve_root_L5_muscular_branches_of_nerve_sciatic_right_03 [Sensory MRG Neuron 15.00um]  (Soleus_Sensory_Nerves_15um),Sensory MRG Neuron,15.00um,L5_muscular,DV-I - Reversed,30,0.4765625,47.65625000000001,node[116]
280,Nerve_root_L5_sciatic_muscular_branches_of_nerve_tibial_right_03 [Sensory MRG Neuron 15.00um]  (Soleus_Sensory_Nerves_15um),Sensory MRG Neuron,15.00um,L5_sciatic,DV-I - Reversed,30,0.48046875,48.046875,node[116]
220,Nerve_root_L5_muscular_branches_of_nerve_sciatic_right_02 [Sensory MRG Neuron 15.00um]  (Soleus_Sensory_Nerves_15um),Sensory MRG Neuron,15.00um,L5_muscular,DV-I - Reversed,30,0.48046875,48.046875,node[116]
322,Nerve_root_L5_sciatic_nerve_tibial_right_01 [Sensory MRG Neuron 15.00um]  (Soleus_Sensory_Nerves_15um),Sensory MRG Neuron,15.00um,L5_sciatic,DV-I - Reversed,30,0.48046875,48.046875,node[116]
328,Nerve_root_L5_sciatic_nerve_tibial_right_02 [Sensory MRG Neuron 15.00um]  (Soleus_Sensory_Nerves_15um),Sensory MRG Neuron,15.00um,L5_sciatic,DV-I - Reversed,30,0.48046875,48.046875,node[116]
214,Nerve_root_L5_muscular_branches_of_nerve_sciatic_right_01 [Sensory MRG Neuron 15.00um]  (Soleus_Sensory_Nerves_15um),Sensory MRG Neuron,15.00um,L5_muscular,DV-I - Reversed,30,0.48046875,48.046875,node[116]
334,Nerve_root_L5_sciatic_nerve_tibial_right_03 [Sensory MRG Neuron 15.00um]  (Soleus_Sensory_Nerves_15um),Sensory MRG Neuron,15.00um,L5_sciatic,DV-I - Reversed,30,0.48046875,48.046875,node[116]
340,Nerve_root_L5_sciatic_nerve_tibial_right_04 [Sensory MRG Neuron 15.00um]  (Soleus_Sensory_Nerves_15um),Sensory MRG Neuron,15.00um,L5_sciatic,DV-I - Reversed,30,0.48046875,48.046875,node[116]
286,Nerve_root_L5_sciatic_muscular_branches_of_nerve_tibial_right_04 [Sensory MRG Neuron 15.00um]  (Soleus_Sensory_Nerves_15um),Sensory MRG Neuron,15.00um,L5_sciatic,DV-I - Reversed,30,0.48046875,48.046875,node[116]
346,Nerve_root_L5_sciatic_nerve_tibial_right_05 [Sensory MRG Neuron 15.00um]  (Soleus_Sensory_Nerves_15um),Sensory MRG Neuron,15.00um,L5_sciatic,DV-I - Reversed,30,0.48046875,48.046875,node[116]
352,Nerve_root_L5_sciatic_nerve_tibial_right_06 [Sensory MRG Neuron 15.00um]  (Soleus_Sensory_Nerves_15um),Sensory MRG Neuron,15.00um,L5_sciatic,DV-I - Reversed,30,0.48046875,48.046875,node[116]
358,Nerve_root_L5_sciatic_nerve_tibial_right_07 [Sensory MRG Neuron 15.00um]  (Soleus_Sensory_Nerves_15um),Sensory MRG Neuron,15.00um,L5_sciatic,DV-I - Reversed,30,0.48046875,48.046875,node[116]
274,Nerve_root_L5_sciatic_muscular_branches_of_nerve_tibial_right_02 [Sensory MRG Neuron 15.00um]  (Soleus_Sensory_Nerves_15um),Sensory MRG Neuron,15.00um,L5_sciatic,DV-I - Reversed,30,0.48046875,48.046875,node[116]
268,Nerve_root_L5_sciatic_muscular_branches_of_nerve_tibial_right_01 [Sensory MRG Neuron 15.00um]  (Soleus_Sensory_Nerves_15um),Sensory MRG Neuron,15.00um,L5_sciatic,DV-I - Reversed,30,0.48046875,48.046875,node[116]
202,Nerve_root_L5_muscular_branches_of_nerve_sciatic_left_04 [Sensory MRG Neuron 15.00um]  (Soleus_Sensory_Nerves_15um),Sensory MRG Neuron,15.00um,L5_muscular,DV-I - Reversed,30,0.4921875,49.21875000000001,node[144]
196,Nerve_root_L5_muscular_branches_of_nerve_sciatic_left_03 [Sensory MRG Neuron 15.00um]  (Soleus_Sensory_Nerves_15um),Sensory MRG Neuron,15.00um,L5_muscular,DV-I - Reversed,30,0.4921875,49.21875000000001,node[143]
190,Nerve_root_L5_muscular_branches_of_nerve_sciatic_left_02 [Sensory MRG Neuron 15.00um]  (Soleus_Sensory_Nerves_15um),Sensory MRG Neuron,15.00um,L5_muscular,DV-I - Reversed,30,0.49609375,49.60937500000001,node[143]
184,Nerve_root_L5_muscular_branches_of_nerve_sciatic_left_01 [Sensory MRG Neuron 15.00um]  (Soleus_Sensory_Nerves_15um),Sensory MRG Neuron,15.00um,L5_muscular,DV-I - Reversed,30,0.49609375,49.60937500000001,node[143]
208,Nerve_root_L5_muscular_branches_of_nerve_sciatic_left_05 [Sensory MRG Neuron 15.00um]  (Soleus_Sensory_Nerves_15um),Sensory MRG Neuron,15.00um,L5_muscular,DV-I - Reversed,30,0.49609375,49.60937500000001,node[142]
238,Nerve_root_L5_sciatic_muscular_branches_of_nerve_tibial_left_01 [Sensory MRG Neuron 15.00um]  (Soleus_Sensory_Nerves_15um),Sensory MRG Neuron,15.00um,L5_sciatic,DV-I - Reversed,30,0.49609375,49.60937500000001,node[144]
298,Nerve_root_L5_sciatic_nerve_tibial_left_02 [Sensory MRG Neuron 15.00um]  (Soleus_Sensory_Nerves_15um),Sensory MRG Neuron,15.00um,L5_sciatic,DV-I - Reversed,30,0.5,50.0,node[143]
310,Nerve_root_L5_sciatic_nerve_tibial_left_04 [Sensory MRG Neuron 15.00um]  (Soleus_Sensory_Nerves_15um),Sensory MRG Neuron,15.00um,L5_sciatic,DV-I - Reversed,30,0.5,50.0,node[143]
316,Nerve_root_L5_sciatic_nerve_tibial_left_05 [Sensory MRG Neuron 15.00um]  (Soleus_Sensory_Nerves_15um),Sensory MRG Neuron,15.00um,L5_sciatic,DV-I - Reversed,30,0.5,50.0,node[143]
244,Nerve_root_L5_sciatic_muscular_branches_of_nerve_tibial_left_02 [Sensory MRG Neuron 15.00um]  (Soleus_Sensory_Nerves_15um),Sensory MRG Neuron,15.00um,L5_sciatic,DV-I - Reversed,30,0.5,50.0,node[143]
262,Nerve_root_L5_sciatic_muscular_branches_of_nerve_tibial_left_05 [Sensory MRG Neuron 15.00um]  (Soleus_Sensory_Nerves_15um),Sensory MRG Neuron,15.00um,L5_sciatic,DV-I - Reversed,30,0.5,50.0,node[143]
256,Nerve_root_L5_sciatic_muscular_branches_of_nerve_tibial_left_04 [Sensory MRG Neuron 15.00um]  (Soleus_Sensory_Nerves_15um),Sensory MRG Neuron,15.00um,L5_sciatic,DV-I - Reversed,30,0.5,50.0,node[143]
250,Nerve_root_L5_sciatic_muscular_branches_of_nerve_tibial_left_03 [Sensory MRG Neuron 15.00um]  (Soleus_Sensory_Nerves_15um),Sensory MRG Neuron,15.00um,L5_sciatic,DV-I - Reversed,30,0.5,50.0,node[143]
292,Nerve_root_L5_sciatic_nerve_tibial_left_01 [Sensory MRG Neuron 15.00um]  (Soleus_Sensory_Nerves_15um),Sensory MRG Neuron,15.00um,L5_sciatic,DV-I - Reversed,30,0.5,50.0,node[143]
304,Nerve_root_L5_sciatic_nerve_tibial_left_03 [Sensory MRG Neuron 15.00um]  (Soleus_Sensory_Nerves_15um),Sensory MRG Neuron,15.00um,L5_sciatic,DV-I - Reversed,30,0.5,50.0,node[143]
437,Nerve_root_S1_sciatic_muscular_branches_of_nerve_tibial_left_05 [Sensory MRG Neuron 20.00um]  (Soleus_Sensory_Nerves_20um),Sensory MRG Neuron,20.00um,S1_sciatic,DV-I - Reversed,30,0.5234375,52.34375,node[141]
473,Nerve_root_S1_sciatic_nerve_tibial_left_02 [Sensory MRG Neuron 20.00um]  (Soleus_Sensory_Nerves_20um),Sensory MRG Neuron,20.00um,S1_sciatic,DV-I - Reversed,30,0.5234375,52.34375,node[141]
425,Nerve_root_S1_sciatic_muscular_branches_of_nerve_tibial_left_03 [Sensory MRG Neuron 20.00um]  (Soleus_Sensory_Nerves_20um),Sensory MRG Neuron,20.00um,S1_sciatic,DV-I - Reversed,30,0.5234375,52.34375,node[141]
413,Nerve_root_S1_sciatic_muscular_branches_of_nerve_tibial_left_01 [Sensory MRG Neuron 20.00um]  (Soleus_Sensory_Nerves_20um),Sensory MRG Neuron,20.00um,S1_sciatic,DV-I - Reversed,30,0.5234375,52.34375,node[141]
431,Nerve_root_S1_sciatic_muscular_branches_of_nerve_tibial_left_04 [Sensory MRG Neuron 20.00um]  (Soleus_Sensory_Nerves_20um),Sensory MRG Neuron,20.00um,S1_sciatic,DV-I - Reversed,30,0.5234375,52.34375,node[141]
479,Nerve_root_S1_sciatic_nerve_tibial_left_03 [Sensory MRG Neuron 20.00um]  (Soleus_Sensory_Nerves_20um),Sensory MRG Neuron,20.00um,S1_sciatic,DV-I - Reversed,30,0.5234375,52.34375,node[141]
491,Nerve_root_S1_sciatic_nerve_tibial_left_05 [Sensory MRG Neuron 20.00um]  (Soleus_Sensory_Nerves_20um),Sensory MRG Neuron,20.00um,S1_sciatic,DV-I - Reversed,30,0.5234375,52.34375,node[141]
485,Nerve_root_S1_sciatic_nerve_tibial_left_04 [Sensory MRG Neuron 20.00um]  (Soleus_Sensory_Nerves_20um),Sensory MRG Neuron,20.00um,S1_sciatic,DV-I - Reversed,30,0.5234375,52.34375,node[141]
467,Nerve_root_S1_sciatic_nerve_tibial_left_01 [Sensory MRG Neuron 20.00um]  (Soleus_Sensory_Nerves_20um),Sensory MRG Neuron,20.00um,S1_sciatic,DV-I - Reversed,30,0.5234375,52.34375,node[141]
419,Nerve_root_S1_sciatic_muscular_branches_of_nerve_tibial_left_02 [Sensory MRG Neuron 20.00um]  (Soleus_Sensory_Nerves_20um),Sensory MRG Neuron,20.00um,S1_sciatic,DV-I - Reversed,30,0.5234375,52.34375,node[141]
371,Nerve_root_S1_muscular_branches_of_nerve_sciatic_left_02 [Sensory MRG Neuron 20.00um]  (Soleus_Sensory_Nerves_20um),Sensory MRG Neuron,20.00um,S1_muscular,DV-I - Reversed,30,0.53515625,53.51562500000001,node[141]
377,Nerve_root_S1_muscular_branches_of_nerve_sciatic_left_04 [Sensory MRG Neuron 20.00um]  (Soleus_Sensory_Nerves_20um),Sensory MRG Neuron,20.00um,S1_muscular,DV-I - Reversed,30,0.53515625,53.51562500000001,node[141]
365,Nerve_root_S1_muscular_branches_of_nerve_sciatic_left_01 [Sensory MRG Neuron 20.00um]  (Soleus_Sensory_Nerves_20um),Sensory MRG Neuron,20.00um,S1_muscular,DV-I - Reversed,30,0.53515625,53.51562500000001,node[141]
383,Nerve_root_S1_muscular_branches_of_nerve_sciatic_left_05 [Sensory MRG Neuron 20.00um]  (Soleus_Sensory_Nerves_20um),Sensory MRG Neuron,20.00um,S1_muscular,DV-I - Reversed,30,0.5390625,53.90625,node[140]
93,Nerve_root_L4_L5_sciatic_muscular_branches_of_nerve_tibial_right_02 [Sensory MRG Neuron 10.00um]  (Soleus_Sensory_Nerves_10um),Sensory MRG Neuron,10.00um,L4_L5,DV-I - Reversed,30,0.54296875,54.296875,node[111]
177,Nerve_root_L4_L5_sciatic_nerve_tibial_right_07 [Sensory MRG Neuron 10.00um]  (Soleus_Sensory_Nerves_10um),Sensory MRG Neuron,10.00um,L4_L5,DV-I - Reversed,30,0.54296875,54.296875,node[111]
171,Nerve_root_L4_L5_sciatic_nerve_tibial_right_06 [Sensory MRG Neuron 10.00um]  (Soleus_Sensory_Nerves_10um),Sensory MRG Neuron,10.00um,L4_L5,DV-I - Reversed,30,0.54296875,54.296875,node[111]
153,Nerve_root_L4_L5_sciatic_nerve_tibial_right_03 [Sensory MRG Neuron 10.00um]  (Soleus_Sensory_Nerves_10um),Sensory MRG Neuron,10.00um,L4_L5,DV-I - Reversed,30,0.54296875,54.296875,node[111]
45,Nerve_root_L4_L5_muscular_branches_of_nerve_sciatic_right_03 [Sensory MRG Neuron 10.00um]  (Soleus_Sensory_Nerves_10um),Sensory MRG Neuron,10.00um,L4_L5,DV-I - Reversed,30,0.54296875,54.296875,node[111]
39,Nerve_root_L4_L5_muscular_branches_of_nerve_sciatic_right_02 [Sensory MRG Neuron 10.00um]  (Soleus_Sensory_Nerves_10um),Sensory MRG Neuron,10.00um,L4_L5,DV-I - Reversed,30,0.54296875,54.296875,node[111]
87,Nerve_root_L4_L5_sciatic_muscular_branches_of_nerve_tibial_right_01 [Sensory MRG Neuron 10.00um]  (Soleus_Sensory_Nerves_10um),Sensory MRG Neuron,10.00um,L4_L5,DV-I - Reversed,30,0.54296875,54.296875,node[111]
159,Nerve_root_L4_L5_sciatic_nerve_tibial_right_04 [Sensory MRG Neuron 10.00um]  (Soleus_Sensory_Nerves_10um),Sensory MRG Neuron,10.00um,L4_L5,DV-I - Reversed,30,0.54296875,54.296875,node[111]
147,Nerve_root_L4_L5_sciatic_nerve_tibial_right_02 [Sensory MRG Neuron 10.00um]  (Soleus_Sensory_Nerves_10um),Sensory MRG Neuron,10.00um,L4_L5,DV-I - Reversed,30,0.54296875,54.296875,node[111]
165,Nerve_root_L4_L5_sciatic_nerve_tibial_right_05 [Sensory MRG Neuron 10.00um]  (Soleus_Sensory_Nerves_10um),Sensory MRG Neuron,10.00um,L4_L5,DV-I - Reversed,30,0.54296875,54.296875,node[111]
141,Nerve_root_L4_L5_sciatic_nerve_tibial_right_01 [Sensory MRG Neuron 10.00um]  (Soleus_Sensory_Nerves_10um),Sensory MRG Neuron,10.00um,L4_L5,DV-I - Reversed,30,0.54296875,54.296875,node[111]
105,Nerve_root_L4_L5_sciatic_muscular_branches_of_nerve_tibial_right_04 [Sensory MRG Neuron 10.00um]  (Soleus_Sensory_Nerves_10um),Sensory MRG Neuron,10.00um,L4_L5,DV-I - Reversed,30,0.54296875,54.296875,node[111]
99,Nerve_root_L4_L5_sciatic_muscular_branches_of_nerve_tibial_right_03 [Sensory MRG Neuron 10.00um]  (Soleus_Sensory_Nerves_10um),Sensory MRG Neuron,10.00um,L4_L5,DV-I - Reversed,30,0.54296875,54.296875,node[111]
44,Nerve_root_L4_L5_muscular_branches_of_nerve_sciatic_right_03 [Motor MRG Neuron 20.00um]  (Soleus_Motor_Nerves_20um),Motor MRG Neuron,20.00um,L4_L5,DV-I - Reversed,30,0.55078125,55.07812500000001,node[95]
146,Nerve_root_L4_L5_sciatic_nerve_tibial_right_02 [Motor MRG Neuron 20.00um]  (Soleus_Motor_Nerves_20um),Motor MRG Neuron,20.00um,L4_L5,DV-I - Reversed,30,0.55078125,55.07812500000001,node[95]
158,Nerve_root_L4_L5_sciatic_nerve_tibial_right_04 [Motor MRG Neuron 20.00um]  (Soleus_Motor_Nerves_20um),Motor MRG Neuron,20.00um,L4_L5,DV-I - Reversed,30,0.55078125,55.07812500000001,node[95]
152,Nerve_root_L4_L5_sciatic_nerve_tibial_right_03 [Motor MRG Neuron 20.00um]  (Soleus_Motor_Nerves_20um),Motor MRG Neuron,20.00um,L4_L5,DV-I - Reversed,30,0.55078125,55.07812500000001,node[95]
140,Nerve_root_L4_L5_sciatic_nerve_tibial_right_01 [Motor MRG Neuron 20.00um]  (Soleus_Motor_Nerves_20um),Motor MRG Neuron,20.00um,L4_L5,DV-I - Reversed,30,0.55078125,55.07812500000001,node[95]
170,Nerve_root_L4_L5_sciatic_nerve_tibial_right_06 [Motor MRG Neuron 20.00um]  (Soleus_Motor_Nerves_20um),Motor MRG Neuron,20.00um,L4_L5,DV-I - Reversed,30,0.55078125,55.07812500000001,node[95]
51,Nerve_root_L4_L5_muscular_branches_of_nerve_sciatic_right_04 [Sensory MRG Neuron 10.00um]  (Soleus_Sensory_Nerves_10um),Sensory MRG Neuron,10.00um,L4_L5,DV-I - Reversed,30,0.55078125,55.07812500000001,node[111]
164,Nerve_root_L4_L5_sciatic_nerve_tibial_right_05 [Motor MRG Neuron 20.00um]  (Soleus_Motor_Nerves_20um),Motor MRG Neuron,20.00um,L4_L5,DV-I - Reversed,30,0.55078125,55.07812500000001,node[95]
92,Nerve_root_L4_L5_sciatic_muscular_branches_of_nerve_tibial_right_02 [Motor MRG Neuron 20.00um]  (Soleus_Motor_Nerves_20um),Motor MRG Neuron,20.00um,L4_L5,DV-I - Reversed,30,0.55078125,55.07812500000001,node[95]
38,Nerve_root_L4_L5_muscular_branches_of_nerve_sciatic_right_02 [Motor MRG Neuron 20.00um]  (Soleus_Motor_Nerves_20um),Motor MRG Neuron,20.00um,L4_L5,DV-I - Reversed,30,0.55078125,55.07812500000001,node[95]
176,Nerve_root_L4_L5_sciatic_nerve_tibial_right_07 [Motor MRG Neuron 20.00um]  (Soleus_Motor_Nerves_20um),Motor MRG Neuron,20.00um,L4_L5,DV-I - Reversed,30,0.55078125,55.07812500000001,node[95]
86,Nerve_root_L4_L5_sciatic_muscular_branches_of_nerve_tibial_right_01 [Motor MRG Neuron 20.00um]  (Soleus_Motor_Nerves_20um),Motor MRG Neuron,20.00um,L4_L5,DV-I - Reversed,30,0.55078125,55.07812500000001,node[95]
98,Nerve_root_L4_L5_sciatic_muscular_branches_of_nerve_tibial_right_03 [Motor MRG Neuron 20.00um]  (Soleus_Motor_Nerves_20um),Motor MRG Neuron,20.00um,L4_L5,DV-I - Reversed,30,0.55078125,55.07812500000001,node[95]
104,Nerve_root_L4_L5_sciatic_muscular_branches_of_nerve_tibial_right_04 [Motor MRG Neuron 20.00um]  (Soleus_Motor_Nerves_20um),Motor MRG Neuron,20.00um,L4_L5,DV-I - Reversed,30,0.55078125,55.07812500000001,node[95]
32,Nerve_root_L4_L5_muscular_branches_of_nerve_sciatic_right_01 [Motor MRG Neuron 20.00um]  (Soleus_Motor_Nerves_20um),Motor MRG Neuron,20.00um,L4_L5,DV-I - Reversed,30,0.5546875,55.46875000000001,node[94]
50,Nerve_root_L4_L5_muscular_branches_of_nerve_sciatic_right_04 [Motor MRG Neuron 20.00um]  (Soleus_Motor_Nerves_20um),Motor MRG Neuron,20.00um,L4_L5,DV-I - Reversed,30,0.55859375,55.859375,node[94]
568,Nerve_root_S2_muscular_branches_of_nerve_sciatic_right_01 [Sensory MRG Neuron 15.00um]  (Soleus_Sensory_Nerves_15um),Sensory MRG Neuron,15.00um,S2_muscular,DV-I - Reversed,30,0.57421875,57.42187500000001,node[138]
580,Nerve_root_S2_muscular_branches_of_nerve_sciatic_right_03 [Sensory MRG Neuron 15.00um]  (Soleus_Sensory_Nerves_15um),Sensory MRG Neuron,15.00um,S2_muscular,DV-I - Reversed,30,0.57421875,57.42187500000001,node[139]
574,Nerve_root_S2_muscular_branches_of_nerve_sciatic_right_02 [Sensory MRG Neuron 15.00um]  (Soleus_Sensory_Nerves_15um),Sensory MRG Neuron,15.00um,S2_muscular,DV-I - Reversed,30,0.57421875,57.42187500000001,node[138]
694,Nerve_root_S2_sciatic_nerve_tibial_right_04 [Sensory MRG Neuron 15.00um]  (Soleus_Sensory_Nerves_15um),Sensory MRG Neuron,15.00um,S2_sciatic,DV-I - Reversed,30,0.57421875,57.42187500000001,node[138]
712,Nerve_root_S2_sciatic_nerve_tibial_right_07 [Sensory MRG Neuron 15.00um]  (Soleus_Sensory_Nerves_15um),Sensory MRG Neuron,15.00um,S2_sciatic,DV-I - Reversed,30,0.57421875,57.42187500000001,node[138]
634,Nerve_root_S2_sciatic_muscular_branches_of_nerve_tibial_right_03 [Sensory MRG Neuron 15.00um]  (Soleus_Sensory_Nerves_15um),Sensory MRG Neuron,15.00um,S2_sciatic,DV-I - Reversed,30,0.57421875,57.42187500000001,node[139]
688,Nerve_root_S2_sciatic_nerve_tibial_right_03 [Sensory MRG Neuron 15.00um]  (Soleus_Sensory_Nerves_15um),Sensory MRG Neuron,15.00um,S2_sciatic,DV-I - Reversed,30,0.57421875,57.42187500000001,node[138]
700,Nerve_root_S2_sciatic_nerve_tibial_right_05 [Sensory MRG Neuron 15.00um]  (Soleus_Sensory_Nerves_15um),Sensory MRG Neuron,15.00um,S2_sciatic,DV-I - Reversed,30,0.57421875,57.42187500000001,node[138]
682,Nerve_root_S2_sciatic_nerve_tibial_right_02 [Sensory MRG Neuron 15.00um]  (Soleus_Sensory_Nerves_15um),Sensory MRG Neuron,15.00um,S2_sciatic,DV-I - Reversed,30,0.57421875,57.42187500000001,node[138]
706,Nerve_root_S2_sciatic_nerve_tibial_right_06 [Sensory MRG Neuron 15.00um]  (Soleus_Sensory_Nerves_15um),Sensory MRG Neuron,15.00um,S2_sciatic,DV-I - Reversed,30,0.57421875,57.42187500000001,node[138]
640,Nerve_root_S2_sciatic_muscular_branches_of_nerve_tibial_right_04 [Sensory MRG Neuron 15.00um]  (Soleus_Sensory_Nerves_15um),Sensory MRG Neuron,15.00um,S2_sciatic,DV-I - Reversed,30,0.57421875,57.42187500000001,node[138]
676,Nerve_root_S2_sciatic_nerve_tibial_right_01 [Sensory MRG Neuron 15.00um]  (Soleus_Sensory_Nerves_15um),Sensory MRG Neuron,15.00um,S2_sciatic,DV-I - Reversed,30,0.57421875,57.42187500000001,node[138]
628,Nerve_root_S2_sciatic_muscular_branches_of_nerve_tibial_right_02 [Sensory MRG Neuron 15.00um]  (Soleus_Sensory_Nerves_15um),Sensory MRG Neuron,15.00um,S2_sciatic,DV-I - Reversed,30,0.57421875,57.42187500000001,node[138]
622,Nerve_root_S2_sciatic_muscular_branches_of_nerve_tibial_right_01 [Sensory MRG Neuron 15.00um]  (Soleus_Sensory_Nerves_15um),Sensory MRG Neuron,15.00um,S2_sciatic,DV-I - Reversed,30,0.57421875,57.42187500000001,node[138]
586,Nerve_root_S2_muscular_branches_of_nerve_sciatic_right_04 [Sensory MRG Neuron 15.00um]  (Soleus_Sensory_Nerves_15um),Sensory MRG Neuron,15.00um,S2_muscular,DV-I - Reversed,30,0.578125,57.8125,node[138]
400,Nerve_root_S1_muscular_branches_of_nerve_sciatic_right_03 [Sensory MRG Neuron 15.00um]  (Soleus_Sensory_Nerves_15um),Sensory MRG Neuron,15.00um,S1_muscular,DV-I - Reversed,30,0.58203125,58.203125,node[197]
388,Nerve_root_S1_muscular_branches_of_nerve_sciatic_right_01 [Sensory MRG Neuron 15.00um]  (Soleus_Sensory_Nerves_15um),Sensory MRG Neuron,15.00um,S1_muscular,DV-I - Reversed,30,0.58203125,58.203125,node[198]
532,Nerve_root_S1_sciatic_nerve_tibial_right_07 [Sensory MRG Neuron 15.00um]  (Soleus_Sensory_Nerves_15um),Sensory MRG Neuron,15.00um,S1_sciatic,DV-I - Reversed,30,0.58984375,58.98437500000001,node[198]
526,Nerve_root_S1_sciatic_nerve_tibial_right_06 [Sensory MRG Neuron 15.00um]  (Soleus_Sensory_Nerves_15um),Sensory MRG Neuron,15.00um,S1_sciatic,DV-I - Reversed,30,0.58984375,58.98437500000001,node[198]
508,Nerve_root_S1_sciatic_nerve_tibial_right_03 [Sensory MRG Neuron 15.00um]  (Soleus_Sensory_Nerves_15um),Sensory MRG Neuron,15.00um,S1_sciatic,DV-I - Reversed,30,0.58984375,58.98437500000001,node[198]
496,Nerve_root_S1_sciatic_nerve_tibial_right_01 [Sensory MRG Neuron 15.00um]  (Soleus_Sensory_Nerves_15um),Sensory MRG Neuron,15.00um,S1_sciatic,DV-I - Reversed,30,0.58984375,58.98437500000001,node[198]
514,Nerve_root_S1_sciatic_nerve_tibial_right_04 [Sensory MRG Neuron 15.00um]  (Soleus_Sensory_Nerves_15um),Sensory MRG Neuron,15.00um,S1_sciatic,DV-I - Reversed,30,0.58984375,58.98437500000001,node[198]
502,Nerve_root_S1_sciatic_nerve_tibial_right_02 [Sensory MRG Neuron 15.00um]  (Soleus_Sensory_Nerves_15um),Sensory MRG Neuron,15.00um,S1_sciatic,DV-I - Reversed,30,0.58984375,58.98437500000001,node[198]
520,Nerve_root_S1_sciatic_nerve_tibial_right_05 [Sensory MRG Neuron 15.00um]  (Soleus_Sensory_Nerves_15um),Sensory MRG Neuron,15.00um,S1_sciatic,DV-I - Reversed,30,0.58984375,58.98437500000001,node[198]
406,Nerve_root_S1_muscular_branches_of_nerve_sciatic_right_04 [Sensory MRG Neuron 15.00um]  (Soleus_Sensory_Nerves_15um),Sensory MRG Neuron,15.00um,S1_muscular,DV-I - Reversed,30,0.58984375,58.98437500000001,node[199]
442,Nerve_root_S1_sciatic_muscular_branches_of_nerve_tibial_right_01 [Sensory MRG Neuron 15.00um]  (Soleus_Sensory_Nerves_15um),Sensory MRG Neuron,15.00um,S1_sciatic,DV-I - Reversed,30,0.58984375,58.98437500000001,node[198]
448,Nerve_root_S1_sciatic_muscular_branches_of_nerve_tibial_right_02 [Sensory MRG Neuron 15.00um]  (Soleus_Sensory_Nerves_15um),Sensory MRG Neuron,15.00um,S1_sciatic,DV-I - Reversed,30,0.58984375,58.98437500000001,node[198]
454,Nerve_root_S1_sciatic_muscular_branches_of_nerve_tibial_right_03 [Sensory MRG Neuron 15.00um]  (Soleus_Sensory_Nerves_15um),Sensory MRG Neuron,15.00um,S1_sciatic,DV-I - Reversed,30,0.58984375,58.98437500000001,node[198]
460,Nerve_root_S1_sciatic_muscular_branches_of_nerve_tibial_right_04 [Sensory MRG Neuron 15.00um]  (Soleus_Sensory_Nerves_15um),Sensory MRG Neuron,15.00um,S1_sciatic,DV-I - Reversed,30,0.58984375,58.98437500000001,node[198]
376,Nerve_root_S1_muscular_branches_of_nerve_sciatic_left_04 [Sensory MRG Neuron 15.00um]  (Soleus_Sensory_Nerves_15um),Sensory MRG Neuron,15.00um,S1_muscular,DV-I - Reversed,30,0.59375,59.37500000000001,node[95]
394,Nerve_root_S1_muscular_branches_of_nerve_sciatic_right_02 [Sensory MRG Neuron 15.00um]  (Soleus_Sensory_Nerves_15um),Sensory MRG Neuron,15.00um,S1_muscular,DV-I - Reversed,30,0.59375,59.37500000000001,node[198]
382,Nerve_root_S1_muscular_branches_of_nerve_sciatic_left_05 [Sensory MRG Neuron 15.00um]  (Soleus_Sensory_Nerves_15um),Sensory MRG Neuron,15.00um,S1_muscular,DV-I - Reversed,30,0.59765625,59.765625,node[94]
33,Nerve_root_L4_L5_muscular_branches_of_nerve_sciatic_right_01 [Sensory MRG Neuron 10.00um]  (Soleus_Sensory_Nerves_10um),Sensory MRG Neuron,10.00um,L4_L5,DV-I - Reversed,30,0.60546875,60.546875,node[154]
370,Nerve_root_S1_muscular_branches_of_nerve_sciatic_left_02 [Sensory MRG Neuron 15.00um]  (Soleus_Sensory_Nerves_15um),Sensory MRG Neuron,15.00um,S1_muscular,DV-I - Reversed,30,0.61328125,61.32812500000001,node[95]
364,Nerve_root_S1_muscular_branches_of_nerve_sciatic_left_01 [Sensory MRG Neuron 15.00um]  (Soleus_Sensory_Nerves_15um),Sensory MRG Neuron,15.00um,S1_muscular,DV-I - Reversed,30,0.61328125,61.32812500000001,node[95]
478,Nerve_root_S1_sciatic_nerve_tibial_left_03 [Sensory MRG Neuron 15.00um]  (Soleus_Sensory_Nerves_15um),Sensory MRG Neuron,15.00um,S1_sciatic,DV-I - Reversed,30,0.625,62.5,node[94]
424,Nerve_root_S1_sciatic_muscular_branches_of_nerve_tibial_left_03 [Sensory MRG Neuron 15.00um]  (Soleus_Sensory_Nerves_15um),Sensory MRG Neuron,15.00um,S1_sciatic,DV-I - Reversed,30,0.625,62.5,node[94]
412,Nerve_root_S1_sciatic_muscular_branches_of_nerve_tibial_left_01 [Sensory MRG Neuron 15.00um]  (Soleus_Sensory_Nerves_15um),Sensory MRG Neuron,15.00um,S1_sciatic,DV-I - Reversed,30,0.625,62.5,node[94]
430,Nerve_root_S1_sciatic_muscular_branches_of_nerve_tibial_left_04 [Sensory MRG Neuron 15.00um]  (Soleus_Sensory_Nerves_15um),Sensory MRG Neuron,15.00um,S1_sciatic,DV-I - Reversed,30,0.625,62.5,node[94]
436,Nerve_root_S1_sciatic_muscular_branches_of_nerve_tibial_left_05 [Sensory MRG Neuron 15.00um]  (Soleus_Sensory_Nerves_15um),Sensory MRG Neuron,15.00um,S1_sciatic,DV-I - Reversed,30,0.625,62.5,node[94]
418,Nerve_root_S1_sciatic_muscular_branches_of_nerve_tibial_left_02 [Sensory MRG Neuron 15.00um]  (Soleus_Sensory_Nerves_15um),Sensory MRG Neuron,15.00um,S1_sciatic,DV-I - Reversed,30,0.625,62.5,node[94]
484,Nerve_root_S1_sciatic_nerve_tibial_left_04 [Sensory MRG Neuron 15.00um]  (Soleus_Sensory_Nerves_15um),Sensory MRG Neuron,15.00um,S1_sciatic,DV-I - Reversed,30,0.625,62.5,node[94]
472,Nerve_root_S1_sciatic_nerve_tibial_left_02 [Sensory MRG Neuron 15.00um]  (Soleus_Sensory_Nerves_15um),Sensory MRG Neuron,15.00um,S1_sciatic,DV-I - Reversed,30,0.625,62.5,node[94]
490,Nerve_root_S1_sciatic_nerve_tibial_left_05 [Sensory MRG Neuron 15.00um]  (Soleus_Sensory_Nerves_15um),Sensory MRG Neuron,15.00um,S1_sciatic,DV-I - Reversed,30,0.625,62.5,node[94]
466,Nerve_root_S1_sciatic_nerve_tibial_left_01 [Sensory MRG Neuron 15.00um]  (Soleus_Sensory_Nerves_15um),Sensory MRG Neuron,15.00um,S1_sciatic,DV-I - Reversed,30,0.625,62.5,node[94]
548,Nerve_root_S2_muscular_branches_of_nerve_sciatic_left_03 [Motor MRG Neuron 20.00um]  (Soleus_Motor_Nerves_20um),Motor MRG Neuron,20.00um,S2_muscular,DV-I - Reversed,30,0.6875,68.75,node[117]
536,Nerve_root_S2_muscular_branches_of_nerve_sciatic_left_01 [Motor MRG Neuron 20.00um]  (Soleus_Motor_Nerves_20um),Motor MRG Neuron,20.00um,S2_muscular,DV-I - Reversed,30,0.6875,68.75,node[117]
542,Nerve_root_S2_muscular_branches_of_nerve_sciatic_left_02 [Motor MRG Neuron 20.00um]  (Soleus_Motor_Nerves_20um),Motor MRG Neuron,20.00um,S2_muscular,DV-I - Reversed,30,0.6875,68.75,node[117]
602,Nerve_root_S2_sciatic_muscular_branches_of_nerve_tibial_left_03 [Motor MRG Neuron 20.00um]  (Soleus_Motor_Nerves_20um),Motor MRG Neuron,20.00um,S2_sciatic,DV-I - Reversed,30,0.69140625,69.140625,node[117]
608,Nerve_root_S2_sciatic_muscular_branches_of_nerve_tibial_left_04 [Motor MRG Neuron 20.00um]  (Soleus_Motor_Nerves_20um),Motor MRG Neuron,20.00um,S2_sciatic,DV-I - Reversed,30,0.69140625,69.140625,node[117]
596,Nerve_root_S2_sciatic_muscular_branches_of_nerve_tibial_left_02 [Motor MRG Neuron 20.00um]  (Soleus_Motor_Nerves_20um),Motor MRG Neuron,20.00um,S2_sciatic,DV-I - Reversed,30,0.69140625,69.140625,node[117]
644,Nerve_root_S2_sciatic_nerve_tibial_left_01 [Motor MRG Neuron 20.00um]  (Soleus_Motor_Nerves_20um),Motor MRG Neuron,20.00um,S2_sciatic,DV-I - Reversed,30,0.69140625,69.140625,node[117]
614,Nerve_root_S2_sciatic_muscular_branches_of_nerve_tibial_left_05 [Motor MRG Neuron 20.00um]  (Soleus_Motor_Nerves_20um),Motor MRG Neuron,20.00um,S2_sciatic,DV-I - Reversed,30,0.69140625,69.140625,node[117]
668,Nerve_root_S2_sciatic_nerve_tibial_left_05 [Motor MRG Neuron 20.00um]  (Soleus_Motor_Nerves_20um),Motor MRG Neuron,20.00um,S2_sciatic,DV-I - Reversed,30,0.69140625,69.140625,node[117]
662,Nerve_root_S2_sciatic_nerve_tibial_left_04 [Motor MRG Neuron 20.00um]  (Soleus_Motor_Nerves_20um),Motor MRG Neuron,20.00um,S2_sciatic,DV-I - Reversed,30,0.69140625,69.140625,node[117]
656,Nerve_root_S2_sciatic_nerve_tibial_left_03 [Motor MRG Neuron 20.00um]  (Soleus_Motor_Nerves_20um),Motor MRG Neuron,20.00um,S2_sciatic,DV-I - Reversed,30,0.69140625,69.140625,node[117]
650,Nerve_root_S2_sciatic_nerve_tibial_left_02 [Motor MRG Neuron 20.00um]  (Soleus_Motor_Nerves_20um),Motor MRG Neuron,20.00um,S2_sciatic,DV-I - Reversed,30,0.69140625,69.140625,node[117]
554,Nerve_root_S2_muscular_branches_of_nerve_sciatic_left_04 [Motor MRG Neuron 20.00um]  (Soleus_Motor_Nerves_20um),Motor MRG Neuron,20.00um,S2_muscular,DV-I - Reversed,30,0.69140625,69.140625,node[117]
560,Nerve_root_S2_muscular_branches_of_nerve_sciatic_left_05 [Motor MRG Neuron 20.00um]  (Soleus_Motor_Nerves_20um),Motor MRG Neuron,20.00um,S2_muscular,DV-I - Reversed,30,0.69140625,69.140625,node[117]
590,Nerve_root_S2_sciatic_muscular_branches_of_nerve_tibial_left_01 [Motor MRG Neuron 20.00um]  (Soleus_Motor_Nerves_20um),Motor MRG Neuron,20.00um,S2_sciatic,DV-I - Reversed,30,0.6953125,69.53125,node[117]
537,Nerve_root_S2_muscular_branches_of_nerve_sciatic_left_01 [Sensory MRG Neuron 10.00um]  (Soleus_Sensory_Nerves_10um),Sensory MRG Neuron,10.00um,S2_muscular,DV-I - Reversed,30,0.70703125,70.703125,node[189]
543,Nerve_root_S2_muscular_branches_of_nerve_sciatic_left_02 [Sensory MRG Neuron 10.00um]  (Soleus_Sensory_Nerves_10um),Sensory MRG Neuron,10.00um,S2_muscular,DV-I - Reversed,30,0.70703125,70.703125,node[189]
669,Nerve_root_S2_sciatic_nerve_tibial_left_05 [Sensory MRG Neuron 10.00um]  (Soleus_Sensory_Nerves_10um),Sensory MRG Neuron,10.00um,S2_sciatic,DV-I - Reversed,30,0.7109375,71.09375,node[189]
657,Nerve_root_S2_sciatic_nerve_tibial_left_03 [Sensory MRG Neuron 10.00um]  (Soleus_Sensory_Nerves_10um),Sensory MRG Neuron,10.00um,S2_sciatic,DV-I - Reversed,30,0.7109375,71.09375,node[189]
555,Nerve_root_S2_muscular_branches_of_nerve_sciatic_left_04 [Sensory MRG Neuron 10.00um]  (Soleus_Sensory_Nerves_10um),Sensory MRG Neuron,10.00um,S2_muscular,DV-I - Reversed,30,0.7109375,71.09375,node[189]
663,Nerve_root_S2_sciatic_nerve_tibial_left_04 [Sensory MRG Neuron 10.00um]  (Soleus_Sensory_Nerves_10um),Sensory MRG Neuron,10.00um,S2_sciatic,DV-I - Reversed,30,0.7109375,71.09375,node[189]
651,Nerve_root_S2_sciatic_nerve_tibial_left_02 [Sensory MRG Neuron 10.00um]  (Soleus_Sensory_Nerves_10um),Sensory MRG Neuron,10.00um,S2_sciatic,DV-I - Reversed,30,0.7109375,71.09375,node[189]
603,Nerve_root_S2_sciatic_muscular_branches_of_nerve_tibial_left_03 [Sensory MRG Neuron 10.00um]  (Soleus_Sensory_Nerves_10um),Sensory MRG Neuron,10.00um,S2_sciatic,DV-I - Reversed,30,0.7109375,71.09375,node[189]
645,Nerve_root_S2_sciatic_nerve_tibial_left_01 [Sensory MRG Neuron 10.00um]  (Soleus_Sensory_Nerves_10um),Sensory MRG Neuron,10.00um,S2_sciatic,DV-I - Reversed,30,0.7109375,71.09375,node[189]
609,Nerve_root_S2_sciatic_muscular_branches_of_nerve_tibial_left_04 [Sensory MRG Neuron 10.00um]  (Soleus_Sensory_Nerves_10um),Sensory MRG Neuron,10.00um,S2_sciatic,DV-I - Reversed,30,0.7109375,71.09375,node[189]
615,Nerve_root_S2_sciatic_muscular_branches_of_nerve_tibial_left_05 [Sensory MRG Neuron 10.00um]  (Soleus_Sensory_Nerves_10um),Sensory MRG Neuron,10.00um,S2_sciatic,DV-I - Reversed,30,0.7109375,71.09375,node[189]
597,Nerve_root_S2_sciatic_muscular_branches_of_nerve_tibial_left_02 [Sensory MRG Neuron 10.00um]  (Soleus_Sensory_Nerves_10um),Sensory MRG Neuron,10.00um,S2_sciatic,DV-I - Reversed,30,0.7109375,71.09375,node[189]
561,Nerve_root_S2_muscular_branches_of_nerve_sciatic_left_05 [Sensory MRG Neuron 10.00um]  (Soleus_Sensory_Nerves_10um),Sensory MRG Neuron,10.00um,S2_muscular,DV-I - Reversed,30,0.71484375,71.484375,node[189]
549,Nerve_root_S2_muscular_branches_of_nerve_sciatic_left_03 [Sensory MRG Neuron 10.00um]  (Soleus_Sensory_Nerves_10um),Sensory MRG Neuron,10.00um,S2_muscular,DV-I - Reversed,30,0.71484375,71.484375,node[189]
393,Nerve_root_S1_muscular_branches_of_nerve_sciatic_right_02 [Sensory MRG Neuron 10.00um]  (Soleus_Sensory_Nerves_10um),Sensory MRG Neuron,10.00um,S1_muscular,DV-I - Reversed,30,0.71875,71.87500000000001,node[337]
591,Nerve_root_S2_sciatic_muscular_branches_of_nerve_tibial_left_01 [Sensory MRG Neuron 10.00um]  (Soleus_Sensory_Nerves_10um),Sensory MRG Neuron,10.00um,S2_sciatic,DV-I - Reversed,30,0.72265625,72.265625,node[189]
375,Nerve_root_S1_muscular_branches_of_nerve_sciatic_left_04 [Sensory MRG Neuron 10.00um]  (Soleus_Sensory_Nerves_10um),Sensory MRG Neuron,10.00um,S1_muscular,DV-I - Reversed,30,0.74609375,74.609375,node[129]
573,Nerve_root_S2_muscular_branches_of_nerve_sciatic_right_02 [Sensory MRG Neuron 10.00um]  (Soleus_Sensory_Nerves_10um),Sensory MRG Neuron,10.00um,S2_muscular,DV-I - Reversed,30,0.75390625,75.390625,node[348]
381,Nerve_root_S1_muscular_branches_of_nerve_sciatic_left_05 [Sensory MRG Neuron 10.00um]  (Soleus_Sensory_Nerves_10um),Sensory MRG Neuron,10.00um,S1_muscular,DV-I - Reversed,30,0.76171875,76.171875,node[129]
213,Nerve_root_L5_muscular_branches_of_nerve_sciatic_right_01 [Sensory MRG Neuron 10.00um]  (Soleus_Sensory_Nerves_10um),Sensory MRG Neuron,10.00um,L5_muscular,DV-I - Reversed,30,0.76171875,76.171875,node[158]
231,Nerve_root_L5_muscular_branches_of_nerve_sciatic_right_04 [Sensory MRG Neuron 10.00um]  (Soleus_Sensory_Nerves_10um),Sensory MRG Neuron,10.00um,L5_muscular,DV-I - Reversed,30,0.765625,76.5625,node[158]
363,Nerve_root_S1_muscular_branches_of_nerve_sciatic_left_01 [Sensory MRG Neuron 10.00um]  (Soleus_Sensory_Nerves_10um),Sensory MRG Neuron,10.00um,S1_muscular,DV-I - Reversed,30,0.76953125,76.95312500000001,node[129]
219,Nerve_root_L5_muscular_branches_of_nerve_sciatic_right_02 [Sensory MRG Neuron 10.00um]  (Soleus_Sensory_Nerves_10um),Sensory MRG Neuron,10.00um,L5_muscular,DV-I - Reversed,30,0.76953125,76.95312500000001,node[158]
369,Nerve_root_S1_muscular_branches_of_nerve_sciatic_left_02 [Sensory MRG Neuron 10.00um]  (Soleus_Sensory_Nerves_10um),Sensory MRG Neuron,10.00um,S1_muscular,DV-I - Reversed,30,0.76953125,76.95312500000001,node[129]
225,Nerve_root_L5_muscular_branches_of_nerve_sciatic_right_03 [Sensory MRG Neuron 10.00um]  (Soleus_Sensory_Nerves_10um),Sensory MRG Neuron,10.00um,L5_muscular,DV-I - Reversed,30,0.76953125,76.95312500000001,node[158]
85,Nerve_root_L4_L5_sciatic_muscular_branches_of_nerve_tibial_right_01 [Motor MRG Neuron 15.00um]  (Soleus_Motor_Nerves_15um),Motor MRG Neuron,15.00um,L4_L5,DV-I - Reversed,30,0.77734375,77.73437500000001,node[113]
169,Nerve_root_L4_L5_sciatic_nerve_tibial_right_06 [Motor MRG Neuron 15.00um]  (Soleus_Motor_Nerves_15um),Motor MRG Neuron,15.00um,L4_L5,DV-I - Reversed,30,0.77734375,77.73437500000001,node[113]
31,Nerve_root_L4_L5_muscular_branches_of_nerve_sciatic_right_01 [Motor MRG Neuron 15.00um]  (Soleus_Motor_Nerves_15um),Motor MRG Neuron,15.00um,L4_L5,DV-I - Reversed,30,0.77734375,77.73437500000001,node[113]
139,Nerve_root_L4_L5_sciatic_nerve_tibial_right_01 [Motor MRG Neuron 15.00um]  (Soleus_Motor_Nerves_15um),Motor MRG Neuron,15.00um,L4_L5,DV-I - Reversed,30,0.77734375,77.73437500000001,node[113]
163,Nerve_root_L4_L5_sciatic_nerve_tibial_right_05 [Motor MRG Neuron 15.00um]  (Soleus_Motor_Nerves_15um),Motor MRG Neuron,15.00um,L4_L5,DV-I - Reversed,30,0.77734375,77.73437500000001,node[113]
103,Nerve_root_L4_L5_sciatic_muscular_branches_of_nerve_tibial_right_04 [Motor MRG Neuron 15.00um]  (Soleus_Motor_Nerves_15um),Motor MRG Neuron,15.00um,L4_L5,DV-I - Reversed,30,0.77734375,77.73437500000001,node[113]
157,Nerve_root_L4_L5_sciatic_nerve_tibial_right_04 [Motor MRG Neuron 15.00um]  (Soleus_Motor_Nerves_15um),Motor MRG Neuron,15.00um,L4_L5,DV-I - Reversed,30,0.77734375,77.73437500000001,node[113]
151,Nerve_root_L4_L5_sciatic_nerve_tibial_right_03 [Motor MRG Neuron 15.00um]  (Soleus_Motor_Nerves_15um),Motor MRG Neuron,15.00um,L4_L5,DV-I - Reversed,30,0.77734375,77.73437500000001,node[113]
91,Nerve_root_L4_L5_sciatic_muscular_branches_of_nerve_tibial_right_02 [Motor MRG Neuron 15.00um]  (Soleus_Motor_Nerves_15um),Motor MRG Neuron,15.00um,L4_L5,DV-I - Reversed,30,0.77734375,77.73437500000001,node[113]
175,Nerve_root_L4_L5_sciatic_nerve_tibial_right_07 [Motor MRG Neuron 15.00um]  (Soleus_Motor_Nerves_15um),Motor MRG Neuron,15.00um,L4_L5,DV-I - Reversed,30,0.77734375,77.73437500000001,node[113]
97,Nerve_root_L4_L5_sciatic_muscular_branches_of_nerve_tibial_right_03 [Motor MRG Neuron 15.00um]  (Soleus_Motor_Nerves_15um),Motor MRG Neuron,15.00um,L4_L5,DV-I - Reversed,30,0.77734375,77.73437500000001,node[113]
145,Nerve_root_L4_L5_sciatic_nerve_tibial_right_02 [Motor MRG Neuron 15.00um]  (Soleus_Motor_Nerves_15um),Motor MRG Neuron,15.00um,L4_L5,DV-I - Reversed,30,0.77734375,77.73437500000001,node[113]
49,Nerve_root_L4_L5_muscular_branches_of_nerve_sciatic_right_04 [Motor MRG Neuron 15.00um]  (Soleus_Motor_Nerves_15um),Motor MRG Neuron,15.00um,L4_L5,DV-I - Reversed,30,0.78125,78.125,node[112]
37,Nerve_root_L4_L5_muscular_branches_of_nerve_sciatic_right_02 [Motor MRG Neuron 15.00um]  (Soleus_Motor_Nerves_15um),Motor MRG Neuron,15.00um,L4_L5,DV-I - Reversed,30,0.78125,78.125,node[113]
43,Nerve_root_L4_L5_muscular_branches_of_nerve_sciatic_right_03 [Motor MRG Neuron 15.00um]  (Soleus_Motor_Nerves_15um),Motor MRG Neuron,15.00um,L4_L5,DV-I - Reversed,30,0.78125,78.125,node[113]
267,Nerve_root_L5_sciatic_muscular_branches_of_nerve_tibial_right_01 [Sensory MRG Neuron 10.00um]  (Soleus_Sensory_Nerves_10um),Sensory MRG Neuron,10.00um,L5_sciatic,DV-I - Reversed,30,0.7890625,78.90625000000001,node[158]
206,Nerve_root_L5_muscular_branches_of_nerve_sciatic_left_05 [Motor MRG Neuron 20.00um]  (Soleus_Motor_Nerves_20um),Motor MRG Neuron,20.00um,L5_muscular,DV-I - Reversed,30,0.7890625,78.90625000000001,node[120]
345,Nerve_root_L5_sciatic_nerve_tibial_right_05 [Sensory MRG Neuron 10.00um]  (Soleus_Sensory_Nerves_10um),Sensory MRG Neuron,10.00um,L5_sciatic,DV-I - Reversed,30,0.7890625,78.90625000000001,node[158]
333,Nerve_root_L5_sciatic_nerve_tibial_right_03 [Sensory MRG Neuron 10.00um]  (Soleus_Sensory_Nerves_10um),Sensory MRG Neuron,10.00um,L5_sciatic,DV-I - Reversed,30,0.7890625,78.90625000000001,node[158]
194,Nerve_root_L5_muscular_branches_of_nerve_sciatic_left_03 [Motor MRG Neuron 20.00um]  (Soleus_Motor_Nerves_20um),Motor MRG Neuron,20.00um,L5_muscular,DV-I - Reversed,30,0.7890625,78.90625000000001,node[121]
273,Nerve_root_L5_sciatic_muscular_branches_of_nerve_tibial_right_02 [Sensory MRG Neuron 10.00um]  (Soleus_Sensory_Nerves_10um),Sensory MRG Neuron,10.00um,L5_sciatic,DV-I - Reversed,30,0.7890625,78.90625000000001,node[158]
236,Nerve_root_L5_sciatic_muscular_branches_of_nerve_tibial_left_01 [Motor MRG Neuron 20.00um]  (Soleus_Motor_Nerves_20um),Motor MRG Neuron,20.00um,L5_sciatic,DV-I - Reversed,30,0.7890625,78.90625000000001,node[120]
248,Nerve_root_L5_sciatic_muscular_branches_of_nerve_tibial_left_03 [Motor MRG Neuron 20.00um]  (Soleus_Motor_Nerves_20um),Motor MRG Neuron,20.00um,L5_sciatic,DV-I - Reversed,30,0.7890625,78.90625000000001,node[120]
279,Nerve_root_L5_sciatic_muscular_branches_of_nerve_tibial_right_03 [Sensory MRG Neuron 10.00um]  (Soleus_Sensory_Nerves_10um),Sensory MRG Neuron,10.00um,L5_sciatic,DV-I - Reversed,30,0.7890625,78.90625000000001,node[158]
285,Nerve_root_L5_sciatic_muscular_branches_of_nerve_tibial_right_04 [Sensory MRG Neuron 10.00um]  (Soleus_Sensory_Nerves_10um),Sensory MRG Neuron,10.00um,L5_sciatic,DV-I - Reversed,30,0.7890625,78.90625000000001,node[158]
200,Nerve_root_L5_muscular_branches_of_nerve_sciatic_left_04 [Motor MRG Neuron 20.00um]  (Soleus_Motor_Nerves_20um),Motor MRG Neuron,20.00um,L5_muscular,DV-I - Reversed,30,0.7890625,78.90625000000001,node[121]
351,Nerve_root_L5_sciatic_nerve_tibial_right_06 [Sensory MRG Neuron 10.00um]  (Soleus_Sensory_Nerves_10um),Sensory MRG Neuron,10.00um,L5_sciatic,DV-I - Reversed,30,0.7890625,78.90625000000001,node[158]
321,Nerve_root_L5_sciatic_nerve_tibial_right_01 [Sensory MRG Neuron 10.00um]  (Soleus_Sensory_Nerves_10um),Sensory MRG Neuron,10.00um,L5_sciatic,DV-I - Reversed,30,0.7890625,78.90625000000001,node[158]
339,Nerve_root_L5_sciatic_nerve_tibial_right_04 [Sensory MRG Neuron 10.00um]  (Soleus_Sensory_Nerves_10um),Sensory MRG Neuron,10.00um,L5_sciatic,DV-I - Reversed,30,0.7890625,78.90625000000001,node[158]
357,Nerve_root_L5_sciatic_nerve_tibial_right_07 [Sensory MRG Neuron 10.00um]  (Soleus_Sensory_Nerves_10um),Sensory MRG Neuron,10.00um,L5_sciatic,DV-I - Reversed,30,0.7890625,78.90625000000001,node[158]
327,Nerve_root_L5_sciatic_nerve_tibial_right_02 [Sensory MRG Neuron 10.00um]  (Soleus_Sensory_Nerves_10um),Sensory MRG Neuron,10.00um,L5_sciatic,DV-I - Reversed,30,0.7890625,78.90625000000001,node[158]
471,Nerve_root_S1_sciatic_nerve_tibial_left_02 [Sensory MRG Neuron 10.00um]  (Soleus_Sensory_Nerves_10um),Sensory MRG Neuron,10.00um,S1_sciatic,DV-I - Reversed,30,0.796875,79.68750000000001,node[129]
242,Nerve_root_L5_sciatic_muscular_branches_of_nerve_tibial_left_02 [Motor MRG Neuron 20.00um]  (Soleus_Motor_Nerves_20um),Motor MRG Neuron,20.00um,L5_sciatic,DV-I - Reversed,30,0.796875,79.68750000000001,node[120]
423,Nerve_root_S1_sciatic_muscular_branches_of_nerve_tibial_left_03 [Sensory MRG Neuron 10.00um]  (Soleus_Sensory_Nerves_10um),Sensory MRG Neuron,10.00um,S1_sciatic,DV-I - Reversed,30,0.796875,79.68750000000001,node[129]
182,Nerve_root_L5_muscular_branches_of_nerve_sciatic_left_01 [Motor MRG Neuron 20.00um]  (Soleus_Motor_Nerves_20um),Motor MRG Neuron,20.00um,L5_muscular,DV-I - Reversed,30,0.796875,79.68750000000001,node[121]
314,Nerve_root_L5_sciatic_nerve_tibial_left_05 [Motor MRG Neuron 20.00um]  (Soleus_Motor_Nerves_20um),Motor MRG Neuron,20.00um,L5_sciatic,DV-I - Reversed,30,0.796875,79.68750000000001,node[120]
465,Nerve_root_S1_sciatic_nerve_tibial_left_01 [Sensory MRG Neuron 10.00um]  (Soleus_Sensory_Nerves_10um),Sensory MRG Neuron,10.00um,S1_sciatic,DV-I - Reversed,30,0.796875,79.68750000000001,node[129]
411,Nerve_root_S1_sciatic_muscular_branches_of_nerve_tibial_left_01 [Sensory MRG Neuron 10.00um]  (Soleus_Sensory_Nerves_10um),Sensory MRG Neuron,10.00um,S1_sciatic,DV-I - Reversed,30,0.796875,79.68750000000001,node[129]
483,Nerve_root_S1_sciatic_nerve_tibial_left_04 [Sensory MRG Neuron 10.00um]  (Soleus_Sensory_Nerves_10um),Sensory MRG Neuron,10.00um,S1_sciatic,DV-I - Reversed,30,0.796875,79.68750000000001,node[129]
429,Nerve_root_S1_sciatic_muscular_branches_of_nerve_tibial_left_04 [Sensory MRG Neuron 10.00um]  (Soleus_Sensory_Nerves_10um),Sensory MRG Neuron,10.00um,S1_sciatic,DV-I - Reversed,30,0.796875,79.68750000000001,node[129]
308,Nerve_root_L5_sciatic_nerve_tibial_left_04 [Motor MRG Neuron 20.00um]  (Soleus_Motor_Nerves_20um),Motor MRG Neuron,20.00um,L5_sciatic,DV-I - Reversed,30,0.796875,79.68750000000001,node[120]
188,Nerve_root_L5_muscular_branches_of_nerve_sciatic_left_02 [Motor MRG Neuron 20.00um]  (Soleus_Motor_Nerves_20um),Motor MRG Neuron,20.00um,L5_muscular,DV-I - Reversed,30,0.796875,79.68750000000001,node[121]
254,Nerve_root_L5_sciatic_muscular_branches_of_nerve_tibial_left_04 [Motor MRG Neuron 20.00um]  (Soleus_Motor_Nerves_20um),Motor MRG Neuron,20.00um,L5_sciatic,DV-I - Reversed,30,0.796875,79.68750000000001,node[120]
290,Nerve_root_L5_sciatic_nerve_tibial_left_01 [Motor MRG Neuron 20.00um]  (Soleus_Motor_Nerves_20um),Motor MRG Neuron,20.00um,L5_sciatic,DV-I - Reversed,30,0.796875,79.68750000000001,node[120]
435,Nerve_root_S1_sciatic_muscular_branches_of_nerve_tibial_left_05 [Sensory MRG Neuron 10.00um]  (Soleus_Sensory_Nerves_10um),Sensory MRG Neuron,10.00um,S1_sciatic,DV-I - Reversed,30,0.796875,79.68750000000001,node[129]
260,Nerve_root_L5_sciatic_muscular_branches_of_nerve_tibial_left_05 [Motor MRG Neuron 20.00um]  (Soleus_Motor_Nerves_20um),Motor MRG Neuron,20.00um,L5_sciatic,DV-I - Reversed,30,0.796875,79.68750000000001,node[120]
417,Nerve_root_S1_sciatic_muscular_branches_of_nerve_tibial_left_02 [Sensory MRG Neuron 10.00um]  (Soleus_Sensory_Nerves_10um),Sensory MRG Neuron,10.00um,S1_sciatic,DV-I - Reversed,30,0.796875,79.68750000000001,node[129]
302,Nerve_root_L5_sciatic_nerve_tibial_left_03 [Motor MRG Neuron 20.00um]  (Soleus_Motor_Nerves_20um),Motor MRG Neuron,20.00um,L5_sciatic,DV-I - Reversed,30,0.796875,79.68750000000001,node[120]
477,Nerve_root_S1_sciatic_nerve_tibial_left_03 [Sensory MRG Neuron 10.00um]  (Soleus_Sensory_Nerves_10um),Sensory MRG Neuron,10.00um,S1_sciatic,DV-I - Reversed,30,0.796875,79.68750000000001,node[129]
296,Nerve_root_L5_sciatic_nerve_tibial_left_02 [Motor MRG Neuron 20.00um]  (Soleus_Motor_Nerves_20um),Motor MRG Neuron,20.00um,L5_sciatic,DV-I - Reversed,30,0.796875,79.68750000000001,node[120]
489,Nerve_root_S1_sciatic_nerve_tibial_left_05 [Sensory MRG Neuron 10.00um]  (Soleus_Sensory_Nerves_10um),Sensory MRG Neuron,10.00um,S1_sciatic,DV-I - Reversed,30,0.796875,79.68750000000001,node[129]
356,Nerve_root_L5_sciatic_nerve_tibial_right_07 [Motor MRG Neuron 20.00um]  (Soleus_Motor_Nerves_20um),Motor MRG Neuron,20.00um,L5_sciatic,DV-I - Reversed,30,0.8046875,80.46875,node[98]
320,Nerve_root_L5_sciatic_nerve_tibial_right_01 [Motor MRG Neuron 20.00um]  (Soleus_Motor_Nerves_20um),Motor MRG Neuron,20.00um,L5_sciatic,DV-I - Reversed,30,0.8046875,80.46875,node[98]
326,Nerve_root_L5_sciatic_nerve_tibial_right_02 [Motor MRG Neuron 20.00um]  (Soleus_Motor_Nerves_20um),Motor MRG Neuron,20.00um,L5_sciatic,DV-I - Reversed,30,0.8046875,80.46875,node[98]
332,Nerve_root_L5_sciatic_nerve_tibial_right_03 [Motor MRG Neuron 20.00um]  (Soleus_Motor_Nerves_20um),Motor MRG Neuron,20.00um,L5_sciatic,DV-I - Reversed,30,0.8046875,80.46875,node[98]
224,Nerve_root_L5_muscular_branches_of_nerve_sciatic_right_03 [Motor MRG Neuron 20.00um]  (Soleus_Motor_Nerves_20um),Motor MRG Neuron,20.00um,L5_muscular,DV-I - Reversed,30,0.8046875,80.46875,node[98]
284,Nerve_root_L5_sciatic_muscular_branches_of_nerve_tibial_right_04 [Motor MRG Neuron 20.00um]  (Soleus_Motor_Nerves_20um),Motor MRG Neuron,20.00um,L5_sciatic,DV-I - Reversed,30,0.8046875,80.46875,node[98]
338,Nerve_root_L5_sciatic_nerve_tibial_right_04 [Motor MRG Neuron 20.00um]  (Soleus_Motor_Nerves_20um),Motor MRG Neuron,20.00um,L5_sciatic,DV-I - Reversed,30,0.8046875,80.46875,node[98]
218,Nerve_root_L5_muscular_branches_of_nerve_sciatic_right_02 [Motor MRG Neuron 20.00um]  (Soleus_Motor_Nerves_20um),Motor MRG Neuron,20.00um,L5_muscular,DV-I - Reversed,30,0.8046875,80.46875,node[98]
278,Nerve_root_L5_sciatic_muscular_branches_of_nerve_tibial_right_03 [Motor MRG Neuron 20.00um]  (Soleus_Motor_Nerves_20um),Motor MRG Neuron,20.00um,L5_sciatic,DV-I - Reversed,30,0.8046875,80.46875,node[98]
230,Nerve_root_L5_muscular_branches_of_nerve_sciatic_right_04 [Motor MRG Neuron 20.00um]  (Soleus_Motor_Nerves_20um),Motor MRG Neuron,20.00um,L5_muscular,DV-I - Reversed,30,0.8046875,80.46875,node[98]
212,Nerve_root_L5_muscular_branches_of_nerve_sciatic_right_01 [Motor MRG Neuron 20.00um]  (Soleus_Motor_Nerves_20um),Motor MRG Neuron,20.00um,L5_muscular,DV-I - Reversed,30,0.8046875,80.46875,node[98]
272,Nerve_root_L5_sciatic_muscular_branches_of_nerve_tibial_right_02 [Motor MRG Neuron 20.00um]  (Soleus_Motor_Nerves_20um),Motor MRG Neuron,20.00um,L5_sciatic,DV-I - Reversed,30,0.8046875,80.46875,node[98]
350,Nerve_root_L5_sciatic_nerve_tibial_right_06 [Motor MRG Neuron 20.00um]  (Soleus_Motor_Nerves_20um),Motor MRG Neuron,20.00um,L5_sciatic,DV-I - Reversed,30,0.8046875,80.46875,node[98]
266,Nerve_root_L5_sciatic_muscular_branches_of_nerve_tibial_right_01 [Motor MRG Neuron 20.00um]  (Soleus_Motor_Nerves_20um),Motor MRG Neuron,20.00um,L5_sciatic,DV-I - Reversed,30,0.8046875,80.46875,node[98]
344,Nerve_root_L5_sciatic_nerve_tibial_right_05 [Motor MRG Neuron 20.00um]  (Soleus_Motor_Nerves_20um),Motor MRG Neuron,20.00um,L5_sciatic,DV-I - Reversed,30,0.8046875,80.46875,node[98]
189,Nerve_root_L5_muscular_branches_of_nerve_sciatic_left_02 [Sensory MRG Neuron 10.00um]  (Soleus_Sensory_Nerves_10um),Sensory MRG Neuron,10.00um,L5_muscular,DV-I - Reversed,30,0.8984375,89.84375,node[484]
195,Nerve_root_L5_muscular_branches_of_nerve_sciatic_left_03 [Sensory MRG Neuron 10.00um]  (Soleus_Sensory_Nerves_10um),Sensory MRG Neuron,10.00um,L5_muscular,DV-I - Reversed,30,0.921875,92.1875,node[185]
578,Nerve_root_S2_muscular_branches_of_nerve_sciatic_right_03 [Motor MRG Neuron 20.00um]  (Soleus_Motor_Nerves_20um),Motor MRG Neuron,20.00um,S2_muscular,DV-I - Reversed,30,0.921875,92.1875,node[116]
584,Nerve_root_S2_muscular_branches_of_nerve_sciatic_right_04 [Motor MRG Neuron 20.00um]  (Soleus_Motor_Nerves_20um),Motor MRG Neuron,20.00um,S2_muscular,DV-I - Reversed,30,0.921875,92.1875,node[116]
692,Nerve_root_S2_sciatic_nerve_tibial_right_04 [Motor MRG Neuron 20.00um]  (Soleus_Motor_Nerves_20um),Motor MRG Neuron,20.00um,S2_sciatic,DV-I - Reversed,30,0.9296875,92.96875,node[116]
698,Nerve_root_S2_sciatic_nerve_tibial_right_05 [Motor MRG Neuron 20.00um]  (Soleus_Motor_Nerves_20um),Motor MRG Neuron,20.00um,S2_sciatic,DV-I - Reversed,30,0.9296875,92.96875,node[116]
674,Nerve_root_S2_sciatic_nerve_tibial_right_01 [Motor MRG Neuron 20.00um]  (Soleus_Motor_Nerves_20um),Motor MRG Neuron,20.00um,S2_sciatic,DV-I - Reversed,30,0.9296875,92.96875,node[116]
566,Nerve_root_S2_muscular_branches_of_nerve_sciatic_right_01 [Motor MRG Neuron 20.00um]  (Soleus_Motor_Nerves_20um),Motor MRG Neuron,20.00um,S2_muscular,DV-I - Reversed,30,0.9296875,92.96875,node[116]
572,Nerve_root_S2_muscular_branches_of_nerve_sciatic_right_02 [Motor MRG Neuron 20.00um]  (Soleus_Motor_Nerves_20um),Motor MRG Neuron,20.00um,S2_muscular,DV-I - Reversed,30,0.9296875,92.96875,node[117]
620,Nerve_root_S2_sciatic_muscular_branches_of_nerve_tibial_right_01 [Motor MRG Neuron 20.00um]  (Soleus_Motor_Nerves_20um),Motor MRG Neuron,20.00um,S2_sciatic,DV-I - Reversed,30,0.9296875,92.96875,node[116]
710,Nerve_root_S2_sciatic_nerve_tibial_right_07 [Motor MRG Neuron 20.00um]  (Soleus_Motor_Nerves_20um),Motor MRG Neuron,20.00um,S2_sciatic,DV-I - Reversed,30,0.9296875,92.96875,node[116]
626,Nerve_root_S2_sciatic_muscular_branches_of_nerve_tibial_right_02 [Motor MRG Neuron 20.00um]  (Soleus_Motor_Nerves_20um),Motor MRG Neuron,20.00um,S2_sciatic,DV-I - Reversed,30,0.9296875,92.96875,node[116]
680,Nerve_root_S2_sciatic_nerve_tibial_right_02 [Motor MRG Neuron 20.00um]  (Soleus_Motor_Nerves_20um),Motor MRG Neuron,20.00um,S2_sciatic,DV-I - Reversed,30,0.9296875,92.96875,node[116]
632,Nerve_root_S2_sciatic_muscular_branches_of_nerve_tibial_right_03 [Motor MRG Neuron 20.00um]  (Soleus_Motor_Nerves_20um),Motor MRG Neuron,20.00um,S2_sciatic,DV-I - Reversed,30,0.9296875,92.96875,node[117]
638,Nerve_root_S2_sciatic_muscular_branches_of_nerve_tibial_right_04 [Motor MRG Neuron 20.00um]  (Soleus_Motor_Nerves_20um),Motor MRG Neuron,20.00um,S2_sciatic,DV-I - Reversed,30,0.9296875,92.96875,node[116]
686,Nerve_root_S2_sciatic_nerve_tibial_right_03 [Motor MRG Neuron 20.00um]  (Soleus_Motor_Nerves_20um),Motor MRG Neuron,20.00um,S2_sciatic,DV-I - Reversed,30,0.9296875,92.96875,node[116]
704,Nerve_root_S2_sciatic_nerve_tibial_right_06 [Motor MRG Neuron 20.00um]  (Soleus_Motor_Nerves_20um),Motor MRG Neuron,20.00um,S2_sciatic,DV-I - Reversed,30,0.9296875,92.96875,node[116]
655,Nerve_root_S2_sciatic_nerve_tibial_left_03 [Motor MRG Neuron 15.00um]  (Soleus_Motor_Nerves_15um),Motor MRG Neuron,15.00um,S2_sciatic,DV-I - Reversed,30,0.9375,93.75,node[139]
535,Nerve_root_S2_muscular_branches_of_nerve_sciatic_left_01 [Motor MRG Neuron 15.00um]  (Soleus_Motor_Nerves_15um),Motor MRG Neuron,15.00um,S2_muscular,DV-I - Reversed,30,0.9375,93.75,node[139]
649,Nerve_root_S2_sciatic_nerve_tibial_left_02 [Motor MRG Neuron 15.00um]  (Soleus_Motor_Nerves_15um),Motor MRG Neuron,15.00um,S2_sciatic,DV-I - Reversed,30,0.9375,93.75,node[139]
553,Nerve_root_S2_muscular_branches_of_nerve_sciatic_left_04 [Motor MRG Neuron 15.00um]  (Soleus_Motor_Nerves_15um),Motor MRG Neuron,15.00um,S2_muscular,DV-I - Reversed,30,0.9375,93.75,node[139]
589,Nerve_root_S2_sciatic_muscular_branches_of_nerve_tibial_left_01 [Motor MRG Neuron 15.00um]  (Soleus_Motor_Nerves_15um),Motor MRG Neuron,15.00um,S2_sciatic,DV-I - Reversed,30,0.9375,93.75,node[139]
661,Nerve_root_S2_sciatic_nerve_tibial_left_04 [Motor MRG Neuron 15.00um]  (Soleus_Motor_Nerves_15um),Motor MRG Neuron,15.00um,S2_sciatic,DV-I - Reversed,30,0.9375,93.75,node[139]
595,Nerve_root_S2_sciatic_muscular_branches_of_nerve_tibial_left_02 [Motor MRG Neuron 15.00um]  (Soleus_Motor_Nerves_15um),Motor MRG Neuron,15.00um,S2_sciatic,DV-I - Reversed,30,0.9375,93.75,node[139]
667,Nerve_root_S2_sciatic_nerve_tibial_left_05 [Motor MRG Neuron 15.00um]  (Soleus_Motor_Nerves_15um),Motor MRG Neuron,15.00um,S2_sciatic,DV-I - Reversed,30,0.9375,93.75,node[139]
547,Nerve_root_S2_muscular_branches_of_nerve_sciatic_left_03 [Motor MRG Neuron 15.00um]  (Soleus_Motor_Nerves_15um),Motor MRG Neuron,15.00um,S2_muscular,DV-I - Reversed,30,0.9375,93.75,node[139]
643,Nerve_root_S2_sciatic_nerve_tibial_left_01 [Motor MRG Neuron 15.00um]  (Soleus_Motor_Nerves_15um),Motor MRG Neuron,15.00um,S2_sciatic,DV-I - Reversed,30,0.9375,93.75,node[139]
601,Nerve_root_S2_sciatic_muscular_branches_of_nerve_tibial_left_03 [Motor MRG Neuron 15.00um]  (Soleus_Motor_Nerves_15um),Motor MRG Neuron,15.00um,S2_sciatic,DV-I - Reversed,30,0.9375,93.75,node[139]
607,Nerve_root_S2_sciatic_muscular_branches_of_nerve_tibial_left_04 [Motor MRG Neuron 15.00um]  (Soleus_Motor_Nerves_15um),Motor MRG Neuron,15.00um,S2_sciatic,DV-I - Reversed,30,0.9375,93.75,node[139]
541,Nerve_root_S2_muscular_branches_of_nerve_sciatic_left_02 [Motor MRG Neuron 15.00um]  (Soleus_Motor_Nerves_15um),Motor MRG Neuron,15.00um,S2_muscular,DV-I - Reversed,30,0.9375,93.75,node[139]
613,Nerve_root_S2_sciatic_muscular_branches_of_nerve_tibial_left_05 [Motor MRG Neuron 15.00um]  (Soleus_Motor_Nerves_15um),Motor MRG Neuron,15.00um,S2_sciatic,DV-I - Reversed,30,0.9375,93.75,node[139]
559,Nerve_root_S2_muscular_branches_of_nerve_sciatic_left_05 [Motor MRG Neuron 15.00um]  (Soleus_Motor_Nerves_15um),Motor MRG Neuron,15.00um,S2_muscular,DV-I - Reversed,30,0.9453125,94.53125000000001,node[139]
249,Nerve_root_L5_sciatic_muscular_branches_of_nerve_tibial_left_03 [Sensory MRG Neuron 10.00um]  (Soleus_Sensory_Nerves_10um),Sensory MRG Neuron,10.00um,L5_sciatic,DV-I - Reversed,30,0.9453125,94.53125000000001,node[198]
237,Nerve_root_L5_sciatic_muscular_branches_of_nerve_tibial_left_01 [Sensory MRG Neuron 10.00um]  (Soleus_Sensory_Nerves_10um),Sensory MRG Neuron,10.00um,L5_sciatic,DV-I - Reversed,30,0.9453125,94.53125000000001,node[198]
207,Nerve_root_L5_muscular_branches_of_nerve_sciatic_left_05 [Sensory MRG Neuron 10.00um]  (Soleus_Sensory_Nerves_10um),Sensory MRG Neuron,10.00um,L5_muscular,DV-I - Reversed,30,0.953125,95.31250000000001,node[197]
201,Nerve_root_L5_muscular_branches_of_nerve_sciatic_left_04 [Sensory MRG Neuron 10.00um]  (Soleus_Sensory_Nerves_10um),Sensory MRG Neuron,10.00um,L5_muscular,DV-I - Reversed,30,0.953125,95.31250000000001,node[197]
495,Nerve_root_S1_sciatic_nerve_tibial_right_01 [Sensory MRG Neuron 10.00um]  (Soleus_Sensory_Nerves_10um),Sensory MRG Neuron,10.00um,S1_sciatic,DV-I - Reversed,30,0.9609375,96.09375,node[248]
309,Nerve_root_L5_sciatic_nerve_tibial_left_04 [Sensory MRG Neuron 10.00um]  (Soleus_Sensory_Nerves_10um),Sensory MRG Neuron,10.00um,L5_sciatic,DV-I - Reversed,30,0.9609375,96.09375,node[198]
501,Nerve_root_S1_sciatic_nerve_tibial_right_02 [Sensory MRG Neuron 10.00um]  (Soleus_Sensory_Nerves_10um),Sensory MRG Neuron,10.00um,S1_sciatic,DV-I - Reversed,30,0.9609375,96.09375,node[248]
519,Nerve_root_S1_sciatic_nerve_tibial_right_05 [Sensory MRG Neuron 10.00um]  (Soleus_Sensory_Nerves_10um),Sensory MRG Neuron,10.00um,S1_sciatic,DV-I - Reversed,30,0.9609375,96.09375,node[248]
303,Nerve_root_L5_sciatic_nerve_tibial_left_03 [Sensory MRG Neuron 10.00um]  (Soleus_Sensory_Nerves_10um),Sensory MRG Neuron,10.00um,L5_sciatic,DV-I - Reversed,30,0.9609375,96.09375,node[198]
297,Nerve_root_L5_sciatic_nerve_tibial_left_02 [Sensory MRG Neuron 10.00um]  (Soleus_Sensory_Nerves_10um),Sensory MRG Neuron,10.00um,L5_sciatic,DV-I - Reversed,30,0.9609375,96.09375,node[198]
459,Nerve_root_S1_sciatic_muscular_branches_of_nerve_tibial_right_04 [Sensory MRG Neuron 10.00um]  (Soleus_Sensory_Nerves_10um),Sensory MRG Neuron,10.00um,S1_sciatic,DV-I - Reversed,30,0.9609375,96.09375,node[248]
315,Nerve_root_L5_sciatic_nerve_tibial_left_05 [Sensory MRG Neuron 10.00um]  (Soleus_Sensory_Nerves_10um),Sensory MRG Neuron,10.00um,L5_sciatic,DV-I - Reversed,30,0.9609375,96.09375,node[198]
291,Nerve_root_L5_sciatic_nerve_tibial_left_01 [Sensory MRG Neuron 10.00um]  (Soleus_Sensory_Nerves_10um),Sensory MRG Neuron,10.00um,L5_sciatic,DV-I - Reversed,30,0.9609375,96.09375,node[198]
243,Nerve_root_L5_sciatic_muscular_branches_of_nerve_tibial_left_02 [Sensory MRG Neuron 10.00um]  (Soleus_Sensory_Nerves_10um),Sensory MRG Neuron,10.00um,L5_sciatic,DV-I - Reversed,30,0.9609375,96.09375,node[198]
525,Nerve_root_S1_sciatic_nerve_tibial_right_06 [Sensory MRG Neuron 10.00um]  (Soleus_Sensory_Nerves_10um),Sensory MRG Neuron,10.00um,S1_sciatic,DV-I - Reversed,30,0.9609375,96.09375,node[248]
441,Nerve_root_S1_sciatic_muscular_branches_of_nerve_tibial_right_01 [Sensory MRG Neuron 10.00um]  (Soleus_Sensory_Nerves_10um),Sensory MRG Neuron,10.00um,S1_sciatic,DV-I - Reversed,30,0.9609375,96.09375,node[248]
255,Nerve_root_L5_sciatic_muscular_branches_of_nerve_tibial_left_04 [Sensory MRG Neuron 10.00um]  (Soleus_Sensory_Nerves_10um),Sensory MRG Neuron,10.00um,L5_sciatic,DV-I - Reversed,30,0.9609375,96.09375,node[198]
261,Nerve_root_L5_sciatic_muscular_branches_of_nerve_tibial_left_05 [Sensory MRG Neuron 10.00um]  (Soleus_Sensory_Nerves_10um),Sensory MRG Neuron,10.00um,L5_sciatic,DV-I - Reversed,30,0.9609375,96.09375,node[198]
513,Nerve_root_S1_sciatic_nerve_tibial_right_04 [Sensory MRG Neuron 10.00um]  (Soleus_Sensory_Nerves_10um),Sensory MRG Neuron,10.00um,S1_sciatic,DV-I - Reversed,30,0.9609375,96.09375,node[248]
507,Nerve_root_S1_sciatic_nerve_tibial_right_03 [Sensory MRG Neuron 10.00um]  (Soleus_Sensory_Nerves_10um),Sensory MRG Neuron,10.00um,S1_sciatic,DV-I - Reversed,30,0.9609375,96.09375,node[248]
447,Nerve_root_S1_sciatic_muscular_branches_of_nerve_tibial_right_02 [Sensory MRG Neuron 10.00um]  (Soleus_Sensory_Nerves_10um),Sensory MRG Neuron,10.00um,S1_sciatic,DV-I - Reversed,30,0.9609375,96.09375,node[248]
531,Nerve_root_S1_sciatic_nerve_tibial_right_07 [Sensory MRG Neuron 10.00um]  (Soleus_Sensory_Nerves_10um),Sensory MRG Neuron,10.00um,S1_sciatic,DV-I - Reversed,30,0.9609375,96.09375,node[248]
405,Nerve_root_S1_muscular_branches_of_nerve_sciatic_right_04 [Sensory MRG Neuron 10.00um]  (Soleus_Sensory_Nerves_10um),Sensory MRG Neuron,10.00um,S1_muscular,DV-I - Reversed,30,0.96875,96.875,node[248]
585,Nerve_root_S2_muscular_branches_of_nerve_sciatic_right_04 [Sensory MRG Neuron 10.00um]  (Soleus_Sensory_Nerves_10um),Sensory MRG Neuron,10.00um,S2_muscular,DV-I - Reversed,30,0.96875,96.875,node[281]
567,Nerve_root_S2_muscular_branches_of_nerve_sciatic_right_01 [Sensory MRG Neuron 10.00um]  (Soleus_Sensory_Nerves_10um),Sensory MRG Neuron,10.00um,S2_muscular,DV-I - Reversed,30,0.96875,96.875,node[279]
183,Nerve_root_L5_muscular_branches_of_nerve_sciatic_left_01 [Sensory MRG Neuron 10.00um]  (Soleus_Sensory_Nerves_10um),Sensory MRG Neuron,10.00um,L5_muscular,DV-I - Reversed,30,0.96875,96.875,node[198]
693,Nerve_root_S2_sciatic_nerve_tibial_right_04 [Sensory MRG Neuron 10.00um]  (Soleus_Sensory_Nerves_10um),Sensory MRG Neuron,10.00um,S2_sciatic,DV-I - Reversed,30,0.9765625,97.65625,node[281]
150,Nerve_root_L4_L5_sciatic_nerve_tibial_right_03 [Motor MRG Neuron 10.00um]  (Soleus_Motor_Nerves_10um),Motor MRG Neuron,10.00um,L4_L5,DV-I - Reversed,30,0.9765625,97.65625,node[111]
42,Nerve_root_L4_L5_muscular_branches_of_nerve_sciatic_right_03 [Motor MRG Neuron 10.00um]  (Soleus_Motor_Nerves_10um),Motor MRG Neuron,10.00um,L4_L5,DV-I - Reversed,30,0.9765625,97.65625,node[111]
84,Nerve_root_L4_L5_sciatic_muscular_branches_of_nerve_tibial_right_01 [Motor MRG Neuron 10.00um]  (Soleus_Motor_Nerves_10um),Motor MRG Neuron,10.00um,L4_L5,DV-I - Reversed,30,0.9765625,97.65625,node[111]
174,Nerve_root_L4_L5_sciatic_nerve_tibial_right_07 [Motor MRG Neuron 10.00um]  (Soleus_Motor_Nerves_10um),Motor MRG Neuron,10.00um,L4_L5,DV-I - Reversed,30,0.9765625,97.65625,node[111]
156,Nerve_root_L4_L5_sciatic_nerve_tibial_right_04 [Motor MRG Neuron 10.00um]  (Soleus_Motor_Nerves_10um),Motor MRG Neuron,10.00um,L4_L5,DV-I - Reversed,30,0.9765625,97.65625,node[111]
699,Nerve_root_S2_sciatic_nerve_tibial_right_05 [Sensory MRG Neuron 10.00um]  (Soleus_Sensory_Nerves_10um),Sensory MRG Neuron,10.00um,S2_sciatic,DV-I - Reversed,30,0.9765625,97.65625,node[281]
387,Nerve_root_S1_muscular_branches_of_nerve_sciatic_right_01 [Sensory MRG Neuron 10.00um]  (Soleus_Sensory_Nerves_10um),Sensory MRG Neuron,10.00um,S1_muscular,DV-I - Reversed,30,0.9765625,97.65625,node[270]
96,Nerve_root_L4_L5_sciatic_muscular_branches_of_nerve_tibial_right_03 [Motor MRG Neuron 10.00um]  (Soleus_Motor_Nerves_10um),Motor MRG Neuron,10.00um,L4_L5,DV-I - Reversed,30,0.9765625,97.65625,node[111]
90,Nerve_root_L4_L5_sciatic_muscular_branches_of_nerve_tibial_right_02 [Motor MRG Neuron 10.00um]  (Soleus_Motor_Nerves_10um),Motor MRG Neuron,10.00um,L4_L5,DV-I - Reversed,30,0.9765625,97.65625,node[111]
711,Nerve_root_S2_sciatic_nerve_tibial_right_07 [Sensory MRG Neuron 10.00um]  (Soleus_Sensory_Nerves_10um),Sensory MRG Neuron,10.00um,S2_sciatic,DV-I - Reversed,30,0.9765625,97.65625,node[281]
621,Nerve_root_S2_sciatic_muscular_branches_of_nerve_tibial_right_01 [Sensory MRG Neuron 10.00um]  (Soleus_Sensory_Nerves_10um),Sensory MRG Neuron,10.00um,S2_sciatic,DV-I - Reversed,30,0.9765625,97.65625,node[281]
687,Nerve_root_S2_sciatic_nerve_tibial_right_03 [Sensory MRG Neuron 10.00um]  (Soleus_Sensory_Nerves_10um),Sensory MRG Neuron,10.00um,S2_sciatic,DV-I - Reversed,30,0.9765625,97.65625,node[281]
102,Nerve_root_L4_L5_sciatic_muscular_branches_of_nerve_tibial_right_04 [Motor MRG Neuron 10.00um]  (Soleus_Motor_Nerves_10um),Motor MRG Neuron,10.00um,L4_L5,DV-I - Reversed,30,0.9765625,97.65625,node[111]
168,Nerve_root_L4_L5_sciatic_nerve_tibial_right_06 [Motor MRG Neuron 10.00um]  (Soleus_Motor_Nerves_10um),Motor MRG Neuron,10.00um,L4_L5,DV-I - Reversed,30,0.9765625,97.65625,node[111]
144,Nerve_root_L4_L5_sciatic_nerve_tibial_right_02 [Motor MRG Neuron 10.00um]  (Soleus_Motor_Nerves_10um),Motor MRG Neuron,10.00um,L4_L5,DV-I - Reversed,30,0.9765625,97.65625,node[111]
627,Nerve_root_S2_sciatic_muscular_branches_of_nerve_tibial_right_02 [Sensory MRG Neuron 10.00um]  (Soleus_Sensory_Nerves_10um),Sensory MRG Neuron,10.00um,S2_sciatic,DV-I - Reversed,30,0.9765625,97.65625,node[281]
36,Nerve_root_L4_L5_muscular_branches_of_nerve_sciatic_right_02 [Motor MRG Neuron 10.00um]  (Soleus_Motor_Nerves_10um),Motor MRG Neuron,10.00um,L4_L5,DV-I - Reversed,30,0.9765625,97.65625,node[111]
579,Nerve_root_S2_muscular_branches_of_nerve_sciatic_right_03 [Sensory MRG Neuron 10.00um]  (Soleus_Sensory_Nerves_10um),Sensory MRG Neuron,10.00um,S2_muscular,DV-I - Reversed,30,0.9765625,97.65625,node[281]
138,Nerve_root_L4_L5_sciatic_nerve_tibial_right_01 [Motor MRG Neuron 10.00um]  (Soleus_Motor_Nerves_10um),Motor MRG Neuron,10.00um,L4_L5,DV-I - Reversed,30,0.9765625,97.65625,node[111]
681,Nerve_root_S2_sciatic_nerve_tibial_right_02 [Sensory MRG Neuron 10.00um]  (Soleus_Sensory_Nerves_10um),Sensory MRG Neuron,10.00um,S2_sciatic,DV-I - Reversed,30,0.9765625,97.65625,node[281]
633,Nerve_root_S2_sciatic_muscular_branches_of_nerve_tibial_right_03 [Sensory MRG Neuron 10.00um]  (Soleus_Sensory_Nerves_10um),Sensory MRG Neuron,10.00um,S2_sciatic,DV-I - Reversed,30,0.9765625,97.65625,node[258]
162,Nerve_root_L4_L5_sciatic_nerve_tibial_right_05 [Motor MRG Neuron 10.00um]  (Soleus_Motor_Nerves_10um),Motor MRG Neuron,10.00um,L4_L5,DV-I - Reversed,30,0.9765625,97.65625,node[111]
675,Nerve_root_S2_sciatic_nerve_tibial_right_01 [Sensory MRG Neuron 10.00um]  (Soleus_Sensory_Nerves_10um),Sensory MRG Neuron,10.00um,S2_sciatic,DV-I - Reversed,30,0.9765625,97.65625,node[281]
639,Nerve_root_S2_sciatic_muscular_branches_of_nerve_tibial_right_04 [Sensory MRG Neuron 10.00um]  (Soleus_Sensory_Nerves_10um),Sensory MRG Neuron,10.00um,S2_sciatic,DV-I - Reversed,30,0.9765625,97.65625,node[281]
705,Nerve_root_S2_sciatic_nerve_tibial_right_06 [Sensory MRG Neuron 10.00um]  (Soleus_Sensory_Nerves_10um),Sensory MRG Neuron,10.00um,S2_sciatic,DV-I - Reversed,30,0.9765625,97.65625,node[281]
398,Nerve_root_S1_muscular_branches_of_nerve_sciatic_right_03 [Motor MRG Neuron 20.00um]  (Soleus_Motor_Nerves_20um),Motor MRG Neuron,20.00um,S1_muscular,DV-I - Reversed,30,0.984375,98.43750000000001,node[167]
48,Nerve_root_L4_L5_muscular_branches_of_nerve_sciatic_right_04 [Motor MRG Neuron 10.00um]  (Soleus_Motor_Nerves_10um),Motor MRG Neuron,10.00um,L4_L5,DV-I - Reversed,30,0.984375,98.43750000000001,node[111]
399,Nerve_root_S1_muscular_branches_of_nerve_sciatic_right_03 [Sensory MRG Neuron 10.00um]  (Soleus_Sensory_Nerves_10um),Sensory MRG Neuron,10.00um,S1_muscular,DV-I - Reversed,30,0.984375,98.43750000000001,node[269]
386,Nerve_root_S1_muscular_branches_of_nerve_sciatic_right_01 [Motor MRG Neuron 20.00um]  (Soleus_Motor_Nerves_20um),Motor MRG Neuron,20.00um,S1_muscular,DV-I - Reversed,30,0.984375,98.43750000000001,node[166]
392,Nerve_root_S1_muscular_branches_of_nerve_sciatic_right_02 [Motor MRG Neuron 20.00um]  (Soleus_Motor_Nerves_20um),Motor MRG Neuron,20.00um,S1_muscular,DV-I - Reversed,30,0.984375,98.43750000000001,node[166]
453,Nerve_root_S1_sciatic_muscular_branches_of_nerve_tibial_right_03 [Sensory MRG Neuron 10.00um]  (Soleus_Sensory_Nerves_10um),Sensory MRG Neuron,10.00um,S1_sciatic,DV-I - Reversed,30,0.984375,98.43750000000001,node[248]
404,Nerve_root_S1_muscular_branches_of_nerve_sciatic_right_04 [Motor MRG Neuron 20.00um]  (Soleus_Motor_Nerves_20um),Motor MRG Neuron,20.00um,S1_muscular,DV-I - Reversed,30,1.0,100.0,node[168]
440,Nerve_root_S1_sciatic_muscular_branches_of_nerve_tibial_right_01 [Motor MRG Neuron 20.00um]  (Soleus_Motor_Nerves_20um),Motor MRG Neuron,20.00um,S1_sciatic,DV-I - Reversed,30,1.0,100.0,node[167]
512,Nerve_root_S1_sciatic_nerve_tibial_right_04 [Motor MRG Neuron 20.00um]  (Soleus_Motor_Nerves_20um),Motor MRG Neuron,20.00um,S1_sciatic,DV-I - Reversed,30,1.0,100.0,node[167]
458,Nerve_root_S1_sciatic_muscular_branches_of_nerve_tibial_right_04 [Motor MRG Neuron 20.00um]  (Soleus_Motor_Nerves_20um),Motor MRG Neuron,20.00um,S1_sciatic,DV-I - Reversed,30,1.0,100.0,node[167]
500,Nerve_root_S1_sciatic_nerve_tibial_right_02 [Motor MRG Neuron 20.00um]  (Soleus_Motor_Nerves_20um),Motor MRG Neuron,20.00um,S1_sciatic,DV-I - Reversed,30,1.0,100.0,node[167]
446,Nerve_root_S1_sciatic_muscular_branches_of_nerve_tibial_right_02 [Motor MRG Neuron 20.00um]  (Soleus_Motor_Nerves_20um),Motor MRG Neuron,20.00um,S1_sciatic,DV-I - Reversed,30,1.0,100.0,node[167]
494,Nerve_root_S1_sciatic_nerve_tibial_right_01 [Motor MRG Neuron 20.00um]  (Soleus_Motor_Nerves_20um),Motor MRG Neuron,20.00um,S1_sciatic,DV-I - Reversed,30,1.0,100.0,node[167]
506,Nerve_root_S1_sciatic_nerve_tibial_right_03 [Motor MRG Neuron 20.00um]  (Soleus_Motor_Nerves_20um),Motor MRG Neuron,20.00um,S1_sciatic,DV-I - Reversed,30,1.0,100.0,node[167]
530,Nerve_root_S1_sciatic_nerve_tibial_right_07 [Motor MRG Neuron 20.00um]  (Soleus_Motor_Nerves_20um),Motor MRG Neuron,20.00um,S1_sciatic,DV-I - Reversed,30,1.0,100.0,node[167]
518,Nerve_root_S1_sciatic_nerve_tibial_right_05 [Motor MRG Neuron 20.00um]  (Soleus_Motor_Nerves_20um),Motor MRG Neuron,20.00um,S1_sciatic,DV-I - Reversed,30,1.0,100.0,node[167]
524,Nerve_root_S1_sciatic_nerve_tibial_right_06 [Motor MRG Neuron 20.00um]  (Soleus_Motor_Nerves_20um),Motor MRG Neuron,20.00um,S1_sciatic,DV-I - Reversed,30,1.0,100.0,node[167]
452,Nerve_root_S1_sciatic_muscular_branches_of_nerve_tibial_right_03 [Motor MRG Neuron 20.00um]  (Soleus_Motor_Nerves_20um),Motor MRG Neuron,20.00um,S1_sciatic,DV-I - Reversed,30,1.0,100.0,node[167]
223,Nerve_root_L5_muscular_branches_of_nerve_sciatic_right_03 [Motor MRG Neuron 15.00um]  (Soleus_Motor_Nerves_15um),Motor MRG Neuron,15.00um,L5_muscular,DV-I - Reversed,30,1.0390625,103.90625,node[116]
319,Nerve_root_L5_sciatic_nerve_tibial_right_01 [Motor MRG Neuron 15.00um]  (Soleus_Motor_Nerves_15um),Motor MRG Neuron,15.00um,L5_sciatic,DV-I - Reversed,30,1.046875,104.6875,node[117]
277,Nerve_root_L5_sciatic_muscular_branches_of_nerve_tibial_right_03 [Motor MRG Neuron 15.00um]  (Soleus_Motor_Nerves_15um),Motor MRG Neuron,15.00um,L5_sciatic,DV-I - Reversed,30,1.046875,104.6875,node[117]
355,Nerve_root_L5_sciatic_nerve_tibial_right_07 [Motor MRG Neuron 15.00um]  (Soleus_Motor_Nerves_15um),Motor MRG Neuron,15.00um,L5_sciatic,DV-I - Reversed,30,1.046875,104.6875,node[117]
271,Nerve_root_L5_sciatic_muscular_branches_of_nerve_tibial_right_02 [Motor MRG Neuron 15.00um]  (Soleus_Motor_Nerves_15um),Motor MRG Neuron,15.00um,L5_sciatic,DV-I - Reversed,30,1.046875,104.6875,node[117]
211,Nerve_root_L5_muscular_branches_of_nerve_sciatic_right_01 [Motor MRG Neuron 15.00um]  (Soleus_Motor_Nerves_15um),Motor MRG Neuron,15.00um,L5_muscular,DV-I - Reversed,30,1.046875,104.6875,node[116]
265,Nerve_root_L5_sciatic_muscular_branches_of_nerve_tibial_right_01 [Motor MRG Neuron 15.00um]  (Soleus_Motor_Nerves_15um),Motor MRG Neuron,15.00um,L5_sciatic,DV-I - Reversed,30,1.046875,104.6875,node[117]
283,Nerve_root_L5_sciatic_muscular_branches_of_nerve_tibial_right_04 [Motor MRG Neuron 15.00um]  (Soleus_Motor_Nerves_15um),Motor MRG Neuron,15.00um,L5_sciatic,DV-I - Reversed,30,1.046875,104.6875,node[117]
217,Nerve_root_L5_muscular_branches_of_nerve_sciatic_right_02 [Motor MRG Neuron 15.00um]  (Soleus_Motor_Nerves_15um),Motor MRG Neuron,15.00um,L5_muscular,DV-I - Reversed,30,1.046875,104.6875,node[116]
349,Nerve_root_L5_sciatic_nerve_tibial_right_06 [Motor MRG Neuron 15.00um]  (Soleus_Motor_Nerves_15um),Motor MRG Neuron,15.00um,L5_sciatic,DV-I - Reversed,30,1.046875,104.6875,node[117]
337,Nerve_root_L5_sciatic_nerve_tibial_right_04 [Motor MRG Neuron 15.00um]  (Soleus_Motor_Nerves_15um),Motor MRG Neuron,15.00um,L5_sciatic,DV-I - Reversed,30,1.046875,104.6875,node[117]
229,Nerve_root_L5_muscular_branches_of_nerve_sciatic_right_04 [Motor MRG Neuron 15.00um]  (Soleus_Motor_Nerves_15um),Motor MRG Neuron,15.00um,L5_muscular,DV-I - Reversed,30,1.046875,104.6875,node[116]
343,Nerve_root_L5_sciatic_nerve_tibial_right_05 [Motor MRG Neuron 15.00um]  (Soleus_Motor_Nerves_15um),Motor MRG Neuron,15.00um,L5_sciatic,DV-I - Reversed,30,1.046875,104.6875,node[117]
331,Nerve_root_L5_sciatic_nerve_tibial_right_03 [Motor MRG Neuron 15.00um]  (Soleus_Motor_Nerves_15um),Motor MRG Neuron,15.00um,L5_sciatic,DV-I - Reversed,30,1.046875,104.6875,node[117]
325,Nerve_root_L5_sciatic_nerve_tibial_right_02 [Motor MRG Neuron 15.00um]  (Soleus_Motor_Nerves_15um),Motor MRG Neuron,15.00um,L5_sciatic,DV-I - Reversed,30,1.046875,104.6875,node[117]
368,Nerve_root_S1_muscular_branches_of_nerve_sciatic_left_02 [Motor MRG Neuron 20.00um]  (Soleus_Motor_Nerves_20um),Motor MRG Neuron,20.00um,S1_muscular,DV-I - Reversed,30,1.078125,107.8125,node[80]
380,Nerve_root_S1_muscular_branches_of_nerve_sciatic_left_05 [Motor MRG Neuron 20.00um]  (Soleus_Motor_Nerves_20um),Motor MRG Neuron,20.00um,S1_muscular,DV-I - Reversed,30,1.078125,107.8125,node[80]
374,Nerve_root_S1_muscular_branches_of_nerve_sciatic_left_04 [Motor MRG Neuron 20.00um]  (Soleus_Motor_Nerves_20um),Motor MRG Neuron,20.00um,S1_muscular,DV-I - Reversed,30,1.078125,107.8125,node[80]
362,Nerve_root_S1_muscular_branches_of_nerve_sciatic_left_01 [Motor MRG Neuron 20.00um]  (Soleus_Motor_Nerves_20um),Motor MRG Neuron,20.00um,S1_muscular,DV-I - Reversed,30,1.078125,107.8125,node[80]
410,Nerve_root_S1_sciatic_muscular_branches_of_nerve_tibial_left_01 [Motor MRG Neuron 20.00um]  (Soleus_Motor_Nerves_20um),Motor MRG Neuron,20.00um,S1_sciatic,DV-I - Reversed,30,1.1171875,111.71875,node[80]
464,Nerve_root_S1_sciatic_nerve_tibial_left_01 [Motor MRG Neuron 20.00um]  (Soleus_Motor_Nerves_20um),Motor MRG Neuron,20.00um,S1_sciatic,DV-I - Reversed,30,1.1171875,111.71875,node[80]
470,Nerve_root_S1_sciatic_nerve_tibial_left_02 [Motor MRG Neuron 20.00um]  (Soleus_Motor_Nerves_20um),Motor MRG Neuron,20.00um,S1_sciatic,DV-I - Reversed,30,1.1171875,111.71875,node[80]
476,Nerve_root_S1_sciatic_nerve_tibial_left_03 [Motor MRG Neuron 20.00um]  (Soleus_Motor_Nerves_20um),Motor MRG Neuron,20.00um,S1_sciatic,DV-I - Reversed,30,1.1171875,111.71875,node[80]
416,Nerve_root_S1_sciatic_muscular_branches_of_nerve_tibial_left_02 [Motor MRG Neuron 20.00um]  (Soleus_Motor_Nerves_20um),Motor MRG Neuron,20.00um,S1_sciatic,DV-I - Reversed,30,1.1171875,111.71875,node[80]
482,Nerve_root_S1_sciatic_nerve_tibial_left_04 [Motor MRG Neuron 20.00um]  (Soleus_Motor_Nerves_20um),Motor MRG Neuron,20.00um,S1_sciatic,DV-I - Reversed,30,1.1171875,111.71875,node[80]
422,Nerve_root_S1_sciatic_muscular_branches_of_nerve_tibial_left_03 [Motor MRG Neuron 20.00um]  (Soleus_Motor_Nerves_20um),Motor MRG Neuron,20.00um,S1_sciatic,DV-I - Reversed,30,1.1171875,111.71875,node[80]
434,Nerve_root_S1_sciatic_muscular_branches_of_nerve_tibial_left_05 [Motor MRG Neuron 20.00um]  (Soleus_Motor_Nerves_20um),Motor MRG Neuron,20.00um,S1_sciatic,DV-I - Reversed,30,1.1171875,111.71875,node[80]
488,Nerve_root_S1_sciatic_nerve_tibial_left_05 [Motor MRG Neuron 20.00um]  (Soleus_Motor_Nerves_20um),Motor MRG Neuron,20.00um,S1_sciatic,DV-I - Reversed,30,1.1171875,111.71875,node[80]
428,Nerve_root_S1_sciatic_muscular_branches_of_nerve_tibial_left_04 [Motor MRG Neuron 20.00um]  (Soleus_Motor_Nerves_20um),Motor MRG Neuron,20.00um,S1_sciatic,DV-I - Reversed,30,1.1171875,111.71875,node[80]
30,Nerve_root_L4_L5_muscular_branches_of_nerve_sciatic_right_01 [Motor MRG Neuron 10.00um]  (Soleus_Motor_Nerves_10um),Motor MRG Neuron,10.00um,L4_L5,DV-I - Reversed,30,1.1640625,116.40625,node[111]
199,Nerve_root_L5_muscular_branches_of_nerve_sciatic_left_04 [Motor MRG Neuron 15.00um]  (Soleus_Motor_Nerves_15um),Motor MRG Neuron,15.00um,L5_muscular,DV-I - Reversed,30,1.171875,117.1875,node[145]
235,Nerve_root_L5_sciatic_muscular_branches_of_nerve_tibial_left_01 [Motor MRG Neuron 15.00um]  (Soleus_Motor_Nerves_15um),Motor MRG Neuron,15.00um,L5_sciatic,DV-I - Reversed,30,1.1796875,117.96875000000001,node[145]
181,Nerve_root_L5_muscular_branches_of_nerve_sciatic_left_01 [Motor MRG Neuron 15.00um]  (Soleus_Motor_Nerves_15um),Motor MRG Neuron,15.00um,L5_muscular,DV-I - Reversed,30,1.1796875,117.96875000000001,node[144]
193,Nerve_root_L5_muscular_branches_of_nerve_sciatic_left_03 [Motor MRG Neuron 15.00um]  (Soleus_Motor_Nerves_15um),Motor MRG Neuron,15.00um,L5_muscular,DV-I - Reversed,30,1.1796875,117.96875000000001,node[144]
187,Nerve_root_L5_muscular_branches_of_nerve_sciatic_left_02 [Motor MRG Neuron 15.00um]  (Soleus_Motor_Nerves_15um),Motor MRG Neuron,15.00um,L5_muscular,DV-I - Reversed,30,1.1796875,117.96875000000001,node[144]
205,Nerve_root_L5_muscular_branches_of_nerve_sciatic_left_05 [Motor MRG Neuron 15.00um]  (Soleus_Motor_Nerves_15um),Motor MRG Neuron,15.00um,L5_muscular,DV-I - Reversed,30,1.1796875,117.96875000000001,node[145]
247,Nerve_root_L5_sciatic_muscular_branches_of_nerve_tibial_left_03 [Motor MRG Neuron 15.00um]  (Soleus_Motor_Nerves_15um),Motor MRG Neuron,15.00um,L5_sciatic,DV-I - Reversed,30,1.1875,118.75000000000001,node[145]
379,Nerve_root_S1_muscular_branches_of_nerve_sciatic_left_05 [Motor MRG Neuron 15.00um]  (Soleus_Motor_Nerves_15um),Motor MRG Neuron,15.00um,S1_muscular,DV-I - Reversed,30,1.1875,118.75000000000001,node[95]
259,Nerve_root_L5_sciatic_muscular_branches_of_nerve_tibial_left_05 [Motor MRG Neuron 15.00um]  (Soleus_Motor_Nerves_15um),Motor MRG Neuron,15.00um,L5_sciatic,DV-I - Reversed,30,1.1953125,119.53125,node[145]
313,Nerve_root_L5_sciatic_nerve_tibial_left_05 [Motor MRG Neuron 15.00um]  (Soleus_Motor_Nerves_15um),Motor MRG Neuron,15.00um,L5_sciatic,DV-I - Reversed,30,1.1953125,119.53125,node[145]
373,Nerve_root_S1_muscular_branches_of_nerve_sciatic_left_04 [Motor MRG Neuron 15.00um]  (Soleus_Motor_Nerves_15um),Motor MRG Neuron,15.00um,S1_muscular,DV-I - Reversed,30,1.1953125,119.53125,node[95]
307,Nerve_root_L5_sciatic_nerve_tibial_left_04 [Motor MRG Neuron 15.00um]  (Soleus_Motor_Nerves_15um),Motor MRG Neuron,15.00um,L5_sciatic,DV-I - Reversed,30,1.1953125,119.53125,node[145]
295,Nerve_root_L5_sciatic_nerve_tibial_left_02 [Motor MRG Neuron 15.00um]  (Soleus_Motor_Nerves_15um),Motor MRG Neuron,15.00um,L5_sciatic,DV-I - Reversed,30,1.1953125,119.53125,node[145]
289,Nerve_root_L5_sciatic_nerve_tibial_left_01 [Motor MRG Neuron 15.00um]  (Soleus_Motor_Nerves_15um),Motor MRG Neuron,15.00um,L5_sciatic,DV-I - Reversed,30,1.1953125,119.53125,node[145]
253,Nerve_root_L5_sciatic_muscular_branches_of_nerve_tibial_left_04 [Motor MRG Neuron 15.00um]  (Soleus_Motor_Nerves_15um),Motor MRG Neuron,15.00um,L5_sciatic,DV-I - Reversed,30,1.1953125,119.53125,node[145]
301,Nerve_root_L5_sciatic_nerve_tibial_left_03 [Motor MRG Neuron 15.00um]  (Soleus_Motor_Nerves_15um),Motor MRG Neuron,15.00um,L5_sciatic,DV-I - Reversed,30,1.1953125,119.53125,node[145]
241,Nerve_root_L5_sciatic_muscular_branches_of_nerve_tibial_left_02 [Motor MRG Neuron 15.00um]  (Soleus_Motor_Nerves_15um),Motor MRG Neuron,15.00um,L5_sciatic,DV-I - Reversed,30,1.1953125,119.53125,node[145]
361,Nerve_root_S1_muscular_branches_of_nerve_sciatic_left_01 [Motor MRG Neuron 15.00um]  (Soleus_Motor_Nerves_15um),Motor MRG Neuron,15.00um,S1_muscular,DV-I - Reversed,30,1.21875,121.87500000000001,node[95]
367,Nerve_root_S1_muscular_branches_of_nerve_sciatic_left_02 [Motor MRG Neuron 15.00um]  (Soleus_Motor_Nerves_15um),Motor MRG Neuron,15.00um,S1_muscular,DV-I - Reversed,30,1.21875,121.87500000000001,node[95]
391,Nerve_root_S1_muscular_branches_of_nerve_sciatic_right_02 [Motor MRG Neuron 15.00um]  (Soleus_Motor_Nerves_15um),Motor MRG Neuron,15.00um,S1_muscular,DV-I - Reversed,30,1.2265625,122.65625000000001,node[248]
571,Nerve_root_S2_muscular_branches_of_nerve_sciatic_right_02 [Motor MRG Neuron 15.00um]  (Soleus_Motor_Nerves_15um),Motor MRG Neuron,15.00um,S2_muscular,DV-I - Reversed,30,1.234375,123.4375,node[256]
421,Nerve_root_S1_sciatic_muscular_branches_of_nerve_tibial_left_03 [Motor MRG Neuron 15.00um]  (Soleus_Motor_Nerves_15um),Motor MRG Neuron,15.00um,S1_sciatic,DV-I - Reversed,30,1.25,125.0,node[95]
469,Nerve_root_S1_sciatic_nerve_tibial_left_02 [Motor MRG Neuron 15.00um]  (Soleus_Motor_Nerves_15um),Motor MRG Neuron,15.00um,S1_sciatic,DV-I - Reversed,30,1.25,125.0,node[95]
427,Nerve_root_S1_sciatic_muscular_branches_of_nerve_tibial_left_04 [Motor MRG Neuron 15.00um]  (Soleus_Motor_Nerves_15um),Motor MRG Neuron,15.00um,S1_sciatic,DV-I - Reversed,30,1.25,125.0,node[95]
463,Nerve_root_S1_sciatic_nerve_tibial_left_01 [Motor MRG Neuron 15.00um]  (Soleus_Motor_Nerves_15um),Motor MRG Neuron,15.00um,S1_sciatic,DV-I - Reversed,30,1.25,125.0,node[95]
475,Nerve_root_S1_sciatic_nerve_tibial_left_03 [Motor MRG Neuron 15.00um]  (Soleus_Motor_Nerves_15um),Motor MRG Neuron,15.00um,S1_sciatic,DV-I - Reversed,30,1.25,125.0,node[95]
415,Nerve_root_S1_sciatic_muscular_branches_of_nerve_tibial_left_02 [Motor MRG Neuron 15.00um]  (Soleus_Motor_Nerves_15um),Motor MRG Neuron,15.00um,S1_sciatic,DV-I - Reversed,30,1.25,125.0,node[95]
433,Nerve_root_S1_sciatic_muscular_branches_of_nerve_tibial_left_05 [Motor MRG Neuron 15.00um]  (Soleus_Motor_Nerves_15um),Motor MRG Neuron,15.00um,S1_sciatic,DV-I - Reversed,30,1.25,125.0,node[95]
481,Nerve_root_S1_sciatic_nerve_tibial_left_04 [Motor MRG Neuron 15.00um]  (Soleus_Motor_Nerves_15um),Motor MRG Neuron,15.00um,S1_sciatic,DV-I - Reversed,30,1.25,125.0,node[95]
487,Nerve_root_S1_sciatic_nerve_tibial_left_05 [Motor MRG Neuron 15.00um]  (Soleus_Motor_Nerves_15um),Motor MRG Neuron,15.00um,S1_sciatic,DV-I - Reversed,30,1.25,125.0,node[95]
409,Nerve_root_S1_sciatic_muscular_branches_of_nerve_tibial_left_01 [Motor MRG Neuron 15.00um]  (Soleus_Motor_Nerves_15um),Motor MRG Neuron,15.00um,S1_sciatic,DV-I - Reversed,30,1.25,125.0,node[95]
625,Nerve_root_S2_sciatic_muscular_branches_of_nerve_tibial_right_02 [Motor MRG Neuron 15.00um]  (Soleus_Motor_Nerves_15um),Motor MRG Neuron,15.00um,S2_sciatic,DV-I - Reversed,30,1.296875,129.6875,node[206]
385,Nerve_root_S1_muscular_branches_of_nerve_sciatic_right_01 [Motor MRG Neuron 15.00um]  (Soleus_Motor_Nerves_15um),Motor MRG Neuron,15.00um,S1_muscular,DV-I - Reversed,30,1.296875,129.6875,node[198]
673,Nerve_root_S2_sciatic_nerve_tibial_right_01 [Motor MRG Neuron 15.00um]  (Soleus_Motor_Nerves_15um),Motor MRG Neuron,15.00um,S2_sciatic,DV-I - Reversed,30,1.296875,129.6875,node[206]
703,Nerve_root_S2_sciatic_nerve_tibial_right_06 [Motor MRG Neuron 15.00um]  (Soleus_Motor_Nerves_15um),Motor MRG Neuron,15.00um,S2_sciatic,DV-I - Reversed,30,1.296875,129.6875,node[206]
679,Nerve_root_S2_sciatic_nerve_tibial_right_02 [Motor MRG Neuron 15.00um]  (Soleus_Motor_Nerves_15um),Motor MRG Neuron,15.00um,S2_sciatic,DV-I - Reversed,30,1.296875,129.6875,node[206]
637,Nerve_root_S2_sciatic_muscular_branches_of_nerve_tibial_right_04 [Motor MRG Neuron 15.00um]  (Soleus_Motor_Nerves_15um),Motor MRG Neuron,15.00um,S2_sciatic,DV-I - Reversed,30,1.296875,129.6875,node[206]
565,Nerve_root_S2_muscular_branches_of_nerve_sciatic_right_01 [Motor MRG Neuron 15.00um]  (Soleus_Motor_Nerves_15um),Motor MRG Neuron,15.00um,S2_muscular,DV-I - Reversed,30,1.296875,129.6875,node[206]
397,Nerve_root_S1_muscular_branches_of_nerve_sciatic_right_03 [Motor MRG Neuron 15.00um]  (Soleus_Motor_Nerves_15um),Motor MRG Neuron,15.00um,S1_muscular,DV-I - Reversed,30,1.296875,129.6875,node[198]
619,Nerve_root_S2_sciatic_muscular_branches_of_nerve_tibial_right_01 [Motor MRG Neuron 15.00um]  (Soleus_Motor_Nerves_15um),Motor MRG Neuron,15.00um,S2_sciatic,DV-I - Reversed,30,1.296875,129.6875,node[206]
697,Nerve_root_S2_sciatic_nerve_tibial_right_05 [Motor MRG Neuron 15.00um]  (Soleus_Motor_Nerves_15um),Motor MRG Neuron,15.00um,S2_sciatic,DV-I - Reversed,30,1.296875,129.6875,node[206]
685,Nerve_root_S2_sciatic_nerve_tibial_right_03 [Motor MRG Neuron 15.00um]  (Soleus_Motor_Nerves_15um),Motor MRG Neuron,15.00um,S2_sciatic,DV-I - Reversed,30,1.296875,129.6875,node[206]
709,Nerve_root_S2_sciatic_nerve_tibial_right_07 [Motor MRG Neuron 15.00um]  (Soleus_Motor_Nerves_15um),Motor MRG Neuron,15.00um,S2_sciatic,DV-I - Reversed,30,1.296875,129.6875,node[206]
631,Nerve_root_S2_sciatic_muscular_branches_of_nerve_tibial_right_03 [Motor MRG Neuron 15.00um]  (Soleus_Motor_Nerves_15um),Motor MRG Neuron,15.00um,S2_sciatic,DV-I - Reversed,30,1.296875,129.6875,node[206]
691,Nerve_root_S2_sciatic_nerve_tibial_right_04 [Motor MRG Neuron 15.00um]  (Soleus_Motor_Nerves_15um),Motor MRG Neuron,15.00um,S2_sciatic,DV-I - Reversed,30,1.296875,129.6875,node[206]
577,Nerve_root_S2_muscular_branches_of_nerve_sciatic_right_03 [Motor MRG Neuron 15.00um]  (Soleus_Motor_Nerves_15um),Motor MRG Neuron,15.00um,S2_muscular,DV-I - Reversed,30,1.3046875,130.46875,node[207]
583,Nerve_root_S2_muscular_branches_of_nerve_sciatic_right_04 [Motor MRG Neuron 15.00um]  (Soleus_Motor_Nerves_15um),Motor MRG Neuron,15.00um,S2_muscular,DV-I - Reversed,30,1.3046875,130.46875,node[206]
451,Nerve_root_S1_sciatic_muscular_branches_of_nerve_tibial_right_03 [Motor MRG Neuron 15.00um]  (Soleus_Motor_Nerves_15um),Motor MRG Neuron,15.00um,S1_sciatic,DV-I - Reversed,30,1.3203125,132.03125000000003,node[199]
523,Nerve_root_S1_sciatic_nerve_tibial_right_06 [Motor MRG Neuron 15.00um]  (Soleus_Motor_Nerves_15um),Motor MRG Neuron,15.00um,S1_sciatic,DV-I - Reversed,30,1.3203125,132.03125000000003,node[199]
529,Nerve_root_S1_sciatic_nerve_tibial_right_07 [Motor MRG Neuron 15.00um]  (Soleus_Motor_Nerves_15um),Motor MRG Neuron,15.00um,S1_sciatic,DV-I - Reversed,30,1.3203125,132.03125000000003,node[199]
517,Nerve_root_S1_sciatic_nerve_tibial_right_05 [Motor MRG Neuron 15.00um]  (Soleus_Motor_Nerves_15um),Motor MRG Neuron,15.00um,S1_sciatic,DV-I - Reversed,30,1.3203125,132.03125000000003,node[199]
511,Nerve_root_S1_sciatic_nerve_tibial_right_04 [Motor MRG Neuron 15.00um]  (Soleus_Motor_Nerves_15um),Motor MRG Neuron,15.00um,S1_sciatic,DV-I - Reversed,30,1.3203125,132.03125000000003,node[199]
505,Nerve_root_S1_sciatic_nerve_tibial_right_03 [Motor MRG Neuron 15.00um]  (Soleus_Motor_Nerves_15um),Motor MRG Neuron,15.00um,S1_sciatic,DV-I - Reversed,30,1.3203125,132.03125000000003,node[199]
499,Nerve_root_S1_sciatic_nerve_tibial_right_02 [Motor MRG Neuron 15.00um]  (Soleus_Motor_Nerves_15um),Motor MRG Neuron,15.00um,S1_sciatic,DV-I - Reversed,30,1.3203125,132.03125000000003,node[199]
493,Nerve_root_S1_sciatic_nerve_tibial_right_01 [Motor MRG Neuron 15.00um]  (Soleus_Motor_Nerves_15um),Motor MRG Neuron,15.00um,S1_sciatic,DV-I - Reversed,30,1.3203125,132.03125000000003,node[199]
403,Nerve_root_S1_muscular_branches_of_nerve_sciatic_right_04 [Motor MRG Neuron 15.00um]  (Soleus_Motor_Nerves_15um),Motor MRG Neuron,15.00um,S1_muscular,DV-I - Reversed,30,1.3203125,132.03125000000003,node[199]
439,Nerve_root_S1_sciatic_muscular_branches_of_nerve_tibial_right_01 [Motor MRG Neuron 15.00um]  (Soleus_Motor_Nerves_15um),Motor MRG Neuron,15.00um,S1_sciatic,DV-I - Reversed,30,1.3203125,132.03125000000003,node[199]
445,Nerve_root_S1_sciatic_muscular_branches_of_nerve_tibial_right_02 [Motor MRG Neuron 15.00um]  (Soleus_Motor_Nerves_15um),Motor MRG Neuron,15.00um,S1_sciatic,DV-I - Reversed,30,1.3203125,132.03125000000003,node[199]
457,Nerve_root_S1_sciatic_muscular_branches_of_nerve_tibial_right_04 [Motor MRG Neuron 15.00um]  (Soleus_Motor_Nerves_15um),Motor MRG Neuron,15.00um,S1_sciatic,DV-I - Reversed,30,1.3203125,132.03125000000003,node[199]
390,Nerve_root_S1_muscular_branches_of_nerve_sciatic_right_02 [Motor MRG Neuron 10.00um]  (Soleus_Motor_Nerves_10um),Motor MRG Neuron,10.00um,S1_muscular,DV-I - Reversed,30,1.4609375,146.09375,node[338]
570,Nerve_root_S2_muscular_branches_of_nerve_sciatic_right_02 [Motor MRG Neuron 10.00um]  (Soleus_Motor_Nerves_10um),Motor MRG Neuron,10.00um,S2_muscular,DV-I - Reversed,30,1.515625,151.56250000000003,node[349]
372,Nerve_root_S1_muscular_branches_of_nerve_sciatic_left_04 [Motor MRG Neuron 10.00um]  (Soleus_Motor_Nerves_10um),Motor MRG Neuron,10.00um,S1_muscular,DV-I - Reversed,30,1.609375,160.9375,node[129]
378,Nerve_root_S1_muscular_branches_of_nerve_sciatic_left_05 [Motor MRG Neuron 10.00um]  (Soleus_Motor_Nerves_10um),Motor MRG Neuron,10.00um,S1_muscular,DV-I - Reversed,30,1.609375,160.9375,node[129]
216,Nerve_root_L5_muscular_branches_of_nerve_sciatic_right_02 [Motor MRG Neuron 10.00um]  (Soleus_Motor_Nerves_10um),Motor MRG Neuron,10.00um,L5_muscular,DV-I - Reversed,30,1.609375,160.9375,node[348]
360,Nerve_root_S1_muscular_branches_of_nerve_sciatic_left_01 [Motor MRG Neuron 10.00um]  (Soleus_Motor_Nerves_10um),Motor MRG Neuron,10.00um,S1_muscular,DV-I - Reversed,30,1.640625,164.0625,node[129]
366,Nerve_root_S1_muscular_branches_of_nerve_sciatic_left_02 [Motor MRG Neuron 10.00um]  (Soleus_Motor_Nerves_10um),Motor MRG Neuron,10.00um,S1_muscular,DV-I - Reversed,30,1.640625,164.0625,node[129]
534,Nerve_root_S2_muscular_branches_of_nerve_sciatic_left_01 [Motor MRG Neuron 10.00um]  (Soleus_Motor_Nerves_10um),Motor MRG Neuron,10.00um,S2_muscular,DV-I - Reversed,30,1.6875,168.75,node[189]
546,Nerve_root_S2_muscular_branches_of_nerve_sciatic_left_03 [Motor MRG Neuron 10.00um]  (Soleus_Motor_Nerves_10um),Motor MRG Neuron,10.00um,S2_muscular,DV-I - Reversed,30,1.6875,168.75,node[189]
552,Nerve_root_S2_muscular_branches_of_nerve_sciatic_left_04 [Motor MRG Neuron 10.00um]  (Soleus_Motor_Nerves_10um),Motor MRG Neuron,10.00um,S2_muscular,DV-I - Reversed,30,1.6875,168.75,node[189]
540,Nerve_root_S2_muscular_branches_of_nerve_sciatic_left_02 [Motor MRG Neuron 10.00um]  (Soleus_Motor_Nerves_10um),Motor MRG Neuron,10.00um,S2_muscular,DV-I - Reversed,30,1.6875,168.75,node[189]
606,Nerve_root_S2_sciatic_muscular_branches_of_nerve_tibial_left_04 [Motor MRG Neuron 10.00um]  (Soleus_Motor_Nerves_10um),Motor MRG Neuron,10.00um,S2_sciatic,DV-I - Reversed,30,1.703125,170.3125,node[189]
558,Nerve_root_S2_muscular_branches_of_nerve_sciatic_left_05 [Motor MRG Neuron 10.00um]  (Soleus_Motor_Nerves_10um),Motor MRG Neuron,10.00um,S2_muscular,DV-I - Reversed,30,1.703125,170.3125,node[189]
648,Nerve_root_S2_sciatic_nerve_tibial_left_02 [Motor MRG Neuron 10.00um]  (Soleus_Motor_Nerves_10um),Motor MRG Neuron,10.00um,S2_sciatic,DV-I - Reversed,30,1.703125,170.3125,node[189]
594,Nerve_root_S2_sciatic_muscular_branches_of_nerve_tibial_left_02 [Motor MRG Neuron 10.00um]  (Soleus_Motor_Nerves_10um),Motor MRG Neuron,10.00um,S2_sciatic,DV-I - Reversed,30,1.703125,170.3125,node[189]
588,Nerve_root_S2_sciatic_muscular_branches_of_nerve_tibial_left_01 [Motor MRG Neuron 10.00um]  (Soleus_Motor_Nerves_10um),Motor MRG Neuron,10.00um,S2_sciatic,DV-I - Reversed,30,1.703125,170.3125,node[189]
660,Nerve_root_S2_sciatic_nerve_tibial_left_04 [Motor MRG Neuron 10.00um]  (Soleus_Motor_Nerves_10um),Motor MRG Neuron,10.00um,S2_sciatic,DV-I - Reversed,30,1.703125,170.3125,node[189]
600,Nerve_root_S2_sciatic_muscular_branches_of_nerve_tibial_left_03 [Motor MRG Neuron 10.00um]  (Soleus_Motor_Nerves_10um),Motor MRG Neuron,10.00um,S2_sciatic,DV-I - Reversed,30,1.703125,170.3125,node[189]
612,Nerve_root_S2_sciatic_muscular_branches_of_nerve_tibial_left_05 [Motor MRG Neuron 10.00um]  (Soleus_Motor_Nerves_10um),Motor MRG Neuron,10.00um,S2_sciatic,DV-I - Reversed,30,1.703125,170.3125,node[189]
666,Nerve_root_S2_sciatic_nerve_tibial_left_05 [Motor MRG Neuron 10.00um]  (Soleus_Motor_Nerves_10um),Motor MRG Neuron,10.00um,S2_sciatic,DV-I - Reversed,30,1.703125,170.3125,node[189]
654,Nerve_root_S2_sciatic_nerve_tibial_left_03 [Motor MRG Neuron 10.00um]  (Soleus_Motor_Nerves_10um),Motor MRG Neuron,10.00um,S2_sciatic,DV-I - Reversed,30,1.703125,170.3125,node[189]
642,Nerve_root_S2_sciatic_nerve_tibial_left_01 [Motor MRG Neuron 10.00um]  (Soleus_Motor_Nerves_10um),Motor MRG Neuron,10.00um,S2_sciatic,DV-I - Reversed,30,1.703125,170.3125,node[189]
414,Nerve_root_S1_sciatic_muscular_branches_of_nerve_tibial_left_02 [Motor MRG Neuron 10.00um]  (Soleus_Motor_Nerves_10um),Motor MRG Neuron,10.00um,S1_sciatic,DV-I - Reversed,30,1.71875,171.875,node[129]
462,Nerve_root_S1_sciatic_nerve_tibial_left_01 [Motor MRG Neuron 10.00um]  (Soleus_Motor_Nerves_10um),Motor MRG Neuron,10.00um,S1_sciatic,DV-I - Reversed,30,1.71875,171.875,node[129]
408,Nerve_root_S1_sciatic_muscular_branches_of_nerve_tibial_left_01 [Motor MRG Neuron 10.00um]  (Soleus_Motor_Nerves_10um),Motor MRG Neuron,10.00um,S1_sciatic,DV-I - Reversed,30,1.71875,171.875,node[129]
468,Nerve_root_S1_sciatic_nerve_tibial_left_02 [Motor MRG Neuron 10.00um]  (Soleus_Motor_Nerves_10um),Motor MRG Neuron,10.00um,S1_sciatic,DV-I - Reversed,30,1.71875,171.875,node[129]
432,Nerve_root_S1_sciatic_muscular_branches_of_nerve_tibial_left_05 [Motor MRG Neuron 10.00um]  (Soleus_Motor_Nerves_10um),Motor MRG Neuron,10.00um,S1_sciatic,DV-I - Reversed,30,1.71875,171.875,node[129]
486,Nerve_root_S1_sciatic_nerve_tibial_left_05 [Motor MRG Neuron 10.00um]  (Soleus_Motor_Nerves_10um),Motor MRG Neuron,10.00um,S1_sciatic,DV-I - Reversed,30,1.71875,171.875,node[129]
474,Nerve_root_S1_sciatic_nerve_tibial_left_03 [Motor MRG Neuron 10.00um]  (Soleus_Motor_Nerves_10um),Motor MRG Neuron,10.00um,S1_sciatic,DV-I - Reversed,30,1.71875,171.875,node[129]
426,Nerve_root_S1_sciatic_muscular_branches_of_nerve_tibial_left_04 [Motor MRG Neuron 10.00um]  (Soleus_Motor_Nerves_10um),Motor MRG Neuron,10.00um,S1_sciatic,DV-I - Reversed,30,1.71875,171.875,node[129]
480,Nerve_root_S1_sciatic_nerve_tibial_left_04 [Motor MRG Neuron 10.00um]  (Soleus_Motor_Nerves_10um),Motor MRG Neuron,10.00um,S1_sciatic,DV-I - Reversed,30,1.71875,171.875,node[129]
420,Nerve_root_S1_sciatic_muscular_branches_of_nerve_tibial_left_03 [Motor MRG Neuron 10.00um]  (Soleus_Motor_Nerves_10um),Motor MRG Neuron,10.00um,S1_sciatic,DV-I - Reversed,30,1.71875,171.875,node[129]
186,Nerve_root_L5_muscular_branches_of_nerve_sciatic_left_02 [Motor MRG Neuron 10.00um]  (Soleus_Motor_Nerves_10um),Motor MRG Neuron,10.00um,L5_muscular,DV-I - Reversed,30,1.78125,178.125,node[484]
228,Nerve_root_L5_muscular_branches_of_nerve_sciatic_right_04 [Motor MRG Neuron 10.00um]  (Soleus_Motor_Nerves_10um),Motor MRG Neuron,10.00um,L5_muscular,DV-I - Reversed,30,1.8125,181.25000000000003,node[158]
210,Nerve_root_L5_muscular_branches_of_nerve_sciatic_right_01 [Motor MRG Neuron 10.00um]  (Soleus_Motor_Nerves_10um),Motor MRG Neuron,10.00um,L5_muscular,DV-I - Reversed,30,1.8125,181.25000000000003,node[158]
270,Nerve_root_L5_sciatic_muscular_branches_of_nerve_tibial_right_02 [Motor MRG Neuron 10.00um]  (Soleus_Motor_Nerves_10um),Motor MRG Neuron,10.00um,L5_sciatic,DV-I - Reversed,30,1.828125,182.81250000000003,node[159]
336,Nerve_root_L5_sciatic_nerve_tibial_right_04 [Motor MRG Neuron 10.00um]  (Soleus_Motor_Nerves_10um),Motor MRG Neuron,10.00um,L5_sciatic,DV-I - Reversed,30,1.828125,182.81250000000003,node[159]
276,Nerve_root_L5_sciatic_muscular_branches_of_nerve_tibial_right_03 [Motor MRG Neuron 10.00um]  (Soleus_Motor_Nerves_10um),Motor MRG Neuron,10.00um,L5_sciatic,DV-I - Reversed,30,1.828125,182.81250000000003,node[159]
354,Nerve_root_L5_sciatic_nerve_tibial_right_07 [Motor MRG Neuron 10.00um]  (Soleus_Motor_Nerves_10um),Motor MRG Neuron,10.00um,L5_sciatic,DV-I - Reversed,30,1.828125,182.81250000000003,node[159]
318,Nerve_root_L5_sciatic_nerve_tibial_right_01 [Motor MRG Neuron 10.00um]  (Soleus_Motor_Nerves_10um),Motor MRG Neuron,10.00um,L5_sciatic,DV-I - Reversed,30,1.828125,182.81250000000003,node[159]
324,Nerve_root_L5_sciatic_nerve_tibial_right_02 [Motor MRG Neuron 10.00um]  (Soleus_Motor_Nerves_10um),Motor MRG Neuron,10.00um,L5_sciatic,DV-I - Reversed,30,1.828125,182.81250000000003,node[159]
348,Nerve_root_L5_sciatic_nerve_tibial_right_06 [Motor MRG Neuron 10.00um]  (Soleus_Motor_Nerves_10um),Motor MRG Neuron,10.00um,L5_sciatic,DV-I - Reversed,30,1.828125,182.81250000000003,node[159]
282,Nerve_root_L5_sciatic_muscular_branches_of_nerve_tibial_right_04 [Motor MRG Neuron 10.00um]  (Soleus_Motor_Nerves_10um),Motor MRG Neuron,10.00um,L5_sciatic,DV-I - Reversed,30,1.828125,182.81250000000003,node[159]
264,Nerve_root_L5_sciatic_muscular_branches_of_nerve_tibial_right_01 [Motor MRG Neuron 10.00um]  (Soleus_Motor_Nerves_10um),Motor MRG Neuron,10.00um,L5_sciatic,DV-I - Reversed,30,1.828125,182.81250000000003,node[159]
330,Nerve_root_L5_sciatic_nerve_tibial_right_03 [Motor MRG Neuron 10.00um]  (Soleus_Motor_Nerves_10um),Motor MRG Neuron,10.00um,L5_sciatic,DV-I - Reversed,30,1.828125,182.81250000000003,node[159]
222,Nerve_root_L5_muscular_branches_of_nerve_sciatic_right_03 [Motor MRG Neuron 10.00um]  (Soleus_Motor_Nerves_10um),Motor MRG Neuron,10.00um,L5_muscular,DV-I - Reversed,30,1.828125,182.81250000000003,node[158]
342,Nerve_root_L5_sciatic_nerve_tibial_right_05 [Motor MRG Neuron 10.00um]  (Soleus_Motor_Nerves_10um),Motor MRG Neuron,10.00um,L5_sciatic,DV-I - Reversed,30,1.828125,182.81250000000003,node[159]
198,Nerve_root_L5_muscular_branches_of_nerve_sciatic_left_04 [Motor MRG Neuron 10.00um]  (Soleus_Motor_Nerves_10um),Motor MRG Neuron,10.00um,L5_muscular,DV-I - Reversed,30,2.046875,204.68750000000003,node[353]
192,Nerve_root_L5_muscular_branches_of_nerve_sciatic_left_03 [Motor MRG Neuron 10.00um]  (Soleus_Motor_Nerves_10um),Motor MRG Neuron,10.00um,L5_muscular,DV-I - Reversed,30,2.078125,207.8125,node[184]
510,Nerve_root_S1_sciatic_nerve_tibial_right_04 [Motor MRG Neuron 10.00um]  (Soleus_Motor_Nerves_10um),Motor MRG Neuron,10.00um,S1_sciatic,DV-I - Reversed,30,2.203125,220.31250000000003,node[248]
456,Nerve_root_S1_sciatic_muscular_branches_of_nerve_tibial_right_04 [Motor MRG Neuron 10.00um]  (Soleus_Motor_Nerves_10um),Motor MRG Neuron,10.00um,S1_sciatic,DV-I - Reversed,30,2.203125,220.31250000000003,node[248]
444,Nerve_root_S1_sciatic_muscular_branches_of_nerve_tibial_right_02 [Motor MRG Neuron 10.00um]  (Soleus_Motor_Nerves_10um),Motor MRG Neuron,10.00um,S1_sciatic,DV-I - Reversed,30,2.203125,220.31250000000003,node[248]
438,Nerve_root_S1_sciatic_muscular_branches_of_nerve_tibial_right_01 [Motor MRG Neuron 10.00um]  (Soleus_Motor_Nerves_10um),Motor MRG Neuron,10.00um,S1_sciatic,DV-I - Reversed,30,2.203125,220.31250000000003,node[248]
528,Nerve_root_S1_sciatic_nerve_tibial_right_07 [Motor MRG Neuron 10.00um]  (Soleus_Motor_Nerves_10um),Motor MRG Neuron,10.00um,S1_sciatic,DV-I - Reversed,30,2.203125,220.31250000000003,node[248]
522,Nerve_root_S1_sciatic_nerve_tibial_right_06 [Motor MRG Neuron 10.00um]  (Soleus_Motor_Nerves_10um),Motor MRG Neuron,10.00um,S1_sciatic,DV-I - Reversed,30,2.203125,220.31250000000003,node[248]
492,Nerve_root_S1_sciatic_nerve_tibial_right_01 [Motor MRG Neuron 10.00um]  (Soleus_Motor_Nerves_10um),Motor MRG Neuron,10.00um,S1_sciatic,DV-I - Reversed,30,2.203125,220.31250000000003,node[248]
504,Nerve_root_S1_sciatic_nerve_tibial_right_03 [Motor MRG Neuron 10.00um]  (Soleus_Motor_Nerves_10um),Motor MRG Neuron,10.00um,S1_sciatic,DV-I - Reversed,30,2.203125,220.31250000000003,node[248]
516,Nerve_root_S1_sciatic_nerve_tibial_right_05 [Motor MRG Neuron 10.00um]  (Soleus_Motor_Nerves_10um),Motor MRG Neuron,10.00um,S1_sciatic,DV-I - Reversed,30,2.203125,220.31250000000003,node[248]
498,Nerve_root_S1_sciatic_nerve_tibial_right_02 [Motor MRG Neuron 10.00um]  (Soleus_Motor_Nerves_10um),Motor MRG Neuron,10.00um,S1_sciatic,DV-I - Reversed,30,2.203125,220.31250000000003,node[248]
402,Nerve_root_S1_muscular_branches_of_nerve_sciatic_right_04 [Motor MRG Neuron 10.00um]  (Soleus_Motor_Nerves_10um),Motor MRG Neuron,10.00um,S1_muscular,DV-I - Reversed,30,2.21875,221.87500000000003,node[248]
696,Nerve_root_S2_sciatic_nerve_tibial_right_05 [Motor MRG Neuron 10.00um]  (Soleus_Motor_Nerves_10um),Motor MRG Neuron,10.00um,S2_sciatic,DV-I - Reversed,30,2.25,225.0,node[258]
672,Nerve_root_S2_sciatic_nerve_tibial_right_01 [Motor MRG Neuron 10.00um]  (Soleus_Motor_Nerves_10um),Motor MRG Neuron,10.00um,S2_sciatic,DV-I - Reversed,30,2.25,225.0,node[258]
582,Nerve_root_S2_muscular_branches_of_nerve_sciatic_right_04 [Motor MRG Neuron 10.00um]  (Soleus_Motor_Nerves_10um),Motor MRG Neuron,10.00um,S2_muscular,DV-I - Reversed,30,2.25,225.0,node[258]
624,Nerve_root_S2_sciatic_muscular_branches_of_nerve_tibial_right_02 [Motor MRG Neuron 10.00um]  (Soleus_Motor_Nerves_10um),Motor MRG Neuron,10.00um,S2_sciatic,DV-I - Reversed,30,2.25,225.0,node[258]
690,Nerve_root_S2_sciatic_nerve_tibial_right_04 [Motor MRG Neuron 10.00um]  (Soleus_Motor_Nerves_10um),Motor MRG Neuron,10.00um,S2_sciatic,DV-I - Reversed,30,2.25,225.0,node[258]
636,Nerve_root_S2_sciatic_muscular_branches_of_nerve_tibial_right_04 [Motor MRG Neuron 10.00um]  (Soleus_Motor_Nerves_10um),Motor MRG Neuron,10.00um,S2_sciatic,DV-I - Reversed,30,2.25,225.0,node[258]
630,Nerve_root_S2_sciatic_muscular_branches_of_nerve_tibial_right_03 [Motor MRG Neuron 10.00um]  (Soleus_Motor_Nerves_10um),Motor MRG Neuron,10.00um,S2_sciatic,DV-I - Reversed,30,2.25,225.0,node[258]
708,Nerve_root_S2_sciatic_nerve_tibial_right_07 [Motor MRG Neuron 10.00um]  (Soleus_Motor_Nerves_10um),Motor MRG Neuron,10.00um,S2_sciatic,DV-I - Reversed,30,2.25,225.0,node[258]
684,Nerve_root_S2_sciatic_nerve_tibial_right_03 [Motor MRG Neuron 10.00um]  (Soleus_Motor_Nerves_10um),Motor MRG Neuron,10.00um,S2_sciatic,DV-I - Reversed,30,2.25,225.0,node[258]
618,Nerve_root_S2_sciatic_muscular_branches_of_nerve_tibial_right_01 [Motor MRG Neuron 10.00um]  (Soleus_Motor_Nerves_10um),Motor MRG Neuron,10.00um,S2_sciatic,DV-I - Reversed,30,2.25,225.0,node[258]
678,Nerve_root_S2_sciatic_nerve_tibial_right_02 [Motor MRG Neuron 10.00um]  (Soleus_Motor_Nerves_10um),Motor MRG Neuron,10.00um,S2_sciatic,DV-I - Reversed,30,2.25,225.0,node[258]
702,Nerve_root_S2_sciatic_nerve_tibial_right_06 [Motor MRG Neuron 10.00um]  (Soleus_Motor_Nerves_10um),Motor MRG Neuron,10.00um,S2_sciatic,DV-I - Reversed,30,2.25,225.0,node[258]
576,Nerve_root_S2_muscular_branches_of_nerve_sciatic_right_03 [Motor MRG Neuron 10.00um]  (Soleus_Motor_Nerves_10um),Motor MRG Neuron,10.00um,S2_muscular,DV-I - Reversed,30,2.265625,226.5625,node[259]
450,Nerve_root_S1_sciatic_muscular_branches_of_nerve_tibial_right_03 [Motor MRG Neuron 10.00um]  (Soleus_Motor_Nerves_10um),Motor MRG Neuron,10.00um,S1_sciatic,DV-I - Reversed,30,2.28125,228.12500000000003,node[248]
564,Nerve_root_S2_muscular_branches_of_nerve_sciatic_right_01 [Motor MRG Neuron 10.00um]  (Soleus_Motor_Nerves_10um),Motor MRG Neuron,10.00um,S2_muscular,DV-I - Reversed,30,2.296875,229.68750000000003,node[258]
234,Nerve_root_L5_sciatic_muscular_branches_of_nerve_tibial_left_01 [Motor MRG Neuron 10.00um]  (Soleus_Motor_Nerves_10um),Motor MRG Neuron,10.00um,L5_sciatic,DV-I - Reversed,30,2.296875,229.68750000000003,node[198]
246,Nerve_root_L5_sciatic_muscular_branches_of_nerve_tibial_left_03 [Motor MRG Neuron 10.00um]  (Soleus_Motor_Nerves_10um),Motor MRG Neuron,10.00um,L5_sciatic,DV-I - Reversed,30,2.3125,231.25,node[198]
204,Nerve_root_L5_muscular_branches_of_nerve_sciatic_left_05 [Motor MRG Neuron 10.00um]  (Soleus_Motor_Nerves_10um),Motor MRG Neuron,10.00um,L5_muscular,DV-I - Reversed,30,2.3125,231.25,node[198]
384,Nerve_root_S1_muscular_branches_of_nerve_sciatic_right_01 [Motor MRG Neuron 10.00um]  (Soleus_Motor_Nerves_10um),Motor MRG Neuron,10.00um,S1_muscular,DV-I - Reversed,30,2.328125,232.8125,node[247]
288,Nerve_root_L5_sciatic_nerve_tibial_left_01 [Motor MRG Neuron 10.00um]  (Soleus_Motor_Nerves_10um),Motor MRG Neuron,10.00um,L5_sciatic,DV-I - Reversed,30,2.34375,234.375,node[198]
294,Nerve_root_L5_sciatic_nerve_tibial_left_02 [Motor MRG Neuron 10.00um]  (Soleus_Motor_Nerves_10um),Motor MRG Neuron,10.00um,L5_sciatic,DV-I - Reversed,30,2.34375,234.375,node[198]
300,Nerve_root_L5_sciatic_nerve_tibial_left_03 [Motor MRG Neuron 10.00um]  (Soleus_Motor_Nerves_10um),Motor MRG Neuron,10.00um,L5_sciatic,DV-I - Reversed,30,2.34375,234.375,node[198]
240,Nerve_root_L5_sciatic_muscular_branches_of_nerve_tibial_left_02 [Motor MRG Neuron 10.00um]  (Soleus_Motor_Nerves_10um),Motor MRG Neuron,10.00um,L5_sciatic,DV-I - Reversed,30,2.34375,234.375,node[198]
306,Nerve_root_L5_sciatic_nerve_tibial_left_04 [Motor MRG Neuron 10.00um]  (Soleus_Motor_Nerves_10um),Motor MRG Neuron,10.00um,L5_sciatic,DV-I - Reversed,30,2.34375,234.375,node[198]
312,Nerve_root_L5_sciatic_nerve_tibial_left_05 [Motor MRG Neuron 10.00um]  (Soleus_Motor_Nerves_10um),Motor MRG Neuron,10.00um,L5_sciatic,DV-I - Reversed,30,2.34375,234.375,node[198]
180,Nerve_root_L5_muscular_branches_of_nerve_sciatic_left_01 [Motor MRG Neuron 10.00um]  (Soleus_Motor_Nerves_10um),Motor MRG Neuron,10.00um,L5_muscular,DV-I - Reversed,30,2.34375,234.375,node[198]
252,Nerve_root_L5_sciatic_muscular_branches_of_nerve_tibial_left_04 [Motor MRG Neuron 10.00um]  (Soleus_Motor_Nerves_10um),Motor MRG Neuron,10.00um,L5_sciatic,DV-I - Reversed,30,2.34375,234.375,node[198]
396,Nerve_root_S1_muscular_branches_of_nerve_sciatic_right_03 [Motor MRG Neuron 10.00um]  (Soleus_Motor_Nerves_10um),Motor MRG Neuron,10.00um,S1_muscular,DV-I - Reversed,30,2.34375,234.375,node[247]
258,Nerve_root_L5_sciatic_muscular_branches_of_nerve_tibial_left_05 [Motor MRG Neuron 10.00um]  (Soleus_Motor_Nerves_10um),Motor MRG Neuron,10.00um,L5_sciatic,DV-I - Reversed,30,2.34375,234.375,node[198]
