,NeuronName,NeuronType,Fibre_Diameter,Location,Electrode_Config,Frequency,Titration_Factor,Activation_Threshold (mA),First_Spike_Loc
27,Nerve_root_L4_L5_muscular_branches_of_nerve_sciatic_left_05 [Sensory MRG Neuron 10.00um]  (Soleus_Sensory_Nerves_10um),Sensory MRG Neuron,10.00um,L4_L5,DO-I,30,0.013671875,1.3671875000000002,node[139]
21,Nerve_root_L4_L5_muscular_branches_of_nerve_sciatic_left_04 [Sensory MRG Neuron 10.00um]  (Soleus_Sensory_Nerves_10um),Sensory MRG Neuron,10.00um,L4_L5,DO-I,30,0.0137939453125,1.37939453125,node[139]
15,Nerve_root_L4_L5_muscular_branches_of_nerve_sciatic_left_03 [Sensory MRG Neuron 10.00um]  (Soleus_Sensory_Nerves_10um),Sensory MRG Neuron,10.00um,L4_L5,DO-I,30,0.0137939453125,1.37939453125,node[139]
117,Nerve_root_L4_L5_sciatic_nerve_tibial_left_02 [Sensory MRG Neuron 10.00um]  (Soleus_Sensory_Nerves_10um),Sensory MRG Neuron,10.00um,L4_L5,DO-I,30,0.0140380859375,1.40380859375,node[138]
57,Nerve_root_L4_L5_sciatic_muscular_branches_of_nerve_tibial_left_01 [Sensory MRG Neuron 10.00um]  (Soleus_Sensory_Nerves_10um),Sensory MRG Neuron,10.00um,L4_L5,DO-I,30,0.0140380859375,1.40380859375,node[138]
111,Nerve_root_L4_L5_sciatic_nerve_tibial_left_01 [Sensory MRG Neuron 10.00um]  (Soleus_Sensory_Nerves_10um),Sensory MRG Neuron,10.00um,L4_L5,DO-I,30,0.0140380859375,1.40380859375,node[138]
3,Nerve_root_L4_L5_muscular_branches_of_nerve_sciatic_left_01 [Sensory MRG Neuron 10.00um]  (Soleus_Sensory_Nerves_10um),Sensory MRG Neuron,10.00um,L4_L5,DO-I,30,0.0140380859375,1.40380859375,node[139]
75,Nerve_root_L4_L5_sciatic_muscular_branches_of_nerve_tibial_left_04 [Sensory MRG Neuron 10.00um]  (Soleus_Sensory_Nerves_10um),Sensory MRG Neuron,10.00um,L4_L5,DO-I,30,0.0140380859375,1.40380859375,node[138]
63,Nerve_root_L4_L5_sciatic_muscular_branches_of_nerve_tibial_left_02 [Sensory MRG Neuron 10.00um]  (Soleus_Sensory_Nerves_10um),Sensory MRG Neuron,10.00um,L4_L5,DO-I,30,0.0140380859375,1.40380859375,node[138]
81,Nerve_root_L4_L5_sciatic_muscular_branches_of_nerve_tibial_left_05 [Sensory MRG Neuron 10.00um]  (Soleus_Sensory_Nerves_10um),Sensory MRG Neuron,10.00um,L4_L5,DO-I,30,0.0140380859375,1.40380859375,node[138]
135,Nerve_root_L4_L5_sciatic_nerve_tibial_left_05 [Sensory MRG Neuron 10.00um]  (Soleus_Sensory_Nerves_10um),Sensory MRG Neuron,10.00um,L4_L5,DO-I,30,0.0140380859375,1.40380859375,node[138]
9,Nerve_root_L4_L5_muscular_branches_of_nerve_sciatic_left_02 [Sensory MRG Neuron 10.00um]  (Soleus_Sensory_Nerves_10um),Sensory MRG Neuron,10.00um,L4_L5,DO-I,30,0.0140380859375,1.40380859375,node[139]
69,Nerve_root_L4_L5_sciatic_muscular_branches_of_nerve_tibial_left_03 [Sensory MRG Neuron 10.00um]  (Soleus_Sensory_Nerves_10um),Sensory MRG Neuron,10.00um,L4_L5,DO-I,30,0.0140380859375,1.40380859375,node[138]
123,Nerve_root_L4_L5_sciatic_nerve_tibial_left_03 [Sensory MRG Neuron 10.00um]  (Soleus_Sensory_Nerves_10um),Sensory MRG Neuron,10.00um,L4_L5,DO-I,30,0.0140380859375,1.40380859375,node[138]
129,Nerve_root_L4_L5_sciatic_nerve_tibial_left_04 [Sensory MRG Neuron 10.00um]  (Soleus_Sensory_Nerves_10um),Sensory MRG Neuron,10.00um,L4_L5,DO-I,30,0.0140380859375,1.40380859375,node[138]
130,Nerve_root_L4_L5_sciatic_nerve_tibial_left_04 [Sensory MRG Neuron 15.00um]  (Soleus_Sensory_Nerves_15um),Sensory MRG Neuron,15.00um,L4_L5,DO-I,30,0.01416015625,1.4160156250000002,node[101]
118,Nerve_root_L4_L5_sciatic_nerve_tibial_left_02 [Sensory MRG Neuron 15.00um]  (Soleus_Sensory_Nerves_15um),Sensory MRG Neuron,15.00um,L4_L5,DO-I,30,0.01416015625,1.4160156250000002,node[101]
28,Nerve_root_L4_L5_muscular_branches_of_nerve_sciatic_left_05 [Sensory MRG Neuron 15.00um]  (Soleus_Sensory_Nerves_15um),Sensory MRG Neuron,15.00um,L4_L5,DO-I,30,0.01416015625,1.4160156250000002,node[101]
136,Nerve_root_L4_L5_sciatic_nerve_tibial_left_05 [Sensory MRG Neuron 15.00um]  (Soleus_Sensory_Nerves_15um),Sensory MRG Neuron,15.00um,L4_L5,DO-I,30,0.01416015625,1.4160156250000002,node[101]
10,Nerve_root_L4_L5_muscular_branches_of_nerve_sciatic_left_02 [Sensory MRG Neuron 15.00um]  (Soleus_Sensory_Nerves_15um),Sensory MRG Neuron,15.00um,L4_L5,DO-I,30,0.01416015625,1.4160156250000002,node[102]
64,Nerve_root_L4_L5_sciatic_muscular_branches_of_nerve_tibial_left_02 [Sensory MRG Neuron 15.00um]  (Soleus_Sensory_Nerves_15um),Sensory MRG Neuron,15.00um,L4_L5,DO-I,30,0.01416015625,1.4160156250000002,node[101]
112,Nerve_root_L4_L5_sciatic_nerve_tibial_left_01 [Sensory MRG Neuron 15.00um]  (Soleus_Sensory_Nerves_15um),Sensory MRG Neuron,15.00um,L4_L5,DO-I,30,0.01416015625,1.4160156250000002,node[101]
4,Nerve_root_L4_L5_muscular_branches_of_nerve_sciatic_left_01 [Sensory MRG Neuron 15.00um]  (Soleus_Sensory_Nerves_15um),Sensory MRG Neuron,15.00um,L4_L5,DO-I,30,0.01416015625,1.4160156250000002,node[102]
124,Nerve_root_L4_L5_sciatic_nerve_tibial_left_03 [Sensory MRG Neuron 15.00um]  (Soleus_Sensory_Nerves_15um),Sensory MRG Neuron,15.00um,L4_L5,DO-I,30,0.01416015625,1.4160156250000002,node[101]
22,Nerve_root_L4_L5_muscular_branches_of_nerve_sciatic_left_04 [Sensory MRG Neuron 15.00um]  (Soleus_Sensory_Nerves_15um),Sensory MRG Neuron,15.00um,L4_L5,DO-I,30,0.0142822265625,1.4282226562500002,node[102]
16,Nerve_root_L4_L5_muscular_branches_of_nerve_sciatic_left_03 [Sensory MRG Neuron 15.00um]  (Soleus_Sensory_Nerves_15um),Sensory MRG Neuron,15.00um,L4_L5,DO-I,30,0.0142822265625,1.4282226562500002,node[102]
82,Nerve_root_L4_L5_sciatic_muscular_branches_of_nerve_tibial_left_05 [Sensory MRG Neuron 15.00um]  (Soleus_Sensory_Nerves_15um),Sensory MRG Neuron,15.00um,L4_L5,DO-I,30,0.0145263671875,1.45263671875,node[101]
70,Nerve_root_L4_L5_sciatic_muscular_branches_of_nerve_tibial_left_03 [Sensory MRG Neuron 15.00um]  (Soleus_Sensory_Nerves_15um),Sensory MRG Neuron,15.00um,L4_L5,DO-I,30,0.0145263671875,1.45263671875,node[101]
76,Nerve_root_L4_L5_sciatic_muscular_branches_of_nerve_tibial_left_04 [Sensory MRG Neuron 15.00um]  (Soleus_Sensory_Nerves_15um),Sensory MRG Neuron,15.00um,L4_L5,DO-I,30,0.0145263671875,1.45263671875,node[101]
58,Nerve_root_L4_L5_sciatic_muscular_branches_of_nerve_tibial_left_01 [Sensory MRG Neuron 15.00um]  (Soleus_Sensory_Nerves_15um),Sensory MRG Neuron,15.00um,L4_L5,DO-I,30,0.0145263671875,1.45263671875,node[101]
29,Nerve_root_L4_L5_muscular_branches_of_nerve_sciatic_left_05 [Sensory MRG Neuron 20.00um]  (Soleus_Sensory_Nerves_20um),Sensory MRG Neuron,20.00um,L4_L5,DO-I,30,0.01513671875,1.513671875,node[85]
71,Nerve_root_L4_L5_sciatic_muscular_branches_of_nerve_tibial_left_03 [Sensory MRG Neuron 20.00um]  (Soleus_Sensory_Nerves_20um),Sensory MRG Neuron,20.00um,L4_L5,DO-I,30,0.015625,1.5625,node[86]
137,Nerve_root_L4_L5_sciatic_nerve_tibial_left_05 [Sensory MRG Neuron 20.00um]  (Soleus_Sensory_Nerves_20um),Sensory MRG Neuron,20.00um,L4_L5,DO-I,30,0.015625,1.5625,node[85]
77,Nerve_root_L4_L5_sciatic_muscular_branches_of_nerve_tibial_left_04 [Sensory MRG Neuron 20.00um]  (Soleus_Sensory_Nerves_20um),Sensory MRG Neuron,20.00um,L4_L5,DO-I,30,0.015625,1.5625,node[86]
65,Nerve_root_L4_L5_sciatic_muscular_branches_of_nerve_tibial_left_02 [Sensory MRG Neuron 20.00um]  (Soleus_Sensory_Nerves_20um),Sensory MRG Neuron,20.00um,L4_L5,DO-I,30,0.015625,1.5625,node[85]
113,Nerve_root_L4_L5_sciatic_nerve_tibial_left_01 [Sensory MRG Neuron 20.00um]  (Soleus_Sensory_Nerves_20um),Sensory MRG Neuron,20.00um,L4_L5,DO-I,30,0.015625,1.5625,node[85]
131,Nerve_root_L4_L5_sciatic_nerve_tibial_left_04 [Sensory MRG Neuron 20.00um]  (Soleus_Sensory_Nerves_20um),Sensory MRG Neuron,20.00um,L4_L5,DO-I,30,0.015625,1.5625,node[85]
5,Nerve_root_L4_L5_muscular_branches_of_nerve_sciatic_left_01 [Sensory MRG Neuron 20.00um]  (Soleus_Sensory_Nerves_20um),Sensory MRG Neuron,20.00um,L4_L5,DO-I,30,0.015625,1.5625,node[85]
11,Nerve_root_L4_L5_muscular_branches_of_nerve_sciatic_left_02 [Sensory MRG Neuron 20.00um]  (Soleus_Sensory_Nerves_20um),Sensory MRG Neuron,20.00um,L4_L5,DO-I,30,0.015625,1.5625,node[85]
83,Nerve_root_L4_L5_sciatic_muscular_branches_of_nerve_tibial_left_05 [Sensory MRG Neuron 20.00um]  (Soleus_Sensory_Nerves_20um),Sensory MRG Neuron,20.00um,L4_L5,DO-I,30,0.015625,1.5625,node[86]
119,Nerve_root_L4_L5_sciatic_nerve_tibial_left_02 [Sensory MRG Neuron 20.00um]  (Soleus_Sensory_Nerves_20um),Sensory MRG Neuron,20.00um,L4_L5,DO-I,30,0.015625,1.5625,node[85]
59,Nerve_root_L4_L5_sciatic_muscular_branches_of_nerve_tibial_left_01 [Sensory MRG Neuron 20.00um]  (Soleus_Sensory_Nerves_20um),Sensory MRG Neuron,20.00um,L4_L5,DO-I,30,0.015625,1.5625,node[86]
125,Nerve_root_L4_L5_sciatic_nerve_tibial_left_03 [Sensory MRG Neuron 20.00um]  (Soleus_Sensory_Nerves_20um),Sensory MRG Neuron,20.00um,L4_L5,DO-I,30,0.015625,1.5625,node[85]
17,Nerve_root_L4_L5_muscular_branches_of_nerve_sciatic_left_03 [Sensory MRG Neuron 20.00um]  (Soleus_Sensory_Nerves_20um),Sensory MRG Neuron,20.00um,L4_L5,DO-I,30,0.015869140625,1.5869140625,node[86]
23,Nerve_root_L4_L5_muscular_branches_of_nerve_sciatic_left_04 [Sensory MRG Neuron 20.00um]  (Soleus_Sensory_Nerves_20um),Sensory MRG Neuron,20.00um,L4_L5,DO-I,30,0.015869140625,1.5869140625,node[86]
1,Nerve_root_L4_L5_muscular_branches_of_nerve_sciatic_left_01 [Motor MRG Neuron 15.00um]  (Soleus_Motor_Nerves_15um),Motor MRG Neuron,15.00um,L4_L5,DO-I,30,0.0238037109375,2.38037109375,node[101]
7,Nerve_root_L4_L5_muscular_branches_of_nerve_sciatic_left_02 [Motor MRG Neuron 15.00um]  (Soleus_Motor_Nerves_15um),Motor MRG Neuron,15.00um,L4_L5,DO-I,30,0.0238037109375,2.38037109375,node[101]
127,Nerve_root_L4_L5_sciatic_nerve_tibial_left_04 [Motor MRG Neuron 15.00um]  (Soleus_Motor_Nerves_15um),Motor MRG Neuron,15.00um,L4_L5,DO-I,30,0.02392578125,2.392578125,node[102]
61,Nerve_root_L4_L5_sciatic_muscular_branches_of_nerve_tibial_left_02 [Motor MRG Neuron 15.00um]  (Soleus_Motor_Nerves_15um),Motor MRG Neuron,15.00um,L4_L5,DO-I,30,0.02392578125,2.392578125,node[102]
109,Nerve_root_L4_L5_sciatic_nerve_tibial_left_01 [Motor MRG Neuron 15.00um]  (Soleus_Motor_Nerves_15um),Motor MRG Neuron,15.00um,L4_L5,DO-I,30,0.02392578125,2.392578125,node[102]
133,Nerve_root_L4_L5_sciatic_nerve_tibial_left_05 [Motor MRG Neuron 15.00um]  (Soleus_Motor_Nerves_15um),Motor MRG Neuron,15.00um,L4_L5,DO-I,30,0.02392578125,2.392578125,node[102]
115,Nerve_root_L4_L5_sciatic_nerve_tibial_left_02 [Motor MRG Neuron 15.00um]  (Soleus_Motor_Nerves_15um),Motor MRG Neuron,15.00um,L4_L5,DO-I,30,0.02392578125,2.392578125,node[102]
25,Nerve_root_L4_L5_muscular_branches_of_nerve_sciatic_left_05 [Motor MRG Neuron 15.00um]  (Soleus_Motor_Nerves_15um),Motor MRG Neuron,15.00um,L4_L5,DO-I,30,0.02392578125,2.392578125,node[102]
121,Nerve_root_L4_L5_sciatic_nerve_tibial_left_03 [Motor MRG Neuron 15.00um]  (Soleus_Motor_Nerves_15um),Motor MRG Neuron,15.00um,L4_L5,DO-I,30,0.02392578125,2.392578125,node[102]
13,Nerve_root_L4_L5_muscular_branches_of_nerve_sciatic_left_03 [Motor MRG Neuron 15.00um]  (Soleus_Motor_Nerves_15um),Motor MRG Neuron,15.00um,L4_L5,DO-I,30,0.0240478515625,2.4047851562500004,node[102]
19,Nerve_root_L4_L5_muscular_branches_of_nerve_sciatic_left_04 [Motor MRG Neuron 15.00um]  (Soleus_Motor_Nerves_15um),Motor MRG Neuron,15.00um,L4_L5,DO-I,30,0.0240478515625,2.4047851562500004,node[102]
67,Nerve_root_L4_L5_sciatic_muscular_branches_of_nerve_tibial_left_03 [Motor MRG Neuron 15.00um]  (Soleus_Motor_Nerves_15um),Motor MRG Neuron,15.00um,L4_L5,DO-I,30,0.0244140625,2.44140625,node[102]
55,Nerve_root_L4_L5_sciatic_muscular_branches_of_nerve_tibial_left_01 [Motor MRG Neuron 15.00um]  (Soleus_Motor_Nerves_15um),Motor MRG Neuron,15.00um,L4_L5,DO-I,30,0.0244140625,2.44140625,node[102]
79,Nerve_root_L4_L5_sciatic_muscular_branches_of_nerve_tibial_left_05 [Motor MRG Neuron 15.00um]  (Soleus_Motor_Nerves_15um),Motor MRG Neuron,15.00um,L4_L5,DO-I,30,0.0244140625,2.44140625,node[102]
73,Nerve_root_L4_L5_sciatic_muscular_branches_of_nerve_tibial_left_04 [Motor MRG Neuron 15.00um]  (Soleus_Motor_Nerves_15um),Motor MRG Neuron,15.00um,L4_L5,DO-I,30,0.0244140625,2.44140625,node[102]
0,Nerve_root_L4_L5_muscular_branches_of_nerve_sciatic_left_01 [Motor MRG Neuron 10.00um]  (Soleus_Motor_Nerves_10um),Motor MRG Neuron,10.00um,L4_L5,DO-I,30,0.024658203125,2.4658203125000004,node[139]
24,Nerve_root_L4_L5_muscular_branches_of_nerve_sciatic_left_05 [Motor MRG Neuron 10.00um]  (Soleus_Motor_Nerves_10um),Motor MRG Neuron,10.00um,L4_L5,DO-I,30,0.024658203125,2.4658203125000004,node[139]
6,Nerve_root_L4_L5_muscular_branches_of_nerve_sciatic_left_02 [Motor MRG Neuron 10.00um]  (Soleus_Motor_Nerves_10um),Motor MRG Neuron,10.00um,L4_L5,DO-I,30,0.024658203125,2.4658203125000004,node[139]
18,Nerve_root_L4_L5_muscular_branches_of_nerve_sciatic_left_04 [Motor MRG Neuron 10.00um]  (Soleus_Motor_Nerves_10um),Motor MRG Neuron,10.00um,L4_L5,DO-I,30,0.024658203125,2.4658203125000004,node[139]
12,Nerve_root_L4_L5_muscular_branches_of_nerve_sciatic_left_03 [Motor MRG Neuron 10.00um]  (Soleus_Motor_Nerves_10um),Motor MRG Neuron,10.00um,L4_L5,DO-I,30,0.024658203125,2.4658203125000004,node[139]
54,Nerve_root_L4_L5_sciatic_muscular_branches_of_nerve_tibial_left_01 [Motor MRG Neuron 10.00um]  (Soleus_Motor_Nerves_10um),Motor MRG Neuron,10.00um,L4_L5,DO-I,30,0.025146484375,2.5146484375,node[139]
126,Nerve_root_L4_L5_sciatic_nerve_tibial_left_04 [Motor MRG Neuron 10.00um]  (Soleus_Motor_Nerves_10um),Motor MRG Neuron,10.00um,L4_L5,DO-I,30,0.025146484375,2.5146484375,node[139]
26,Nerve_root_L4_L5_muscular_branches_of_nerve_sciatic_left_05 [Motor MRG Neuron 20.00um]  (Soleus_Motor_Nerves_20um),Motor MRG Neuron,20.00um,L4_L5,DO-I,30,0.025146484375,2.5146484375,node[86]
78,Nerve_root_L4_L5_sciatic_muscular_branches_of_nerve_tibial_left_05 [Motor MRG Neuron 10.00um]  (Soleus_Motor_Nerves_10um),Motor MRG Neuron,10.00um,L4_L5,DO-I,30,0.025146484375,2.5146484375,node[139]
120,Nerve_root_L4_L5_sciatic_nerve_tibial_left_03 [Motor MRG Neuron 10.00um]  (Soleus_Motor_Nerves_10um),Motor MRG Neuron,10.00um,L4_L5,DO-I,30,0.025146484375,2.5146484375,node[139]
60,Nerve_root_L4_L5_sciatic_muscular_branches_of_nerve_tibial_left_02 [Motor MRG Neuron 10.00um]  (Soleus_Motor_Nerves_10um),Motor MRG Neuron,10.00um,L4_L5,DO-I,30,0.025146484375,2.5146484375,node[139]
72,Nerve_root_L4_L5_sciatic_muscular_branches_of_nerve_tibial_left_04 [Motor MRG Neuron 10.00um]  (Soleus_Motor_Nerves_10um),Motor MRG Neuron,10.00um,L4_L5,DO-I,30,0.025146484375,2.5146484375,node[139]
114,Nerve_root_L4_L5_sciatic_nerve_tibial_left_02 [Motor MRG Neuron 10.00um]  (Soleus_Motor_Nerves_10um),Motor MRG Neuron,10.00um,L4_L5,DO-I,30,0.025146484375,2.5146484375,node[139]
108,Nerve_root_L4_L5_sciatic_nerve_tibial_left_01 [Motor MRG Neuron 10.00um]  (Soleus_Motor_Nerves_10um),Motor MRG Neuron,10.00um,L4_L5,DO-I,30,0.025146484375,2.5146484375,node[139]
66,Nerve_root_L4_L5_sciatic_muscular_branches_of_nerve_tibial_left_03 [Motor MRG Neuron 10.00um]  (Soleus_Motor_Nerves_10um),Motor MRG Neuron,10.00um,L4_L5,DO-I,30,0.025146484375,2.5146484375,node[139]
132,Nerve_root_L4_L5_sciatic_nerve_tibial_left_05 [Motor MRG Neuron 10.00um]  (Soleus_Motor_Nerves_10um),Motor MRG Neuron,10.00um,L4_L5,DO-I,30,0.025146484375,2.5146484375,node[139]
8,Nerve_root_L4_L5_muscular_branches_of_nerve_sciatic_left_02 [Motor MRG Neuron 20.00um]  (Soleus_Motor_Nerves_20um),Motor MRG Neuron,20.00um,L4_L5,DO-I,30,0.025634765625,2.5634765625,node[86]
122,Nerve_root_L4_L5_sciatic_nerve_tibial_left_03 [Motor MRG Neuron 20.00um]  (Soleus_Motor_Nerves_20um),Motor MRG Neuron,20.00um,L4_L5,DO-I,30,0.025634765625,2.5634765625,node[86]
110,Nerve_root_L4_L5_sciatic_nerve_tibial_left_01 [Motor MRG Neuron 20.00um]  (Soleus_Motor_Nerves_20um),Motor MRG Neuron,20.00um,L4_L5,DO-I,30,0.025634765625,2.5634765625,node[86]
134,Nerve_root_L4_L5_sciatic_nerve_tibial_left_05 [Motor MRG Neuron 20.00um]  (Soleus_Motor_Nerves_20um),Motor MRG Neuron,20.00um,L4_L5,DO-I,30,0.025634765625,2.5634765625,node[86]
2,Nerve_root_L4_L5_muscular_branches_of_nerve_sciatic_left_01 [Motor MRG Neuron 20.00um]  (Soleus_Motor_Nerves_20um),Motor MRG Neuron,20.00um,L4_L5,DO-I,30,0.025634765625,2.5634765625,node[86]
62,Nerve_root_L4_L5_sciatic_muscular_branches_of_nerve_tibial_left_02 [Motor MRG Neuron 20.00um]  (Soleus_Motor_Nerves_20um),Motor MRG Neuron,20.00um,L4_L5,DO-I,30,0.025634765625,2.5634765625,node[86]
128,Nerve_root_L4_L5_sciatic_nerve_tibial_left_04 [Motor MRG Neuron 20.00um]  (Soleus_Motor_Nerves_20um),Motor MRG Neuron,20.00um,L4_L5,DO-I,30,0.025634765625,2.5634765625,node[86]
116,Nerve_root_L4_L5_sciatic_nerve_tibial_left_02 [Motor MRG Neuron 20.00um]  (Soleus_Motor_Nerves_20um),Motor MRG Neuron,20.00um,L4_L5,DO-I,30,0.025634765625,2.5634765625,node[86]
56,Nerve_root_L4_L5_sciatic_muscular_branches_of_nerve_tibial_left_01 [Motor MRG Neuron 20.00um]  (Soleus_Motor_Nerves_20um),Motor MRG Neuron,20.00um,L4_L5,DO-I,30,0.02587890625,2.5878906250000004,node[86]
74,Nerve_root_L4_L5_sciatic_muscular_branches_of_nerve_tibial_left_04 [Motor MRG Neuron 20.00um]  (Soleus_Motor_Nerves_20um),Motor MRG Neuron,20.00um,L4_L5,DO-I,30,0.02587890625,2.5878906250000004,node[86]
68,Nerve_root_L4_L5_sciatic_muscular_branches_of_nerve_tibial_left_03 [Motor MRG Neuron 20.00um]  (Soleus_Motor_Nerves_20um),Motor MRG Neuron,20.00um,L4_L5,DO-I,30,0.02587890625,2.5878906250000004,node[86]
80,Nerve_root_L4_L5_sciatic_muscular_branches_of_nerve_tibial_left_05 [Motor MRG Neuron 20.00um]  (Soleus_Motor_Nerves_20um),Motor MRG Neuron,20.00um,L4_L5,DO-I,30,0.02587890625,2.5878906250000004,node[86]
14,Nerve_root_L4_L5_muscular_branches_of_nerve_sciatic_left_03 [Motor MRG Neuron 20.00um]  (Soleus_Motor_Nerves_20um),Motor MRG Neuron,20.00um,L4_L5,DO-I,30,0.026123046875,2.6123046875000004,node[85]
20,Nerve_root_L4_L5_muscular_branches_of_nerve_sciatic_left_04 [Motor MRG Neuron 20.00um]  (Soleus_Motor_Nerves_20um),Motor MRG Neuron,20.00um,L4_L5,DO-I,30,0.026123046875,2.6123046875000004,node[85]
53,Nerve_root_L4_L5_muscular_branches_of_nerve_sciatic_right_04 [Sensory MRG Neuron 20.00um]  (Soleus_Sensory_Nerves_20um),Sensory MRG Neuron,20.00um,L4_L5,DO-I,30,0.09326171875,9.326171875,node[139]
179,Nerve_root_L4_L5_sciatic_nerve_tibial_right_07 [Sensory MRG Neuron 20.00um]  (Soleus_Sensory_Nerves_20um),Sensory MRG Neuron,20.00um,L4_L5,DO-I,30,0.09375,9.375000000000002,node[140]
101,Nerve_root_L4_L5_sciatic_muscular_branches_of_nerve_tibial_right_03 [Sensory MRG Neuron 20.00um]  (Soleus_Sensory_Nerves_20um),Sensory MRG Neuron,20.00um,L4_L5,DO-I,30,0.09375,9.375000000000002,node[140]
155,Nerve_root_L4_L5_sciatic_nerve_tibial_right_03 [Sensory MRG Neuron 20.00um]  (Soleus_Sensory_Nerves_20um),Sensory MRG Neuron,20.00um,L4_L5,DO-I,30,0.09375,9.375000000000002,node[140]
95,Nerve_root_L4_L5_sciatic_muscular_branches_of_nerve_tibial_right_02 [Sensory MRG Neuron 20.00um]  (Soleus_Sensory_Nerves_20um),Sensory MRG Neuron,20.00um,L4_L5,DO-I,30,0.09375,9.375000000000002,node[140]
143,Nerve_root_L4_L5_sciatic_nerve_tibial_right_01 [Sensory MRG Neuron 20.00um]  (Soleus_Sensory_Nerves_20um),Sensory MRG Neuron,20.00um,L4_L5,DO-I,30,0.09375,9.375000000000002,node[140]
161,Nerve_root_L4_L5_sciatic_nerve_tibial_right_04 [Sensory MRG Neuron 20.00um]  (Soleus_Sensory_Nerves_20um),Sensory MRG Neuron,20.00um,L4_L5,DO-I,30,0.09375,9.375000000000002,node[140]
89,Nerve_root_L4_L5_sciatic_muscular_branches_of_nerve_tibial_right_01 [Sensory MRG Neuron 20.00um]  (Soleus_Sensory_Nerves_20um),Sensory MRG Neuron,20.00um,L4_L5,DO-I,30,0.09375,9.375000000000002,node[140]
167,Nerve_root_L4_L5_sciatic_nerve_tibial_right_05 [Sensory MRG Neuron 20.00um]  (Soleus_Sensory_Nerves_20um),Sensory MRG Neuron,20.00um,L4_L5,DO-I,30,0.09375,9.375000000000002,node[140]
173,Nerve_root_L4_L5_sciatic_nerve_tibial_right_06 [Sensory MRG Neuron 20.00um]  (Soleus_Sensory_Nerves_20um),Sensory MRG Neuron,20.00um,L4_L5,DO-I,30,0.09375,9.375000000000002,node[140]
107,Nerve_root_L4_L5_sciatic_muscular_branches_of_nerve_tibial_right_04 [Sensory MRG Neuron 20.00um]  (Soleus_Sensory_Nerves_20um),Sensory MRG Neuron,20.00um,L4_L5,DO-I,30,0.09375,9.375000000000002,node[140]
149,Nerve_root_L4_L5_sciatic_nerve_tibial_right_02 [Sensory MRG Neuron 20.00um]  (Soleus_Sensory_Nerves_20um),Sensory MRG Neuron,20.00um,L4_L5,DO-I,30,0.09375,9.375000000000002,node[140]
197,Nerve_root_L5_muscular_branches_of_nerve_sciatic_left_03 [Sensory MRG Neuron 20.00um]  (Soleus_Sensory_Nerves_20um),Sensory MRG Neuron,20.00um,L5_muscular,DO-I,30,0.09423828125,9.423828125,node[131]
227,Nerve_root_L5_muscular_branches_of_nerve_sciatic_right_03 [Sensory MRG Neuron 20.00um]  (Soleus_Sensory_Nerves_20um),Sensory MRG Neuron,20.00um,L5_muscular,DO-I,30,0.09423828125,9.423828125,node[135]
47,Nerve_root_L4_L5_muscular_branches_of_nerve_sciatic_right_03 [Sensory MRG Neuron 20.00um]  (Soleus_Sensory_Nerves_20um),Sensory MRG Neuron,20.00um,L4_L5,DO-I,30,0.0947265625,9.472656250000002,node[139]
233,Nerve_root_L5_muscular_branches_of_nerve_sciatic_right_04 [Sensory MRG Neuron 20.00um]  (Soleus_Sensory_Nerves_20um),Sensory MRG Neuron,20.00um,L5_muscular,DO-I,30,0.0947265625,9.472656250000002,node[136]
221,Nerve_root_L5_muscular_branches_of_nerve_sciatic_right_02 [Sensory MRG Neuron 20.00um]  (Soleus_Sensory_Nerves_20um),Sensory MRG Neuron,20.00um,L5_muscular,DO-I,30,0.0947265625,9.472656250000002,node[135]
41,Nerve_root_L4_L5_muscular_branches_of_nerve_sciatic_right_02 [Sensory MRG Neuron 20.00um]  (Soleus_Sensory_Nerves_20um),Sensory MRG Neuron,20.00um,L4_L5,DO-I,30,0.0947265625,9.472656250000002,node[139]
35,Nerve_root_L4_L5_muscular_branches_of_nerve_sciatic_right_01 [Sensory MRG Neuron 20.00um]  (Soleus_Sensory_Nerves_20um),Sensory MRG Neuron,20.00um,L4_L5,DO-I,30,0.09521484375,9.521484375,node[139]
215,Nerve_root_L5_muscular_branches_of_nerve_sciatic_right_01 [Sensory MRG Neuron 20.00um]  (Soleus_Sensory_Nerves_20um),Sensory MRG Neuron,20.00um,L5_muscular,DO-I,30,0.09521484375,9.521484375,node[135]
287,Nerve_root_L5_sciatic_muscular_branches_of_nerve_tibial_right_04 [Sensory MRG Neuron 20.00um]  (Soleus_Sensory_Nerves_20um),Sensory MRG Neuron,20.00um,L5_sciatic,DO-I,30,0.095703125,9.5703125,node[136]
275,Nerve_root_L5_sciatic_muscular_branches_of_nerve_tibial_right_02 [Sensory MRG Neuron 20.00um]  (Soleus_Sensory_Nerves_20um),Sensory MRG Neuron,20.00um,L5_sciatic,DO-I,30,0.095703125,9.5703125,node[136]
269,Nerve_root_L5_sciatic_muscular_branches_of_nerve_tibial_right_01 [Sensory MRG Neuron 20.00um]  (Soleus_Sensory_Nerves_20um),Sensory MRG Neuron,20.00um,L5_sciatic,DO-I,30,0.095703125,9.5703125,node[136]
281,Nerve_root_L5_sciatic_muscular_branches_of_nerve_tibial_right_03 [Sensory MRG Neuron 20.00um]  (Soleus_Sensory_Nerves_20um),Sensory MRG Neuron,20.00um,L5_sciatic,DO-I,30,0.095703125,9.5703125,node[136]
329,Nerve_root_L5_sciatic_nerve_tibial_right_02 [Sensory MRG Neuron 20.00um]  (Soleus_Sensory_Nerves_20um),Sensory MRG Neuron,20.00um,L5_sciatic,DO-I,30,0.095703125,9.5703125,node[136]
335,Nerve_root_L5_sciatic_nerve_tibial_right_03 [Sensory MRG Neuron 20.00um]  (Soleus_Sensory_Nerves_20um),Sensory MRG Neuron,20.00um,L5_sciatic,DO-I,30,0.095703125,9.5703125,node[136]
353,Nerve_root_L5_sciatic_nerve_tibial_right_06 [Sensory MRG Neuron 20.00um]  (Soleus_Sensory_Nerves_20um),Sensory MRG Neuron,20.00um,L5_sciatic,DO-I,30,0.095703125,9.5703125,node[136]
347,Nerve_root_L5_sciatic_nerve_tibial_right_05 [Sensory MRG Neuron 20.00um]  (Soleus_Sensory_Nerves_20um),Sensory MRG Neuron,20.00um,L5_sciatic,DO-I,30,0.095703125,9.5703125,node[136]
341,Nerve_root_L5_sciatic_nerve_tibial_right_04 [Sensory MRG Neuron 20.00um]  (Soleus_Sensory_Nerves_20um),Sensory MRG Neuron,20.00um,L5_sciatic,DO-I,30,0.095703125,9.5703125,node[136]
323,Nerve_root_L5_sciatic_nerve_tibial_right_01 [Sensory MRG Neuron 20.00um]  (Soleus_Sensory_Nerves_20um),Sensory MRG Neuron,20.00um,L5_sciatic,DO-I,30,0.095703125,9.5703125,node[136]
359,Nerve_root_L5_sciatic_nerve_tibial_right_07 [Sensory MRG Neuron 20.00um]  (Soleus_Sensory_Nerves_20um),Sensory MRG Neuron,20.00um,L5_sciatic,DO-I,30,0.095703125,9.5703125,node[136]
245,Nerve_root_L5_sciatic_muscular_branches_of_nerve_tibial_left_02 [Sensory MRG Neuron 20.00um]  (Soleus_Sensory_Nerves_20um),Sensory MRG Neuron,20.00um,L5_sciatic,DO-I,30,0.103515625,10.351562500000002,node[131]
305,Nerve_root_L5_sciatic_nerve_tibial_left_03 [Sensory MRG Neuron 20.00um]  (Soleus_Sensory_Nerves_20um),Sensory MRG Neuron,20.00um,L5_sciatic,DO-I,30,0.103515625,10.351562500000002,node[131]
257,Nerve_root_L5_sciatic_muscular_branches_of_nerve_tibial_left_04 [Sensory MRG Neuron 20.00um]  (Soleus_Sensory_Nerves_20um),Sensory MRG Neuron,20.00um,L5_sciatic,DO-I,30,0.103515625,10.351562500000002,node[131]
263,Nerve_root_L5_sciatic_muscular_branches_of_nerve_tibial_left_05 [Sensory MRG Neuron 20.00um]  (Soleus_Sensory_Nerves_20um),Sensory MRG Neuron,20.00um,L5_sciatic,DO-I,30,0.103515625,10.351562500000002,node[131]
317,Nerve_root_L5_sciatic_nerve_tibial_left_05 [Sensory MRG Neuron 20.00um]  (Soleus_Sensory_Nerves_20um),Sensory MRG Neuron,20.00um,L5_sciatic,DO-I,30,0.103515625,10.351562500000002,node[131]
293,Nerve_root_L5_sciatic_nerve_tibial_left_01 [Sensory MRG Neuron 20.00um]  (Soleus_Sensory_Nerves_20um),Sensory MRG Neuron,20.00um,L5_sciatic,DO-I,30,0.103515625,10.351562500000002,node[132]
299,Nerve_root_L5_sciatic_nerve_tibial_left_02 [Sensory MRG Neuron 20.00um]  (Soleus_Sensory_Nerves_20um),Sensory MRG Neuron,20.00um,L5_sciatic,DO-I,30,0.103515625,10.351562500000002,node[132]
311,Nerve_root_L5_sciatic_nerve_tibial_left_04 [Sensory MRG Neuron 20.00um]  (Soleus_Sensory_Nerves_20um),Sensory MRG Neuron,20.00um,L5_sciatic,DO-I,30,0.103515625,10.351562500000002,node[132]
185,Nerve_root_L5_muscular_branches_of_nerve_sciatic_left_01 [Sensory MRG Neuron 20.00um]  (Soleus_Sensory_Nerves_20um),Sensory MRG Neuron,20.00um,L5_muscular,DO-I,30,0.10546875,10.546875,node[131]
251,Nerve_root_L5_sciatic_muscular_branches_of_nerve_tibial_left_03 [Sensory MRG Neuron 20.00um]  (Soleus_Sensory_Nerves_20um),Sensory MRG Neuron,20.00um,L5_sciatic,DO-I,30,0.10546875,10.546875,node[131]
191,Nerve_root_L5_muscular_branches_of_nerve_sciatic_left_02 [Sensory MRG Neuron 20.00um]  (Soleus_Sensory_Nerves_20um),Sensory MRG Neuron,20.00um,L5_muscular,DO-I,30,0.10546875,10.546875,node[131]
239,Nerve_root_L5_sciatic_muscular_branches_of_nerve_tibial_left_01 [Sensory MRG Neuron 20.00um]  (Soleus_Sensory_Nerves_20um),Sensory MRG Neuron,20.00um,L5_sciatic,DO-I,30,0.1064453125,10.64453125,node[131]
203,Nerve_root_L5_muscular_branches_of_nerve_sciatic_left_04 [Sensory MRG Neuron 20.00um]  (Soleus_Sensory_Nerves_20um),Sensory MRG Neuron,20.00um,L5_muscular,DO-I,30,0.107421875,10.7421875,node[131]
209,Nerve_root_L5_muscular_branches_of_nerve_sciatic_left_05 [Sensory MRG Neuron 20.00um]  (Soleus_Sensory_Nerves_20um),Sensory MRG Neuron,20.00um,L5_muscular,DO-I,30,0.1083984375,10.839843750000002,node[132]
196,Nerve_root_L5_muscular_branches_of_nerve_sciatic_left_03 [Sensory MRG Neuron 15.00um]  (Soleus_Sensory_Nerves_15um),Sensory MRG Neuron,15.00um,L5_muscular,DO-I,30,0.1201171875,12.01171875,node[155]
154,Nerve_root_L4_L5_sciatic_nerve_tibial_right_03 [Sensory MRG Neuron 15.00um]  (Soleus_Sensory_Nerves_15um),Sensory MRG Neuron,15.00um,L4_L5,DO-I,30,0.1337890625,13.378906250000002,node[166]
166,Nerve_root_L4_L5_sciatic_nerve_tibial_right_05 [Sensory MRG Neuron 15.00um]  (Soleus_Sensory_Nerves_15um),Sensory MRG Neuron,15.00um,L4_L5,DO-I,30,0.1337890625,13.378906250000002,node[166]
106,Nerve_root_L4_L5_sciatic_muscular_branches_of_nerve_tibial_right_04 [Sensory MRG Neuron 15.00um]  (Soleus_Sensory_Nerves_15um),Sensory MRG Neuron,15.00um,L4_L5,DO-I,30,0.1337890625,13.378906250000002,node[166]
94,Nerve_root_L4_L5_sciatic_muscular_branches_of_nerve_tibial_right_02 [Sensory MRG Neuron 15.00um]  (Soleus_Sensory_Nerves_15um),Sensory MRG Neuron,15.00um,L4_L5,DO-I,30,0.1337890625,13.378906250000002,node[166]
172,Nerve_root_L4_L5_sciatic_nerve_tibial_right_06 [Sensory MRG Neuron 15.00um]  (Soleus_Sensory_Nerves_15um),Sensory MRG Neuron,15.00um,L4_L5,DO-I,30,0.1337890625,13.378906250000002,node[166]
34,Nerve_root_L4_L5_muscular_branches_of_nerve_sciatic_right_01 [Sensory MRG Neuron 15.00um]  (Soleus_Sensory_Nerves_15um),Sensory MRG Neuron,15.00um,L4_L5,DO-I,30,0.1337890625,13.378906250000002,node[164]
148,Nerve_root_L4_L5_sciatic_nerve_tibial_right_02 [Sensory MRG Neuron 15.00um]  (Soleus_Sensory_Nerves_15um),Sensory MRG Neuron,15.00um,L4_L5,DO-I,30,0.1337890625,13.378906250000002,node[166]
160,Nerve_root_L4_L5_sciatic_nerve_tibial_right_04 [Sensory MRG Neuron 15.00um]  (Soleus_Sensory_Nerves_15um),Sensory MRG Neuron,15.00um,L4_L5,DO-I,30,0.1337890625,13.378906250000002,node[166]
178,Nerve_root_L4_L5_sciatic_nerve_tibial_right_07 [Sensory MRG Neuron 15.00um]  (Soleus_Sensory_Nerves_15um),Sensory MRG Neuron,15.00um,L4_L5,DO-I,30,0.1337890625,13.378906250000002,node[166]
88,Nerve_root_L4_L5_sciatic_muscular_branches_of_nerve_tibial_right_01 [Sensory MRG Neuron 15.00um]  (Soleus_Sensory_Nerves_15um),Sensory MRG Neuron,15.00um,L4_L5,DO-I,30,0.1337890625,13.378906250000002,node[166]
142,Nerve_root_L4_L5_sciatic_nerve_tibial_right_01 [Sensory MRG Neuron 15.00um]  (Soleus_Sensory_Nerves_15um),Sensory MRG Neuron,15.00um,L4_L5,DO-I,30,0.1337890625,13.378906250000002,node[166]
214,Nerve_root_L5_muscular_branches_of_nerve_sciatic_right_01 [Sensory MRG Neuron 15.00um]  (Soleus_Sensory_Nerves_15um),Sensory MRG Neuron,15.00um,L5_muscular,DO-I,30,0.1337890625,13.378906250000002,node[161]
100,Nerve_root_L4_L5_sciatic_muscular_branches_of_nerve_tibial_right_03 [Sensory MRG Neuron 15.00um]  (Soleus_Sensory_Nerves_15um),Sensory MRG Neuron,15.00um,L4_L5,DO-I,30,0.1337890625,13.378906250000002,node[166]
46,Nerve_root_L4_L5_muscular_branches_of_nerve_sciatic_right_03 [Sensory MRG Neuron 15.00um]  (Soleus_Sensory_Nerves_15um),Sensory MRG Neuron,15.00um,L4_L5,DO-I,30,0.134765625,13.4765625,node[166]
40,Nerve_root_L4_L5_muscular_branches_of_nerve_sciatic_right_02 [Sensory MRG Neuron 15.00um]  (Soleus_Sensory_Nerves_15um),Sensory MRG Neuron,15.00um,L4_L5,DO-I,30,0.134765625,13.4765625,node[166]
232,Nerve_root_L5_muscular_branches_of_nerve_sciatic_right_04 [Sensory MRG Neuron 15.00um]  (Soleus_Sensory_Nerves_15um),Sensory MRG Neuron,15.00um,L5_muscular,DO-I,30,0.134765625,13.4765625,node[160]
220,Nerve_root_L5_muscular_branches_of_nerve_sciatic_right_02 [Sensory MRG Neuron 15.00um]  (Soleus_Sensory_Nerves_15um),Sensory MRG Neuron,15.00um,L5_muscular,DO-I,30,0.1357421875,13.57421875,node[161]
52,Nerve_root_L4_L5_muscular_branches_of_nerve_sciatic_right_04 [Sensory MRG Neuron 15.00um]  (Soleus_Sensory_Nerves_15um),Sensory MRG Neuron,15.00um,L4_L5,DO-I,30,0.1357421875,13.57421875,node[165]
226,Nerve_root_L5_muscular_branches_of_nerve_sciatic_right_03 [Sensory MRG Neuron 15.00um]  (Soleus_Sensory_Nerves_15um),Sensory MRG Neuron,15.00um,L5_muscular,DO-I,30,0.1357421875,13.57421875,node[160]
328,Nerve_root_L5_sciatic_nerve_tibial_right_02 [Sensory MRG Neuron 15.00um]  (Soleus_Sensory_Nerves_15um),Sensory MRG Neuron,15.00um,L5_sciatic,DO-I,30,0.1376953125,13.769531250000002,node[161]
334,Nerve_root_L5_sciatic_nerve_tibial_right_03 [Sensory MRG Neuron 15.00um]  (Soleus_Sensory_Nerves_15um),Sensory MRG Neuron,15.00um,L5_sciatic,DO-I,30,0.1376953125,13.769531250000002,node[161]
250,Nerve_root_L5_sciatic_muscular_branches_of_nerve_tibial_left_03 [Sensory MRG Neuron 15.00um]  (Soleus_Sensory_Nerves_15um),Sensory MRG Neuron,15.00um,L5_sciatic,DO-I,30,0.1376953125,13.769531250000002,node[156]
322,Nerve_root_L5_sciatic_nerve_tibial_right_01 [Sensory MRG Neuron 15.00um]  (Soleus_Sensory_Nerves_15um),Sensory MRG Neuron,15.00um,L5_sciatic,DO-I,30,0.1376953125,13.769531250000002,node[161]
346,Nerve_root_L5_sciatic_nerve_tibial_right_05 [Sensory MRG Neuron 15.00um]  (Soleus_Sensory_Nerves_15um),Sensory MRG Neuron,15.00um,L5_sciatic,DO-I,30,0.1376953125,13.769531250000002,node[161]
340,Nerve_root_L5_sciatic_nerve_tibial_right_04 [Sensory MRG Neuron 15.00um]  (Soleus_Sensory_Nerves_15um),Sensory MRG Neuron,15.00um,L5_sciatic,DO-I,30,0.1376953125,13.769531250000002,node[161]
358,Nerve_root_L5_sciatic_nerve_tibial_right_07 [Sensory MRG Neuron 15.00um]  (Soleus_Sensory_Nerves_15um),Sensory MRG Neuron,15.00um,L5_sciatic,DO-I,30,0.1376953125,13.769531250000002,node[161]
352,Nerve_root_L5_sciatic_nerve_tibial_right_06 [Sensory MRG Neuron 15.00um]  (Soleus_Sensory_Nerves_15um),Sensory MRG Neuron,15.00um,L5_sciatic,DO-I,30,0.1376953125,13.769531250000002,node[161]
268,Nerve_root_L5_sciatic_muscular_branches_of_nerve_tibial_right_01 [Sensory MRG Neuron 15.00um]  (Soleus_Sensory_Nerves_15um),Sensory MRG Neuron,15.00um,L5_sciatic,DO-I,30,0.1376953125,13.769531250000002,node[161]
286,Nerve_root_L5_sciatic_muscular_branches_of_nerve_tibial_right_04 [Sensory MRG Neuron 15.00um]  (Soleus_Sensory_Nerves_15um),Sensory MRG Neuron,15.00um,L5_sciatic,DO-I,30,0.1376953125,13.769531250000002,node[161]
274,Nerve_root_L5_sciatic_muscular_branches_of_nerve_tibial_right_02 [Sensory MRG Neuron 15.00um]  (Soleus_Sensory_Nerves_15um),Sensory MRG Neuron,15.00um,L5_sciatic,DO-I,30,0.1376953125,13.769531250000002,node[161]
280,Nerve_root_L5_sciatic_muscular_branches_of_nerve_tibial_right_03 [Sensory MRG Neuron 15.00um]  (Soleus_Sensory_Nerves_15um),Sensory MRG Neuron,15.00um,L5_sciatic,DO-I,30,0.1376953125,13.769531250000002,node[161]
184,Nerve_root_L5_muscular_branches_of_nerve_sciatic_left_01 [Sensory MRG Neuron 15.00um]  (Soleus_Sensory_Nerves_15um),Sensory MRG Neuron,15.00um,L5_muscular,DO-I,30,0.138671875,13.867187500000002,node[156]
190,Nerve_root_L5_muscular_branches_of_nerve_sciatic_left_02 [Sensory MRG Neuron 15.00um]  (Soleus_Sensory_Nerves_15um),Sensory MRG Neuron,15.00um,L5_muscular,DO-I,30,0.138671875,13.867187500000002,node[156]
202,Nerve_root_L5_muscular_branches_of_nerve_sciatic_left_04 [Sensory MRG Neuron 15.00um]  (Soleus_Sensory_Nerves_15um),Sensory MRG Neuron,15.00um,L5_muscular,DO-I,30,0.1396484375,13.96484375,node[155]
208,Nerve_root_L5_muscular_branches_of_nerve_sciatic_left_05 [Sensory MRG Neuron 15.00um]  (Soleus_Sensory_Nerves_15um),Sensory MRG Neuron,15.00um,L5_muscular,DO-I,30,0.1396484375,13.96484375,node[156]
244,Nerve_root_L5_sciatic_muscular_branches_of_nerve_tibial_left_02 [Sensory MRG Neuron 15.00um]  (Soleus_Sensory_Nerves_15um),Sensory MRG Neuron,15.00um,L5_sciatic,DO-I,30,0.140625,14.0625,node[156]
310,Nerve_root_L5_sciatic_nerve_tibial_left_04 [Sensory MRG Neuron 15.00um]  (Soleus_Sensory_Nerves_15um),Sensory MRG Neuron,15.00um,L5_sciatic,DO-I,30,0.140625,14.0625,node[156]
256,Nerve_root_L5_sciatic_muscular_branches_of_nerve_tibial_left_04 [Sensory MRG Neuron 15.00um]  (Soleus_Sensory_Nerves_15um),Sensory MRG Neuron,15.00um,L5_sciatic,DO-I,30,0.140625,14.0625,node[156]
304,Nerve_root_L5_sciatic_nerve_tibial_left_03 [Sensory MRG Neuron 15.00um]  (Soleus_Sensory_Nerves_15um),Sensory MRG Neuron,15.00um,L5_sciatic,DO-I,30,0.140625,14.0625,node[156]
292,Nerve_root_L5_sciatic_nerve_tibial_left_01 [Sensory MRG Neuron 15.00um]  (Soleus_Sensory_Nerves_15um),Sensory MRG Neuron,15.00um,L5_sciatic,DO-I,30,0.140625,14.0625,node[156]
262,Nerve_root_L5_sciatic_muscular_branches_of_nerve_tibial_left_05 [Sensory MRG Neuron 15.00um]  (Soleus_Sensory_Nerves_15um),Sensory MRG Neuron,15.00um,L5_sciatic,DO-I,30,0.140625,14.0625,node[156]
316,Nerve_root_L5_sciatic_nerve_tibial_left_05 [Sensory MRG Neuron 15.00um]  (Soleus_Sensory_Nerves_15um),Sensory MRG Neuron,15.00um,L5_sciatic,DO-I,30,0.140625,14.0625,node[156]
298,Nerve_root_L5_sciatic_nerve_tibial_left_02 [Sensory MRG Neuron 15.00um]  (Soleus_Sensory_Nerves_15um),Sensory MRG Neuron,15.00um,L5_sciatic,DO-I,30,0.140625,14.0625,node[156]
238,Nerve_root_L5_sciatic_muscular_branches_of_nerve_tibial_left_01 [Sensory MRG Neuron 15.00um]  (Soleus_Sensory_Nerves_15um),Sensory MRG Neuron,15.00um,L5_sciatic,DO-I,30,0.142578125,14.257812500000002,node[156]
569,Nerve_root_S2_muscular_branches_of_nerve_sciatic_right_01 [Sensory MRG Neuron 20.00um]  (Soleus_Sensory_Nerves_20um),Sensory MRG Neuron,20.00um,S2_muscular,DO-I,30,0.150390625,15.0390625,node[172]
581,Nerve_root_S2_muscular_branches_of_nerve_sciatic_right_03 [Sensory MRG Neuron 20.00um]  (Soleus_Sensory_Nerves_20um),Sensory MRG Neuron,20.00um,S2_muscular,DO-I,30,0.1533203125,15.332031250000002,node[172]
389,Nerve_root_S1_muscular_branches_of_nerve_sciatic_right_01 [Sensory MRG Neuron 20.00um]  (Soleus_Sensory_Nerves_20um),Sensory MRG Neuron,20.00um,S1_muscular,DO-I,30,0.154296875,15.4296875,node[165]
395,Nerve_root_S1_muscular_branches_of_nerve_sciatic_right_02 [Sensory MRG Neuron 20.00um]  (Soleus_Sensory_Nerves_20um),Sensory MRG Neuron,20.00um,S1_muscular,DO-I,30,0.1552734375,15.52734375,node[166]
635,Nerve_root_S2_sciatic_muscular_branches_of_nerve_tibial_right_03 [Sensory MRG Neuron 20.00um]  (Soleus_Sensory_Nerves_20um),Sensory MRG Neuron,20.00um,S2_sciatic,DO-I,30,0.1552734375,15.52734375,node[172]
401,Nerve_root_S1_muscular_branches_of_nerve_sciatic_right_03 [Sensory MRG Neuron 20.00um]  (Soleus_Sensory_Nerves_20um),Sensory MRG Neuron,20.00um,S1_muscular,DO-I,30,0.1552734375,15.52734375,node[166]
641,Nerve_root_S2_sciatic_muscular_branches_of_nerve_tibial_right_04 [Sensory MRG Neuron 20.00um]  (Soleus_Sensory_Nerves_20um),Sensory MRG Neuron,20.00um,S2_sciatic,DO-I,30,0.1572265625,15.722656250000002,node[173]
701,Nerve_root_S2_sciatic_nerve_tibial_right_05 [Sensory MRG Neuron 20.00um]  (Soleus_Sensory_Nerves_20um),Sensory MRG Neuron,20.00um,S2_sciatic,DO-I,30,0.1572265625,15.722656250000002,node[173]
695,Nerve_root_S2_sciatic_nerve_tibial_right_04 [Sensory MRG Neuron 20.00um]  (Soleus_Sensory_Nerves_20um),Sensory MRG Neuron,20.00um,S2_sciatic,DO-I,30,0.1572265625,15.722656250000002,node[173]
683,Nerve_root_S2_sciatic_nerve_tibial_right_02 [Sensory MRG Neuron 20.00um]  (Soleus_Sensory_Nerves_20um),Sensory MRG Neuron,20.00um,S2_sciatic,DO-I,30,0.1572265625,15.722656250000002,node[173]
623,Nerve_root_S2_sciatic_muscular_branches_of_nerve_tibial_right_01 [Sensory MRG Neuron 20.00um]  (Soleus_Sensory_Nerves_20um),Sensory MRG Neuron,20.00um,S2_sciatic,DO-I,30,0.1572265625,15.722656250000002,node[173]
629,Nerve_root_S2_sciatic_muscular_branches_of_nerve_tibial_right_02 [Sensory MRG Neuron 20.00um]  (Soleus_Sensory_Nerves_20um),Sensory MRG Neuron,20.00um,S2_sciatic,DO-I,30,0.1572265625,15.722656250000002,node[173]
677,Nerve_root_S2_sciatic_nerve_tibial_right_01 [Sensory MRG Neuron 20.00um]  (Soleus_Sensory_Nerves_20um),Sensory MRG Neuron,20.00um,S2_sciatic,DO-I,30,0.1572265625,15.722656250000002,node[173]
707,Nerve_root_S2_sciatic_nerve_tibial_right_06 [Sensory MRG Neuron 20.00um]  (Soleus_Sensory_Nerves_20um),Sensory MRG Neuron,20.00um,S2_sciatic,DO-I,30,0.1572265625,15.722656250000002,node[173]
689,Nerve_root_S2_sciatic_nerve_tibial_right_03 [Sensory MRG Neuron 20.00um]  (Soleus_Sensory_Nerves_20um),Sensory MRG Neuron,20.00um,S2_sciatic,DO-I,30,0.1572265625,15.722656250000002,node[173]
713,Nerve_root_S2_sciatic_nerve_tibial_right_07 [Sensory MRG Neuron 20.00um]  (Soleus_Sensory_Nerves_20um),Sensory MRG Neuron,20.00um,S2_sciatic,DO-I,30,0.1572265625,15.722656250000002,node[173]
521,Nerve_root_S1_sciatic_nerve_tibial_right_05 [Sensory MRG Neuron 20.00um]  (Soleus_Sensory_Nerves_20um),Sensory MRG Neuron,20.00um,S1_sciatic,DO-I,30,0.158203125,15.8203125,node[167]
533,Nerve_root_S1_sciatic_nerve_tibial_right_07 [Sensory MRG Neuron 20.00um]  (Soleus_Sensory_Nerves_20um),Sensory MRG Neuron,20.00um,S1_sciatic,DO-I,30,0.158203125,15.8203125,node[167]
527,Nerve_root_S1_sciatic_nerve_tibial_right_06 [Sensory MRG Neuron 20.00um]  (Soleus_Sensory_Nerves_20um),Sensory MRG Neuron,20.00um,S1_sciatic,DO-I,30,0.158203125,15.8203125,node[167]
515,Nerve_root_S1_sciatic_nerve_tibial_right_04 [Sensory MRG Neuron 20.00um]  (Soleus_Sensory_Nerves_20um),Sensory MRG Neuron,20.00um,S1_sciatic,DO-I,30,0.158203125,15.8203125,node[167]
509,Nerve_root_S1_sciatic_nerve_tibial_right_03 [Sensory MRG Neuron 20.00um]  (Soleus_Sensory_Nerves_20um),Sensory MRG Neuron,20.00um,S1_sciatic,DO-I,30,0.158203125,15.8203125,node[167]
503,Nerve_root_S1_sciatic_nerve_tibial_right_02 [Sensory MRG Neuron 20.00um]  (Soleus_Sensory_Nerves_20um),Sensory MRG Neuron,20.00um,S1_sciatic,DO-I,30,0.158203125,15.8203125,node[167]
497,Nerve_root_S1_sciatic_nerve_tibial_right_01 [Sensory MRG Neuron 20.00um]  (Soleus_Sensory_Nerves_20um),Sensory MRG Neuron,20.00um,S1_sciatic,DO-I,30,0.158203125,15.8203125,node[167]
455,Nerve_root_S1_sciatic_muscular_branches_of_nerve_tibial_right_03 [Sensory MRG Neuron 20.00um]  (Soleus_Sensory_Nerves_20um),Sensory MRG Neuron,20.00um,S1_sciatic,DO-I,30,0.158203125,15.8203125,node[167]
461,Nerve_root_S1_sciatic_muscular_branches_of_nerve_tibial_right_04 [Sensory MRG Neuron 20.00um]  (Soleus_Sensory_Nerves_20um),Sensory MRG Neuron,20.00um,S1_sciatic,DO-I,30,0.158203125,15.8203125,node[167]
443,Nerve_root_S1_sciatic_muscular_branches_of_nerve_tibial_right_01 [Sensory MRG Neuron 20.00um]  (Soleus_Sensory_Nerves_20um),Sensory MRG Neuron,20.00um,S1_sciatic,DO-I,30,0.158203125,15.8203125,node[167]
449,Nerve_root_S1_sciatic_muscular_branches_of_nerve_tibial_right_02 [Sensory MRG Neuron 20.00um]  (Soleus_Sensory_Nerves_20um),Sensory MRG Neuron,20.00um,S1_sciatic,DO-I,30,0.158203125,15.8203125,node[167]
587,Nerve_root_S2_muscular_branches_of_nerve_sciatic_right_04 [Sensory MRG Neuron 20.00um]  (Soleus_Sensory_Nerves_20um),Sensory MRG Neuron,20.00um,S2_muscular,DO-I,30,0.1591796875,15.91796875,node[173]
575,Nerve_root_S2_muscular_branches_of_nerve_sciatic_right_02 [Sensory MRG Neuron 20.00um]  (Soleus_Sensory_Nerves_20um),Sensory MRG Neuron,20.00um,S2_muscular,DO-I,30,0.16015625,16.015625000000004,node[173]
407,Nerve_root_S1_muscular_branches_of_nerve_sciatic_right_04 [Sensory MRG Neuron 20.00um]  (Soleus_Sensory_Nerves_20um),Sensory MRG Neuron,20.00um,S1_muscular,DO-I,30,0.16015625,16.015625000000004,node[167]
568,Nerve_root_S2_muscular_branches_of_nerve_sciatic_right_01 [Sensory MRG Neuron 15.00um]  (Soleus_Sensory_Nerves_15um),Sensory MRG Neuron,15.00um,S2_muscular,DO-I,30,0.173828125,17.3828125,node[204]
400,Nerve_root_S1_muscular_branches_of_nerve_sciatic_right_03 [Sensory MRG Neuron 15.00um]  (Soleus_Sensory_Nerves_15um),Sensory MRG Neuron,15.00um,S1_muscular,DO-I,30,0.17578125,17.578125,node[197]
388,Nerve_root_S1_muscular_branches_of_nerve_sciatic_right_01 [Sensory MRG Neuron 15.00um]  (Soleus_Sensory_Nerves_15um),Sensory MRG Neuron,15.00um,S1_muscular,DO-I,30,0.17578125,17.578125,node[197]
394,Nerve_root_S1_muscular_branches_of_nerve_sciatic_right_02 [Sensory MRG Neuron 15.00um]  (Soleus_Sensory_Nerves_15um),Sensory MRG Neuron,15.00um,S1_muscular,DO-I,30,0.1787109375,17.87109375,node[197]
365,Nerve_root_S1_muscular_branches_of_nerve_sciatic_left_01 [Sensory MRG Neuron 20.00um]  (Soleus_Sensory_Nerves_20um),Sensory MRG Neuron,20.00um,S1_muscular,DO-I,30,0.1787109375,17.87109375,node[0]
371,Nerve_root_S1_muscular_branches_of_nerve_sciatic_left_02 [Sensory MRG Neuron 20.00um]  (Soleus_Sensory_Nerves_20um),Sensory MRG Neuron,20.00um,S1_muscular,DO-I,30,0.1787109375,17.87109375,node[0]
551,Nerve_root_S2_muscular_branches_of_nerve_sciatic_left_03 [Sensory MRG Neuron 20.00um]  (Soleus_Sensory_Nerves_20um),Sensory MRG Neuron,20.00um,S2_muscular,DO-I,30,0.1787109375,17.87109375,node[169]
383,Nerve_root_S1_muscular_branches_of_nerve_sciatic_left_05 [Sensory MRG Neuron 20.00um]  (Soleus_Sensory_Nerves_20um),Sensory MRG Neuron,20.00um,S1_muscular,DO-I,30,0.1796875,17.968750000000004,node[0]
712,Nerve_root_S2_sciatic_nerve_tibial_right_07 [Sensory MRG Neuron 15.00um]  (Soleus_Sensory_Nerves_15um),Sensory MRG Neuron,15.00um,S2_sciatic,DO-I,30,0.1796875,17.968750000000004,node[205]
640,Nerve_root_S2_sciatic_muscular_branches_of_nerve_tibial_right_04 [Sensory MRG Neuron 15.00um]  (Soleus_Sensory_Nerves_15um),Sensory MRG Neuron,15.00um,S2_sciatic,DO-I,30,0.1796875,17.968750000000004,node[205]
706,Nerve_root_S2_sciatic_nerve_tibial_right_06 [Sensory MRG Neuron 15.00um]  (Soleus_Sensory_Nerves_15um),Sensory MRG Neuron,15.00um,S2_sciatic,DO-I,30,0.1796875,17.968750000000004,node[205]
700,Nerve_root_S2_sciatic_nerve_tibial_right_05 [Sensory MRG Neuron 15.00um]  (Soleus_Sensory_Nerves_15um),Sensory MRG Neuron,15.00um,S2_sciatic,DO-I,30,0.1796875,17.968750000000004,node[205]
694,Nerve_root_S2_sciatic_nerve_tibial_right_04 [Sensory MRG Neuron 15.00um]  (Soleus_Sensory_Nerves_15um),Sensory MRG Neuron,15.00um,S2_sciatic,DO-I,30,0.1796875,17.968750000000004,node[205]
688,Nerve_root_S2_sciatic_nerve_tibial_right_03 [Sensory MRG Neuron 15.00um]  (Soleus_Sensory_Nerves_15um),Sensory MRG Neuron,15.00um,S2_sciatic,DO-I,30,0.1796875,17.968750000000004,node[205]
682,Nerve_root_S2_sciatic_nerve_tibial_right_02 [Sensory MRG Neuron 15.00um]  (Soleus_Sensory_Nerves_15um),Sensory MRG Neuron,15.00um,S2_sciatic,DO-I,30,0.1796875,17.968750000000004,node[205]
605,Nerve_root_S2_sciatic_muscular_branches_of_nerve_tibial_left_03 [Sensory MRG Neuron 20.00um]  (Soleus_Sensory_Nerves_20um),Sensory MRG Neuron,20.00um,S2_sciatic,DO-I,30,0.1796875,17.968750000000004,node[168]
634,Nerve_root_S2_sciatic_muscular_branches_of_nerve_tibial_right_03 [Sensory MRG Neuron 15.00um]  (Soleus_Sensory_Nerves_15um),Sensory MRG Neuron,15.00um,S2_sciatic,DO-I,30,0.1796875,17.968750000000004,node[205]
676,Nerve_root_S2_sciatic_nerve_tibial_right_01 [Sensory MRG Neuron 15.00um]  (Soleus_Sensory_Nerves_15um),Sensory MRG Neuron,15.00um,S2_sciatic,DO-I,30,0.1796875,17.968750000000004,node[205]
628,Nerve_root_S2_sciatic_muscular_branches_of_nerve_tibial_right_02 [Sensory MRG Neuron 15.00um]  (Soleus_Sensory_Nerves_15um),Sensory MRG Neuron,15.00um,S2_sciatic,DO-I,30,0.1796875,17.968750000000004,node[205]
586,Nerve_root_S2_muscular_branches_of_nerve_sciatic_right_04 [Sensory MRG Neuron 15.00um]  (Soleus_Sensory_Nerves_15um),Sensory MRG Neuron,15.00um,S2_muscular,DO-I,30,0.1796875,17.968750000000004,node[205]
622,Nerve_root_S2_sciatic_muscular_branches_of_nerve_tibial_right_01 [Sensory MRG Neuron 15.00um]  (Soleus_Sensory_Nerves_15um),Sensory MRG Neuron,15.00um,S2_sciatic,DO-I,30,0.1796875,17.968750000000004,node[205]
496,Nerve_root_S1_sciatic_nerve_tibial_right_01 [Sensory MRG Neuron 15.00um]  (Soleus_Sensory_Nerves_15um),Sensory MRG Neuron,15.00um,S1_sciatic,DO-I,30,0.1806640625,18.06640625,node[197]
580,Nerve_root_S2_muscular_branches_of_nerve_sciatic_right_03 [Sensory MRG Neuron 15.00um]  (Soleus_Sensory_Nerves_15um),Sensory MRG Neuron,15.00um,S2_muscular,DO-I,30,0.1806640625,18.06640625,node[205]
195,Nerve_root_L5_muscular_branches_of_nerve_sciatic_left_03 [Sensory MRG Neuron 10.00um]  (Soleus_Sensory_Nerves_10um),Sensory MRG Neuron,10.00um,L5_muscular,DO-I,30,0.1806640625,18.06640625,node[211]
448,Nerve_root_S1_sciatic_muscular_branches_of_nerve_tibial_right_02 [Sensory MRG Neuron 15.00um]  (Soleus_Sensory_Nerves_15um),Sensory MRG Neuron,15.00um,S1_sciatic,DO-I,30,0.1806640625,18.06640625,node[197]
502,Nerve_root_S1_sciatic_nerve_tibial_right_02 [Sensory MRG Neuron 15.00um]  (Soleus_Sensory_Nerves_15um),Sensory MRG Neuron,15.00um,S1_sciatic,DO-I,30,0.1806640625,18.06640625,node[197]
406,Nerve_root_S1_muscular_branches_of_nerve_sciatic_right_04 [Sensory MRG Neuron 15.00um]  (Soleus_Sensory_Nerves_15um),Sensory MRG Neuron,15.00um,S1_muscular,DO-I,30,0.1806640625,18.06640625,node[198]
460,Nerve_root_S1_sciatic_muscular_branches_of_nerve_tibial_right_04 [Sensory MRG Neuron 15.00um]  (Soleus_Sensory_Nerves_15um),Sensory MRG Neuron,15.00um,S1_sciatic,DO-I,30,0.1806640625,18.06640625,node[197]
442,Nerve_root_S1_sciatic_muscular_branches_of_nerve_tibial_right_01 [Sensory MRG Neuron 15.00um]  (Soleus_Sensory_Nerves_15um),Sensory MRG Neuron,15.00um,S1_sciatic,DO-I,30,0.1806640625,18.06640625,node[197]
454,Nerve_root_S1_sciatic_muscular_branches_of_nerve_tibial_right_03 [Sensory MRG Neuron 15.00um]  (Soleus_Sensory_Nerves_15um),Sensory MRG Neuron,15.00um,S1_sciatic,DO-I,30,0.1806640625,18.06640625,node[198]
574,Nerve_root_S2_muscular_branches_of_nerve_sciatic_right_02 [Sensory MRG Neuron 15.00um]  (Soleus_Sensory_Nerves_15um),Sensory MRG Neuron,15.00um,S2_muscular,DO-I,30,0.1806640625,18.06640625,node[205]
514,Nerve_root_S1_sciatic_nerve_tibial_right_04 [Sensory MRG Neuron 15.00um]  (Soleus_Sensory_Nerves_15um),Sensory MRG Neuron,15.00um,S1_sciatic,DO-I,30,0.1806640625,18.06640625,node[197]
520,Nerve_root_S1_sciatic_nerve_tibial_right_05 [Sensory MRG Neuron 15.00um]  (Soleus_Sensory_Nerves_15um),Sensory MRG Neuron,15.00um,S1_sciatic,DO-I,30,0.1806640625,18.06640625,node[197]
508,Nerve_root_S1_sciatic_nerve_tibial_right_03 [Sensory MRG Neuron 15.00um]  (Soleus_Sensory_Nerves_15um),Sensory MRG Neuron,15.00um,S1_sciatic,DO-I,30,0.1806640625,18.06640625,node[197]
532,Nerve_root_S1_sciatic_nerve_tibial_right_07 [Sensory MRG Neuron 15.00um]  (Soleus_Sensory_Nerves_15um),Sensory MRG Neuron,15.00um,S1_sciatic,DO-I,30,0.1806640625,18.06640625,node[197]
526,Nerve_root_S1_sciatic_nerve_tibial_right_06 [Sensory MRG Neuron 15.00um]  (Soleus_Sensory_Nerves_15um),Sensory MRG Neuron,15.00um,S1_sciatic,DO-I,30,0.1806640625,18.06640625,node[197]
431,Nerve_root_S1_sciatic_muscular_branches_of_nerve_tibial_left_04 [Sensory MRG Neuron 20.00um]  (Soleus_Sensory_Nerves_20um),Sensory MRG Neuron,20.00um,S1_sciatic,DO-I,30,0.181640625,18.1640625,node[0]
437,Nerve_root_S1_sciatic_muscular_branches_of_nerve_tibial_left_05 [Sensory MRG Neuron 20.00um]  (Soleus_Sensory_Nerves_20um),Sensory MRG Neuron,20.00um,S1_sciatic,DO-I,30,0.181640625,18.1640625,node[0]
413,Nerve_root_S1_sciatic_muscular_branches_of_nerve_tibial_left_01 [Sensory MRG Neuron 20.00um]  (Soleus_Sensory_Nerves_20um),Sensory MRG Neuron,20.00um,S1_sciatic,DO-I,30,0.181640625,18.1640625,node[0]
479,Nerve_root_S1_sciatic_nerve_tibial_left_03 [Sensory MRG Neuron 20.00um]  (Soleus_Sensory_Nerves_20um),Sensory MRG Neuron,20.00um,S1_sciatic,DO-I,30,0.181640625,18.1640625,node[0]
377,Nerve_root_S1_muscular_branches_of_nerve_sciatic_left_04 [Sensory MRG Neuron 20.00um]  (Soleus_Sensory_Nerves_20um),Sensory MRG Neuron,20.00um,S1_muscular,DO-I,30,0.181640625,18.1640625,node[0]
467,Nerve_root_S1_sciatic_nerve_tibial_left_01 [Sensory MRG Neuron 20.00um]  (Soleus_Sensory_Nerves_20um),Sensory MRG Neuron,20.00um,S1_sciatic,DO-I,30,0.181640625,18.1640625,node[0]
473,Nerve_root_S1_sciatic_nerve_tibial_left_02 [Sensory MRG Neuron 20.00um]  (Soleus_Sensory_Nerves_20um),Sensory MRG Neuron,20.00um,S1_sciatic,DO-I,30,0.181640625,18.1640625,node[0]
485,Nerve_root_S1_sciatic_nerve_tibial_left_04 [Sensory MRG Neuron 20.00um]  (Soleus_Sensory_Nerves_20um),Sensory MRG Neuron,20.00um,S1_sciatic,DO-I,30,0.181640625,18.1640625,node[0]
491,Nerve_root_S1_sciatic_nerve_tibial_left_05 [Sensory MRG Neuron 20.00um]  (Soleus_Sensory_Nerves_20um),Sensory MRG Neuron,20.00um,S1_sciatic,DO-I,30,0.181640625,18.1640625,node[0]
425,Nerve_root_S1_sciatic_muscular_branches_of_nerve_tibial_left_03 [Sensory MRG Neuron 20.00um]  (Soleus_Sensory_Nerves_20um),Sensory MRG Neuron,20.00um,S1_sciatic,DO-I,30,0.181640625,18.1640625,node[0]
419,Nerve_root_S1_sciatic_muscular_branches_of_nerve_tibial_left_02 [Sensory MRG Neuron 20.00um]  (Soleus_Sensory_Nerves_20um),Sensory MRG Neuron,20.00um,S1_sciatic,DO-I,30,0.181640625,18.1640625,node[0]
545,Nerve_root_S2_muscular_branches_of_nerve_sciatic_left_02 [Sensory MRG Neuron 20.00um]  (Soleus_Sensory_Nerves_20um),Sensory MRG Neuron,20.00um,S2_muscular,DO-I,30,0.1826171875,18.26171875,node[168]
539,Nerve_root_S2_muscular_branches_of_nerve_sciatic_left_01 [Sensory MRG Neuron 20.00um]  (Soleus_Sensory_Nerves_20um),Sensory MRG Neuron,20.00um,S2_muscular,DO-I,30,0.1826171875,18.26171875,node[168]
647,Nerve_root_S2_sciatic_nerve_tibial_left_01 [Sensory MRG Neuron 20.00um]  (Soleus_Sensory_Nerves_20um),Sensory MRG Neuron,20.00um,S2_sciatic,DO-I,30,0.185546875,18.5546875,node[168]
665,Nerve_root_S2_sciatic_nerve_tibial_left_04 [Sensory MRG Neuron 20.00um]  (Soleus_Sensory_Nerves_20um),Sensory MRG Neuron,20.00um,S2_sciatic,DO-I,30,0.185546875,18.5546875,node[168]
617,Nerve_root_S2_sciatic_muscular_branches_of_nerve_tibial_left_05 [Sensory MRG Neuron 20.00um]  (Soleus_Sensory_Nerves_20um),Sensory MRG Neuron,20.00um,S2_sciatic,DO-I,30,0.185546875,18.5546875,node[168]
659,Nerve_root_S2_sciatic_nerve_tibial_left_03 [Sensory MRG Neuron 20.00um]  (Soleus_Sensory_Nerves_20um),Sensory MRG Neuron,20.00um,S2_sciatic,DO-I,30,0.185546875,18.5546875,node[168]
653,Nerve_root_S2_sciatic_nerve_tibial_left_02 [Sensory MRG Neuron 20.00um]  (Soleus_Sensory_Nerves_20um),Sensory MRG Neuron,20.00um,S2_sciatic,DO-I,30,0.185546875,18.5546875,node[168]
671,Nerve_root_S2_sciatic_nerve_tibial_left_05 [Sensory MRG Neuron 20.00um]  (Soleus_Sensory_Nerves_20um),Sensory MRG Neuron,20.00um,S2_sciatic,DO-I,30,0.185546875,18.5546875,node[168]
611,Nerve_root_S2_sciatic_muscular_branches_of_nerve_tibial_left_04 [Sensory MRG Neuron 20.00um]  (Soleus_Sensory_Nerves_20um),Sensory MRG Neuron,20.00um,S2_sciatic,DO-I,30,0.185546875,18.5546875,node[168]
557,Nerve_root_S2_muscular_branches_of_nerve_sciatic_left_04 [Sensory MRG Neuron 20.00um]  (Soleus_Sensory_Nerves_20um),Sensory MRG Neuron,20.00um,S2_muscular,DO-I,30,0.1875,18.750000000000004,node[168]
563,Nerve_root_S2_muscular_branches_of_nerve_sciatic_left_05 [Sensory MRG Neuron 20.00um]  (Soleus_Sensory_Nerves_20um),Sensory MRG Neuron,20.00um,S2_muscular,DO-I,30,0.1875,18.750000000000004,node[168]
599,Nerve_root_S2_sciatic_muscular_branches_of_nerve_tibial_left_02 [Sensory MRG Neuron 20.00um]  (Soleus_Sensory_Nerves_20um),Sensory MRG Neuron,20.00um,S2_sciatic,DO-I,30,0.1875,18.750000000000004,node[168]
593,Nerve_root_S2_sciatic_muscular_branches_of_nerve_tibial_left_01 [Sensory MRG Neuron 20.00um]  (Soleus_Sensory_Nerves_20um),Sensory MRG Neuron,20.00um,S2_sciatic,DO-I,30,0.1884765625,18.84765625,node[168]
194,Nerve_root_L5_muscular_branches_of_nerve_sciatic_left_03 [Motor MRG Neuron 20.00um]  (Soleus_Motor_Nerves_20um),Motor MRG Neuron,20.00um,L5_muscular,DO-I,30,0.19921875,19.921875000000004,node[130]
50,Nerve_root_L4_L5_muscular_branches_of_nerve_sciatic_right_04 [Motor MRG Neuron 20.00um]  (Soleus_Motor_Nerves_20um),Motor MRG Neuron,20.00um,L4_L5,DO-I,30,0.212890625,21.2890625,node[139]
44,Nerve_root_L4_L5_muscular_branches_of_nerve_sciatic_right_03 [Motor MRG Neuron 20.00um]  (Soleus_Motor_Nerves_20um),Motor MRG Neuron,20.00um,L4_L5,DO-I,30,0.21484375,21.484375,node[139]
146,Nerve_root_L4_L5_sciatic_nerve_tibial_right_02 [Motor MRG Neuron 20.00um]  (Soleus_Motor_Nerves_20um),Motor MRG Neuron,20.00um,L4_L5,DO-I,30,0.21484375,21.484375,node[139]
32,Nerve_root_L4_L5_muscular_branches_of_nerve_sciatic_right_01 [Motor MRG Neuron 20.00um]  (Soleus_Motor_Nerves_20um),Motor MRG Neuron,20.00um,L4_L5,DO-I,30,0.21484375,21.484375,node[138]
86,Nerve_root_L4_L5_sciatic_muscular_branches_of_nerve_tibial_right_01 [Motor MRG Neuron 20.00um]  (Soleus_Motor_Nerves_20um),Motor MRG Neuron,20.00um,L4_L5,DO-I,30,0.21484375,21.484375,node[139]
92,Nerve_root_L4_L5_sciatic_muscular_branches_of_nerve_tibial_right_02 [Motor MRG Neuron 20.00um]  (Soleus_Motor_Nerves_20um),Motor MRG Neuron,20.00um,L4_L5,DO-I,30,0.21484375,21.484375,node[139]
230,Nerve_root_L5_muscular_branches_of_nerve_sciatic_right_04 [Motor MRG Neuron 20.00um]  (Soleus_Motor_Nerves_20um),Motor MRG Neuron,20.00um,L5_muscular,DO-I,30,0.21484375,21.484375,node[136]
140,Nerve_root_L4_L5_sciatic_nerve_tibial_right_01 [Motor MRG Neuron 20.00um]  (Soleus_Motor_Nerves_20um),Motor MRG Neuron,20.00um,L4_L5,DO-I,30,0.21484375,21.484375,node[139]
224,Nerve_root_L5_muscular_branches_of_nerve_sciatic_right_03 [Motor MRG Neuron 20.00um]  (Soleus_Motor_Nerves_20um),Motor MRG Neuron,20.00um,L5_muscular,DO-I,30,0.21484375,21.484375,node[134]
176,Nerve_root_L4_L5_sciatic_nerve_tibial_right_07 [Motor MRG Neuron 20.00um]  (Soleus_Motor_Nerves_20um),Motor MRG Neuron,20.00um,L4_L5,DO-I,30,0.21484375,21.484375,node[139]
170,Nerve_root_L4_L5_sciatic_nerve_tibial_right_06 [Motor MRG Neuron 20.00um]  (Soleus_Motor_Nerves_20um),Motor MRG Neuron,20.00um,L4_L5,DO-I,30,0.21484375,21.484375,node[139]
98,Nerve_root_L4_L5_sciatic_muscular_branches_of_nerve_tibial_right_03 [Motor MRG Neuron 20.00um]  (Soleus_Motor_Nerves_20um),Motor MRG Neuron,20.00um,L4_L5,DO-I,30,0.21484375,21.484375,node[139]
38,Nerve_root_L4_L5_muscular_branches_of_nerve_sciatic_right_02 [Motor MRG Neuron 20.00um]  (Soleus_Motor_Nerves_20um),Motor MRG Neuron,20.00um,L4_L5,DO-I,30,0.21484375,21.484375,node[139]
164,Nerve_root_L4_L5_sciatic_nerve_tibial_right_05 [Motor MRG Neuron 20.00um]  (Soleus_Motor_Nerves_20um),Motor MRG Neuron,20.00um,L4_L5,DO-I,30,0.21484375,21.484375,node[139]
104,Nerve_root_L4_L5_sciatic_muscular_branches_of_nerve_tibial_right_04 [Motor MRG Neuron 20.00um]  (Soleus_Motor_Nerves_20um),Motor MRG Neuron,20.00um,L4_L5,DO-I,30,0.21484375,21.484375,node[139]
158,Nerve_root_L4_L5_sciatic_nerve_tibial_right_04 [Motor MRG Neuron 20.00um]  (Soleus_Motor_Nerves_20um),Motor MRG Neuron,20.00um,L4_L5,DO-I,30,0.21484375,21.484375,node[139]
218,Nerve_root_L5_muscular_branches_of_nerve_sciatic_right_02 [Motor MRG Neuron 20.00um]  (Soleus_Motor_Nerves_20um),Motor MRG Neuron,20.00um,L5_muscular,DO-I,30,0.21484375,21.484375,node[135]
152,Nerve_root_L4_L5_sciatic_nerve_tibial_right_03 [Motor MRG Neuron 20.00um]  (Soleus_Motor_Nerves_20um),Motor MRG Neuron,20.00um,L4_L5,DO-I,30,0.21484375,21.484375,node[139]
212,Nerve_root_L5_muscular_branches_of_nerve_sciatic_right_01 [Motor MRG Neuron 20.00um]  (Soleus_Motor_Nerves_20um),Motor MRG Neuron,20.00um,L5_muscular,DO-I,30,0.216796875,21.679687500000004,node[135]
344,Nerve_root_L5_sciatic_nerve_tibial_right_05 [Motor MRG Neuron 20.00um]  (Soleus_Motor_Nerves_20um),Motor MRG Neuron,20.00um,L5_sciatic,DO-I,30,0.21875,21.875000000000004,node[135]
338,Nerve_root_L5_sciatic_nerve_tibial_right_04 [Motor MRG Neuron 20.00um]  (Soleus_Motor_Nerves_20um),Motor MRG Neuron,20.00um,L5_sciatic,DO-I,30,0.21875,21.875000000000004,node[135]
332,Nerve_root_L5_sciatic_nerve_tibial_right_03 [Motor MRG Neuron 20.00um]  (Soleus_Motor_Nerves_20um),Motor MRG Neuron,20.00um,L5_sciatic,DO-I,30,0.21875,21.875000000000004,node[135]
326,Nerve_root_L5_sciatic_nerve_tibial_right_02 [Motor MRG Neuron 20.00um]  (Soleus_Motor_Nerves_20um),Motor MRG Neuron,20.00um,L5_sciatic,DO-I,30,0.21875,21.875000000000004,node[135]
320,Nerve_root_L5_sciatic_nerve_tibial_right_01 [Motor MRG Neuron 20.00um]  (Soleus_Motor_Nerves_20um),Motor MRG Neuron,20.00um,L5_sciatic,DO-I,30,0.21875,21.875000000000004,node[135]
356,Nerve_root_L5_sciatic_nerve_tibial_right_07 [Motor MRG Neuron 20.00um]  (Soleus_Motor_Nerves_20um),Motor MRG Neuron,20.00um,L5_sciatic,DO-I,30,0.21875,21.875000000000004,node[135]
266,Nerve_root_L5_sciatic_muscular_branches_of_nerve_tibial_right_01 [Motor MRG Neuron 20.00um]  (Soleus_Motor_Nerves_20um),Motor MRG Neuron,20.00um,L5_sciatic,DO-I,30,0.21875,21.875000000000004,node[135]
350,Nerve_root_L5_sciatic_nerve_tibial_right_06 [Motor MRG Neuron 20.00um]  (Soleus_Motor_Nerves_20um),Motor MRG Neuron,20.00um,L5_sciatic,DO-I,30,0.21875,21.875000000000004,node[135]
272,Nerve_root_L5_sciatic_muscular_branches_of_nerve_tibial_right_02 [Motor MRG Neuron 20.00um]  (Soleus_Motor_Nerves_20um),Motor MRG Neuron,20.00um,L5_sciatic,DO-I,30,0.21875,21.875000000000004,node[135]
284,Nerve_root_L5_sciatic_muscular_branches_of_nerve_tibial_right_04 [Motor MRG Neuron 20.00um]  (Soleus_Motor_Nerves_20um),Motor MRG Neuron,20.00um,L5_sciatic,DO-I,30,0.21875,21.875000000000004,node[135]
278,Nerve_root_L5_sciatic_muscular_branches_of_nerve_tibial_right_03 [Motor MRG Neuron 20.00um]  (Soleus_Motor_Nerves_20um),Motor MRG Neuron,20.00um,L5_sciatic,DO-I,30,0.21875,21.875000000000004,node[135]
424,Nerve_root_S1_sciatic_muscular_branches_of_nerve_tibial_left_03 [Sensory MRG Neuron 15.00um]  (Soleus_Sensory_Nerves_15um),Sensory MRG Neuron,15.00um,S1_sciatic,DO-I,30,0.22265625,22.265625,node[0]
418,Nerve_root_S1_sciatic_muscular_branches_of_nerve_tibial_left_02 [Sensory MRG Neuron 15.00um]  (Soleus_Sensory_Nerves_15um),Sensory MRG Neuron,15.00um,S1_sciatic,DO-I,30,0.22265625,22.265625,node[0]
412,Nerve_root_S1_sciatic_muscular_branches_of_nerve_tibial_left_01 [Sensory MRG Neuron 15.00um]  (Soleus_Sensory_Nerves_15um),Sensory MRG Neuron,15.00um,S1_sciatic,DO-I,30,0.22265625,22.265625,node[0]
430,Nerve_root_S1_sciatic_muscular_branches_of_nerve_tibial_left_04 [Sensory MRG Neuron 15.00um]  (Soleus_Sensory_Nerves_15um),Sensory MRG Neuron,15.00um,S1_sciatic,DO-I,30,0.22265625,22.265625,node[0]
490,Nerve_root_S1_sciatic_nerve_tibial_left_05 [Sensory MRG Neuron 15.00um]  (Soleus_Sensory_Nerves_15um),Sensory MRG Neuron,15.00um,S1_sciatic,DO-I,30,0.22265625,22.265625,node[0]
436,Nerve_root_S1_sciatic_muscular_branches_of_nerve_tibial_left_05 [Sensory MRG Neuron 15.00um]  (Soleus_Sensory_Nerves_15um),Sensory MRG Neuron,15.00um,S1_sciatic,DO-I,30,0.22265625,22.265625,node[0]
382,Nerve_root_S1_muscular_branches_of_nerve_sciatic_left_05 [Sensory MRG Neuron 15.00um]  (Soleus_Sensory_Nerves_15um),Sensory MRG Neuron,15.00um,S1_muscular,DO-I,30,0.22265625,22.265625,node[0]
478,Nerve_root_S1_sciatic_nerve_tibial_left_03 [Sensory MRG Neuron 15.00um]  (Soleus_Sensory_Nerves_15um),Sensory MRG Neuron,15.00um,S1_sciatic,DO-I,30,0.22265625,22.265625,node[0]
472,Nerve_root_S1_sciatic_nerve_tibial_left_02 [Sensory MRG Neuron 15.00um]  (Soleus_Sensory_Nerves_15um),Sensory MRG Neuron,15.00um,S1_sciatic,DO-I,30,0.22265625,22.265625,node[0]
466,Nerve_root_S1_sciatic_nerve_tibial_left_01 [Sensory MRG Neuron 15.00um]  (Soleus_Sensory_Nerves_15um),Sensory MRG Neuron,15.00um,S1_sciatic,DO-I,30,0.22265625,22.265625,node[0]
538,Nerve_root_S2_muscular_branches_of_nerve_sciatic_left_01 [Sensory MRG Neuron 15.00um]  (Soleus_Sensory_Nerves_15um),Sensory MRG Neuron,15.00um,S2_muscular,DO-I,30,0.22265625,22.265625,node[199]
556,Nerve_root_S2_muscular_branches_of_nerve_sciatic_left_04 [Sensory MRG Neuron 15.00um]  (Soleus_Sensory_Nerves_15um),Sensory MRG Neuron,15.00um,S2_muscular,DO-I,30,0.22265625,22.265625,node[199]
376,Nerve_root_S1_muscular_branches_of_nerve_sciatic_left_04 [Sensory MRG Neuron 15.00um]  (Soleus_Sensory_Nerves_15um),Sensory MRG Neuron,15.00um,S1_muscular,DO-I,30,0.22265625,22.265625,node[0]
544,Nerve_root_S2_muscular_branches_of_nerve_sciatic_left_02 [Sensory MRG Neuron 15.00um]  (Soleus_Sensory_Nerves_15um),Sensory MRG Neuron,15.00um,S2_muscular,DO-I,30,0.22265625,22.265625,node[199]
484,Nerve_root_S1_sciatic_nerve_tibial_left_04 [Sensory MRG Neuron 15.00um]  (Soleus_Sensory_Nerves_15um),Sensory MRG Neuron,15.00um,S1_sciatic,DO-I,30,0.22265625,22.265625,node[0]
664,Nerve_root_S2_sciatic_nerve_tibial_left_04 [Sensory MRG Neuron 15.00um]  (Soleus_Sensory_Nerves_15um),Sensory MRG Neuron,15.00um,S2_sciatic,DO-I,30,0.224609375,22.4609375,node[199]
592,Nerve_root_S2_sciatic_muscular_branches_of_nerve_tibial_left_01 [Sensory MRG Neuron 15.00um]  (Soleus_Sensory_Nerves_15um),Sensory MRG Neuron,15.00um,S2_sciatic,DO-I,30,0.224609375,22.4609375,node[199]
658,Nerve_root_S2_sciatic_nerve_tibial_left_03 [Sensory MRG Neuron 15.00um]  (Soleus_Sensory_Nerves_15um),Sensory MRG Neuron,15.00um,S2_sciatic,DO-I,30,0.224609375,22.4609375,node[199]
670,Nerve_root_S2_sciatic_nerve_tibial_left_05 [Sensory MRG Neuron 15.00um]  (Soleus_Sensory_Nerves_15um),Sensory MRG Neuron,15.00um,S2_sciatic,DO-I,30,0.224609375,22.4609375,node[199]
646,Nerve_root_S2_sciatic_nerve_tibial_left_01 [Sensory MRG Neuron 15.00um]  (Soleus_Sensory_Nerves_15um),Sensory MRG Neuron,15.00um,S2_sciatic,DO-I,30,0.224609375,22.4609375,node[199]
260,Nerve_root_L5_sciatic_muscular_branches_of_nerve_tibial_left_05 [Motor MRG Neuron 20.00um]  (Soleus_Motor_Nerves_20um),Motor MRG Neuron,20.00um,L5_sciatic,DO-I,30,0.224609375,22.4609375,node[131]
652,Nerve_root_S2_sciatic_nerve_tibial_left_02 [Sensory MRG Neuron 15.00um]  (Soleus_Sensory_Nerves_15um),Sensory MRG Neuron,15.00um,S2_sciatic,DO-I,30,0.224609375,22.4609375,node[199]
290,Nerve_root_L5_sciatic_nerve_tibial_left_01 [Motor MRG Neuron 20.00um]  (Soleus_Motor_Nerves_20um),Motor MRG Neuron,20.00um,L5_sciatic,DO-I,30,0.224609375,22.4609375,node[131]
296,Nerve_root_L5_sciatic_nerve_tibial_left_02 [Motor MRG Neuron 20.00um]  (Soleus_Motor_Nerves_20um),Motor MRG Neuron,20.00um,L5_sciatic,DO-I,30,0.224609375,22.4609375,node[131]
302,Nerve_root_L5_sciatic_nerve_tibial_left_03 [Motor MRG Neuron 20.00um]  (Soleus_Motor_Nerves_20um),Motor MRG Neuron,20.00um,L5_sciatic,DO-I,30,0.224609375,22.4609375,node[131]
314,Nerve_root_L5_sciatic_nerve_tibial_left_05 [Motor MRG Neuron 20.00um]  (Soleus_Motor_Nerves_20um),Motor MRG Neuron,20.00um,L5_sciatic,DO-I,30,0.224609375,22.4609375,node[131]
242,Nerve_root_L5_sciatic_muscular_branches_of_nerve_tibial_left_02 [Motor MRG Neuron 20.00um]  (Soleus_Motor_Nerves_20um),Motor MRG Neuron,20.00um,L5_sciatic,DO-I,30,0.224609375,22.4609375,node[131]
308,Nerve_root_L5_sciatic_nerve_tibial_left_04 [Motor MRG Neuron 20.00um]  (Soleus_Motor_Nerves_20um),Motor MRG Neuron,20.00um,L5_sciatic,DO-I,30,0.224609375,22.4609375,node[131]
254,Nerve_root_L5_sciatic_muscular_branches_of_nerve_tibial_left_04 [Motor MRG Neuron 20.00um]  (Soleus_Motor_Nerves_20um),Motor MRG Neuron,20.00um,L5_sciatic,DO-I,30,0.224609375,22.4609375,node[131]
550,Nerve_root_S2_muscular_branches_of_nerve_sciatic_left_03 [Sensory MRG Neuron 15.00um]  (Soleus_Sensory_Nerves_15um),Sensory MRG Neuron,15.00um,S2_muscular,DO-I,30,0.2265625,22.656250000000004,node[199]
248,Nerve_root_L5_sciatic_muscular_branches_of_nerve_tibial_left_03 [Motor MRG Neuron 20.00um]  (Soleus_Motor_Nerves_20um),Motor MRG Neuron,20.00um,L5_sciatic,DO-I,30,0.2265625,22.656250000000004,node[131]
188,Nerve_root_L5_muscular_branches_of_nerve_sciatic_left_02 [Motor MRG Neuron 20.00um]  (Soleus_Motor_Nerves_20um),Motor MRG Neuron,20.00um,L5_muscular,DO-I,30,0.2265625,22.656250000000004,node[132]
604,Nerve_root_S2_sciatic_muscular_branches_of_nerve_tibial_left_03 [Sensory MRG Neuron 15.00um]  (Soleus_Sensory_Nerves_15um),Sensory MRG Neuron,15.00um,S2_sciatic,DO-I,30,0.2265625,22.656250000000004,node[199]
182,Nerve_root_L5_muscular_branches_of_nerve_sciatic_left_01 [Motor MRG Neuron 20.00um]  (Soleus_Motor_Nerves_20um),Motor MRG Neuron,20.00um,L5_muscular,DO-I,30,0.2265625,22.656250000000004,node[132]
370,Nerve_root_S1_muscular_branches_of_nerve_sciatic_left_02 [Sensory MRG Neuron 15.00um]  (Soleus_Sensory_Nerves_15um),Sensory MRG Neuron,15.00um,S1_muscular,DO-I,30,0.2265625,22.656250000000004,node[193]
364,Nerve_root_S1_muscular_branches_of_nerve_sciatic_left_01 [Sensory MRG Neuron 15.00um]  (Soleus_Sensory_Nerves_15um),Sensory MRG Neuron,15.00um,S1_muscular,DO-I,30,0.2265625,22.656250000000004,node[193]
598,Nerve_root_S2_sciatic_muscular_branches_of_nerve_tibial_left_02 [Sensory MRG Neuron 15.00um]  (Soleus_Sensory_Nerves_15um),Sensory MRG Neuron,15.00um,S2_sciatic,DO-I,30,0.228515625,22.851562500000004,node[199]
562,Nerve_root_S2_muscular_branches_of_nerve_sciatic_left_05 [Sensory MRG Neuron 15.00um]  (Soleus_Sensory_Nerves_15um),Sensory MRG Neuron,15.00um,S2_muscular,DO-I,30,0.228515625,22.851562500000004,node[199]
249,Nerve_root_L5_sciatic_muscular_branches_of_nerve_tibial_left_03 [Sensory MRG Neuron 10.00um]  (Soleus_Sensory_Nerves_10um),Sensory MRG Neuron,10.00um,L5_sciatic,DO-I,30,0.228515625,22.851562500000004,node[211]
291,Nerve_root_L5_sciatic_nerve_tibial_left_01 [Sensory MRG Neuron 10.00um]  (Soleus_Sensory_Nerves_10um),Sensory MRG Neuron,10.00um,L5_sciatic,DO-I,30,0.23046875,23.046875,node[212]
243,Nerve_root_L5_sciatic_muscular_branches_of_nerve_tibial_left_02 [Sensory MRG Neuron 10.00um]  (Soleus_Sensory_Nerves_10um),Sensory MRG Neuron,10.00um,L5_sciatic,DO-I,30,0.23046875,23.046875,node[211]
236,Nerve_root_L5_sciatic_muscular_branches_of_nerve_tibial_left_01 [Motor MRG Neuron 20.00um]  (Soleus_Motor_Nerves_20um),Motor MRG Neuron,20.00um,L5_sciatic,DO-I,30,0.23046875,23.046875,node[131]
297,Nerve_root_L5_sciatic_nerve_tibial_left_02 [Sensory MRG Neuron 10.00um]  (Soleus_Sensory_Nerves_10um),Sensory MRG Neuron,10.00um,L5_sciatic,DO-I,30,0.23046875,23.046875,node[212]
315,Nerve_root_L5_sciatic_nerve_tibial_left_05 [Sensory MRG Neuron 10.00um]  (Soleus_Sensory_Nerves_10um),Sensory MRG Neuron,10.00um,L5_sciatic,DO-I,30,0.23046875,23.046875,node[211]
200,Nerve_root_L5_muscular_branches_of_nerve_sciatic_left_04 [Motor MRG Neuron 20.00um]  (Soleus_Motor_Nerves_20um),Motor MRG Neuron,20.00um,L5_muscular,DO-I,30,0.23046875,23.046875,node[131]
303,Nerve_root_L5_sciatic_nerve_tibial_left_03 [Sensory MRG Neuron 10.00um]  (Soleus_Sensory_Nerves_10um),Sensory MRG Neuron,10.00um,L5_sciatic,DO-I,30,0.23046875,23.046875,node[211]
261,Nerve_root_L5_sciatic_muscular_branches_of_nerve_tibial_left_05 [Sensory MRG Neuron 10.00um]  (Soleus_Sensory_Nerves_10um),Sensory MRG Neuron,10.00um,L5_sciatic,DO-I,30,0.23046875,23.046875,node[211]
309,Nerve_root_L5_sciatic_nerve_tibial_left_04 [Sensory MRG Neuron 10.00um]  (Soleus_Sensory_Nerves_10um),Sensory MRG Neuron,10.00um,L5_sciatic,DO-I,30,0.23046875,23.046875,node[212]
255,Nerve_root_L5_sciatic_muscular_branches_of_nerve_tibial_left_04 [Sensory MRG Neuron 10.00um]  (Soleus_Sensory_Nerves_10um),Sensory MRG Neuron,10.00um,L5_sciatic,DO-I,30,0.23046875,23.046875,node[211]
189,Nerve_root_L5_muscular_branches_of_nerve_sciatic_left_02 [Sensory MRG Neuron 10.00um]  (Soleus_Sensory_Nerves_10um),Sensory MRG Neuron,10.00um,L5_muscular,DO-I,30,0.232421875,23.2421875,node[212]
616,Nerve_root_S2_sciatic_muscular_branches_of_nerve_tibial_left_05 [Sensory MRG Neuron 15.00um]  (Soleus_Sensory_Nerves_15um),Sensory MRG Neuron,15.00um,S2_sciatic,DO-I,30,0.232421875,23.2421875,node[199]
610,Nerve_root_S2_sciatic_muscular_branches_of_nerve_tibial_left_04 [Sensory MRG Neuron 15.00um]  (Soleus_Sensory_Nerves_15um),Sensory MRG Neuron,15.00um,S2_sciatic,DO-I,30,0.232421875,23.2421875,node[199]
183,Nerve_root_L5_muscular_branches_of_nerve_sciatic_left_01 [Sensory MRG Neuron 10.00um]  (Soleus_Sensory_Nerves_10um),Sensory MRG Neuron,10.00um,L5_muscular,DO-I,30,0.232421875,23.2421875,node[212]
206,Nerve_root_L5_muscular_branches_of_nerve_sciatic_left_05 [Motor MRG Neuron 20.00um]  (Soleus_Motor_Nerves_20um),Motor MRG Neuron,20.00um,L5_muscular,DO-I,30,0.232421875,23.2421875,node[131]
207,Nerve_root_L5_muscular_branches_of_nerve_sciatic_left_05 [Sensory MRG Neuron 10.00um]  (Soleus_Sensory_Nerves_10um),Sensory MRG Neuron,10.00um,L5_muscular,DO-I,30,0.234375,23.4375,node[211]
237,Nerve_root_L5_sciatic_muscular_branches_of_nerve_tibial_left_01 [Sensory MRG Neuron 10.00um]  (Soleus_Sensory_Nerves_10um),Sensory MRG Neuron,10.00um,L5_sciatic,DO-I,30,0.236328125,23.632812500000004,node[212]
201,Nerve_root_L5_muscular_branches_of_nerve_sciatic_left_04 [Sensory MRG Neuron 10.00um]  (Soleus_Sensory_Nerves_10um),Sensory MRG Neuron,10.00um,L5_muscular,DO-I,30,0.236328125,23.632812500000004,node[211]
177,Nerve_root_L4_L5_sciatic_nerve_tibial_right_07 [Sensory MRG Neuron 10.00um]  (Soleus_Sensory_Nerves_10um),Sensory MRG Neuron,10.00um,L4_L5,DO-I,30,0.24609375,24.609375000000004,node[169]
165,Nerve_root_L4_L5_sciatic_nerve_tibial_right_05 [Sensory MRG Neuron 10.00um]  (Soleus_Sensory_Nerves_10um),Sensory MRG Neuron,10.00um,L4_L5,DO-I,30,0.24609375,24.609375000000004,node[169]
159,Nerve_root_L4_L5_sciatic_nerve_tibial_right_04 [Sensory MRG Neuron 10.00um]  (Soleus_Sensory_Nerves_10um),Sensory MRG Neuron,10.00um,L4_L5,DO-I,30,0.24609375,24.609375000000004,node[169]
171,Nerve_root_L4_L5_sciatic_nerve_tibial_right_06 [Sensory MRG Neuron 10.00um]  (Soleus_Sensory_Nerves_10um),Sensory MRG Neuron,10.00um,L4_L5,DO-I,30,0.24609375,24.609375000000004,node[169]
153,Nerve_root_L4_L5_sciatic_nerve_tibial_right_03 [Sensory MRG Neuron 10.00um]  (Soleus_Sensory_Nerves_10um),Sensory MRG Neuron,10.00um,L4_L5,DO-I,30,0.24609375,24.609375000000004,node[169]
87,Nerve_root_L4_L5_sciatic_muscular_branches_of_nerve_tibial_right_01 [Sensory MRG Neuron 10.00um]  (Soleus_Sensory_Nerves_10um),Sensory MRG Neuron,10.00um,L4_L5,DO-I,30,0.24609375,24.609375000000004,node[169]
147,Nerve_root_L4_L5_sciatic_nerve_tibial_right_02 [Sensory MRG Neuron 10.00um]  (Soleus_Sensory_Nerves_10um),Sensory MRG Neuron,10.00um,L4_L5,DO-I,30,0.24609375,24.609375000000004,node[169]
141,Nerve_root_L4_L5_sciatic_nerve_tibial_right_01 [Sensory MRG Neuron 10.00um]  (Soleus_Sensory_Nerves_10um),Sensory MRG Neuron,10.00um,L4_L5,DO-I,30,0.24609375,24.609375000000004,node[169]
93,Nerve_root_L4_L5_sciatic_muscular_branches_of_nerve_tibial_right_02 [Sensory MRG Neuron 10.00um]  (Soleus_Sensory_Nerves_10um),Sensory MRG Neuron,10.00um,L4_L5,DO-I,30,0.24609375,24.609375000000004,node[169]
105,Nerve_root_L4_L5_sciatic_muscular_branches_of_nerve_tibial_right_04 [Sensory MRG Neuron 10.00um]  (Soleus_Sensory_Nerves_10um),Sensory MRG Neuron,10.00um,L4_L5,DO-I,30,0.24609375,24.609375000000004,node[169]
99,Nerve_root_L4_L5_sciatic_muscular_branches_of_nerve_tibial_right_03 [Sensory MRG Neuron 10.00um]  (Soleus_Sensory_Nerves_10um),Sensory MRG Neuron,10.00um,L4_L5,DO-I,30,0.24609375,24.609375000000004,node[169]
33,Nerve_root_L4_L5_muscular_branches_of_nerve_sciatic_right_01 [Sensory MRG Neuron 10.00um]  (Soleus_Sensory_Nerves_10um),Sensory MRG Neuron,10.00um,L4_L5,DO-I,30,0.24609375,24.609375000000004,node[169]
51,Nerve_root_L4_L5_muscular_branches_of_nerve_sciatic_right_04 [Sensory MRG Neuron 10.00um]  (Soleus_Sensory_Nerves_10um),Sensory MRG Neuron,10.00um,L4_L5,DO-I,30,0.25,25.0,node[169]
567,Nerve_root_S2_muscular_branches_of_nerve_sciatic_right_01 [Sensory MRG Neuron 10.00um]  (Soleus_Sensory_Nerves_10um),Sensory MRG Neuron,10.00um,S2_muscular,DO-I,30,0.251953125,25.1953125,node[278]
213,Nerve_root_L5_muscular_branches_of_nerve_sciatic_right_01 [Sensory MRG Neuron 10.00um]  (Soleus_Sensory_Nerves_10um),Sensory MRG Neuron,10.00um,L5_muscular,DO-I,30,0.255859375,25.585937500000004,node[279]
387,Nerve_root_S1_muscular_branches_of_nerve_sciatic_right_01 [Sensory MRG Neuron 10.00um]  (Soleus_Sensory_Nerves_10um),Sensory MRG Neuron,10.00um,S1_muscular,DO-I,30,0.255859375,25.585937500000004,node[268]
393,Nerve_root_S1_muscular_branches_of_nerve_sciatic_right_02 [Sensory MRG Neuron 10.00um]  (Soleus_Sensory_Nerves_10um),Sensory MRG Neuron,10.00um,S1_muscular,DO-I,30,0.255859375,25.585937500000004,node[268]
193,Nerve_root_L5_muscular_branches_of_nerve_sciatic_left_03 [Motor MRG Neuron 15.00um]  (Soleus_Motor_Nerves_15um),Motor MRG Neuron,15.00um,L5_muscular,DO-I,30,0.2578125,25.781250000000004,node[155]
39,Nerve_root_L4_L5_muscular_branches_of_nerve_sciatic_right_02 [Sensory MRG Neuron 10.00um]  (Soleus_Sensory_Nerves_10um),Sensory MRG Neuron,10.00um,L4_L5,DO-I,30,0.2578125,25.781250000000004,node[169]
399,Nerve_root_S1_muscular_branches_of_nerve_sciatic_right_03 [Sensory MRG Neuron 10.00um]  (Soleus_Sensory_Nerves_10um),Sensory MRG Neuron,10.00um,S1_muscular,DO-I,30,0.2578125,25.781250000000004,node[268]
219,Nerve_root_L5_muscular_branches_of_nerve_sciatic_right_02 [Sensory MRG Neuron 10.00um]  (Soleus_Sensory_Nerves_10um),Sensory MRG Neuron,10.00um,L5_muscular,DO-I,30,0.2578125,25.781250000000004,node[218]
45,Nerve_root_L4_L5_muscular_branches_of_nerve_sciatic_right_03 [Sensory MRG Neuron 10.00um]  (Soleus_Sensory_Nerves_10um),Sensory MRG Neuron,10.00um,L4_L5,DO-I,30,0.2578125,25.781250000000004,node[169]
225,Nerve_root_L5_muscular_branches_of_nerve_sciatic_right_03 [Sensory MRG Neuron 10.00um]  (Soleus_Sensory_Nerves_10um),Sensory MRG Neuron,10.00um,L5_muscular,DO-I,30,0.259765625,25.9765625,node[219]
231,Nerve_root_L5_muscular_branches_of_nerve_sciatic_right_04 [Sensory MRG Neuron 10.00um]  (Soleus_Sensory_Nerves_10um),Sensory MRG Neuron,10.00um,L5_muscular,DO-I,30,0.26171875,26.171875,node[217]
573,Nerve_root_S2_muscular_branches_of_nerve_sciatic_right_02 [Sensory MRG Neuron 10.00um]  (Soleus_Sensory_Nerves_10um),Sensory MRG Neuron,10.00um,S2_muscular,DO-I,30,0.26171875,26.171875,node[279]
345,Nerve_root_L5_sciatic_nerve_tibial_right_05 [Sensory MRG Neuron 10.00um]  (Soleus_Sensory_Nerves_10um),Sensory MRG Neuron,10.00um,L5_sciatic,DO-I,30,0.263671875,26.3671875,node[219]
519,Nerve_root_S1_sciatic_nerve_tibial_right_05 [Sensory MRG Neuron 10.00um]  (Soleus_Sensory_Nerves_10um),Sensory MRG Neuron,10.00um,S1_sciatic,DO-I,30,0.263671875,26.3671875,node[270]
333,Nerve_root_L5_sciatic_nerve_tibial_right_03 [Sensory MRG Neuron 10.00um]  (Soleus_Sensory_Nerves_10um),Sensory MRG Neuron,10.00um,L5_sciatic,DO-I,30,0.263671875,26.3671875,node[219]
525,Nerve_root_S1_sciatic_nerve_tibial_right_06 [Sensory MRG Neuron 10.00um]  (Soleus_Sensory_Nerves_10um),Sensory MRG Neuron,10.00um,S1_sciatic,DO-I,30,0.263671875,26.3671875,node[270]
285,Nerve_root_L5_sciatic_muscular_branches_of_nerve_tibial_right_04 [Sensory MRG Neuron 10.00um]  (Soleus_Sensory_Nerves_10um),Sensory MRG Neuron,10.00um,L5_sciatic,DO-I,30,0.263671875,26.3671875,node[219]
585,Nerve_root_S2_muscular_branches_of_nerve_sciatic_right_04 [Sensory MRG Neuron 10.00um]  (Soleus_Sensory_Nerves_10um),Sensory MRG Neuron,10.00um,S2_muscular,DO-I,30,0.263671875,26.3671875,node[279]
531,Nerve_root_S1_sciatic_nerve_tibial_right_07 [Sensory MRG Neuron 10.00um]  (Soleus_Sensory_Nerves_10um),Sensory MRG Neuron,10.00um,S1_sciatic,DO-I,30,0.263671875,26.3671875,node[270]
279,Nerve_root_L5_sciatic_muscular_branches_of_nerve_tibial_right_03 [Sensory MRG Neuron 10.00um]  (Soleus_Sensory_Nerves_10um),Sensory MRG Neuron,10.00um,L5_sciatic,DO-I,30,0.263671875,26.3671875,node[219]
357,Nerve_root_L5_sciatic_nerve_tibial_right_07 [Sensory MRG Neuron 10.00um]  (Soleus_Sensory_Nerves_10um),Sensory MRG Neuron,10.00um,L5_sciatic,DO-I,30,0.263671875,26.3671875,node[219]
321,Nerve_root_L5_sciatic_nerve_tibial_right_01 [Sensory MRG Neuron 10.00um]  (Soleus_Sensory_Nerves_10um),Sensory MRG Neuron,10.00um,L5_sciatic,DO-I,30,0.263671875,26.3671875,node[219]
339,Nerve_root_L5_sciatic_nerve_tibial_right_04 [Sensory MRG Neuron 10.00um]  (Soleus_Sensory_Nerves_10um),Sensory MRG Neuron,10.00um,L5_sciatic,DO-I,30,0.263671875,26.3671875,node[219]
441,Nerve_root_S1_sciatic_muscular_branches_of_nerve_tibial_right_01 [Sensory MRG Neuron 10.00um]  (Soleus_Sensory_Nerves_10um),Sensory MRG Neuron,10.00um,S1_sciatic,DO-I,30,0.263671875,26.3671875,node[270]
513,Nerve_root_S1_sciatic_nerve_tibial_right_04 [Sensory MRG Neuron 10.00um]  (Soleus_Sensory_Nerves_10um),Sensory MRG Neuron,10.00um,S1_sciatic,DO-I,30,0.263671875,26.3671875,node[270]
459,Nerve_root_S1_sciatic_muscular_branches_of_nerve_tibial_right_04 [Sensory MRG Neuron 10.00um]  (Soleus_Sensory_Nerves_10um),Sensory MRG Neuron,10.00um,S1_sciatic,DO-I,30,0.263671875,26.3671875,node[270]
267,Nerve_root_L5_sciatic_muscular_branches_of_nerve_tibial_right_01 [Sensory MRG Neuron 10.00um]  (Soleus_Sensory_Nerves_10um),Sensory MRG Neuron,10.00um,L5_sciatic,DO-I,30,0.263671875,26.3671875,node[219]
495,Nerve_root_S1_sciatic_nerve_tibial_right_01 [Sensory MRG Neuron 10.00um]  (Soleus_Sensory_Nerves_10um),Sensory MRG Neuron,10.00um,S1_sciatic,DO-I,30,0.263671875,26.3671875,node[270]
351,Nerve_root_L5_sciatic_nerve_tibial_right_06 [Sensory MRG Neuron 10.00um]  (Soleus_Sensory_Nerves_10um),Sensory MRG Neuron,10.00um,L5_sciatic,DO-I,30,0.263671875,26.3671875,node[219]
273,Nerve_root_L5_sciatic_muscular_branches_of_nerve_tibial_right_02 [Sensory MRG Neuron 10.00um]  (Soleus_Sensory_Nerves_10um),Sensory MRG Neuron,10.00um,L5_sciatic,DO-I,30,0.263671875,26.3671875,node[219]
447,Nerve_root_S1_sciatic_muscular_branches_of_nerve_tibial_right_02 [Sensory MRG Neuron 10.00um]  (Soleus_Sensory_Nerves_10um),Sensory MRG Neuron,10.00um,S1_sciatic,DO-I,30,0.263671875,26.3671875,node[270]
501,Nerve_root_S1_sciatic_nerve_tibial_right_02 [Sensory MRG Neuron 10.00um]  (Soleus_Sensory_Nerves_10um),Sensory MRG Neuron,10.00um,S1_sciatic,DO-I,30,0.263671875,26.3671875,node[270]
507,Nerve_root_S1_sciatic_nerve_tibial_right_03 [Sensory MRG Neuron 10.00um]  (Soleus_Sensory_Nerves_10um),Sensory MRG Neuron,10.00um,S1_sciatic,DO-I,30,0.263671875,26.3671875,node[270]
327,Nerve_root_L5_sciatic_nerve_tibial_right_02 [Sensory MRG Neuron 10.00um]  (Soleus_Sensory_Nerves_10um),Sensory MRG Neuron,10.00um,L5_sciatic,DO-I,30,0.263671875,26.3671875,node[219]
699,Nerve_root_S2_sciatic_nerve_tibial_right_05 [Sensory MRG Neuron 10.00um]  (Soleus_Sensory_Nerves_10um),Sensory MRG Neuron,10.00um,S2_sciatic,DO-I,30,0.265625,26.562500000000004,node[279]
639,Nerve_root_S2_sciatic_muscular_branches_of_nerve_tibial_right_04 [Sensory MRG Neuron 10.00um]  (Soleus_Sensory_Nerves_10um),Sensory MRG Neuron,10.00um,S2_sciatic,DO-I,30,0.265625,26.562500000000004,node[279]
453,Nerve_root_S1_sciatic_muscular_branches_of_nerve_tibial_right_03 [Sensory MRG Neuron 10.00um]  (Soleus_Sensory_Nerves_10um),Sensory MRG Neuron,10.00um,S1_sciatic,DO-I,30,0.265625,26.562500000000004,node[270]
693,Nerve_root_S2_sciatic_nerve_tibial_right_04 [Sensory MRG Neuron 10.00um]  (Soleus_Sensory_Nerves_10um),Sensory MRG Neuron,10.00um,S2_sciatic,DO-I,30,0.265625,26.562500000000004,node[279]
687,Nerve_root_S2_sciatic_nerve_tibial_right_03 [Sensory MRG Neuron 10.00um]  (Soleus_Sensory_Nerves_10um),Sensory MRG Neuron,10.00um,S2_sciatic,DO-I,30,0.265625,26.562500000000004,node[279]
681,Nerve_root_S2_sciatic_nerve_tibial_right_02 [Sensory MRG Neuron 10.00um]  (Soleus_Sensory_Nerves_10um),Sensory MRG Neuron,10.00um,S2_sciatic,DO-I,30,0.265625,26.562500000000004,node[279]
621,Nerve_root_S2_sciatic_muscular_branches_of_nerve_tibial_right_01 [Sensory MRG Neuron 10.00um]  (Soleus_Sensory_Nerves_10um),Sensory MRG Neuron,10.00um,S2_sciatic,DO-I,30,0.265625,26.562500000000004,node[279]
705,Nerve_root_S2_sciatic_nerve_tibial_right_06 [Sensory MRG Neuron 10.00um]  (Soleus_Sensory_Nerves_10um),Sensory MRG Neuron,10.00um,S2_sciatic,DO-I,30,0.265625,26.562500000000004,node[279]
711,Nerve_root_S2_sciatic_nerve_tibial_right_07 [Sensory MRG Neuron 10.00um]  (Soleus_Sensory_Nerves_10um),Sensory MRG Neuron,10.00um,S2_sciatic,DO-I,30,0.265625,26.562500000000004,node[279]
633,Nerve_root_S2_sciatic_muscular_branches_of_nerve_tibial_right_03 [Sensory MRG Neuron 10.00um]  (Soleus_Sensory_Nerves_10um),Sensory MRG Neuron,10.00um,S2_sciatic,DO-I,30,0.265625,26.562500000000004,node[280]
627,Nerve_root_S2_sciatic_muscular_branches_of_nerve_tibial_right_02 [Sensory MRG Neuron 10.00um]  (Soleus_Sensory_Nerves_10um),Sensory MRG Neuron,10.00um,S2_sciatic,DO-I,30,0.265625,26.562500000000004,node[279]
675,Nerve_root_S2_sciatic_nerve_tibial_right_01 [Sensory MRG Neuron 10.00um]  (Soleus_Sensory_Nerves_10um),Sensory MRG Neuron,10.00um,S2_sciatic,DO-I,30,0.265625,26.562500000000004,node[279]
579,Nerve_root_S2_muscular_branches_of_nerve_sciatic_right_03 [Sensory MRG Neuron 10.00um]  (Soleus_Sensory_Nerves_10um),Sensory MRG Neuron,10.00um,S2_muscular,DO-I,30,0.267578125,26.757812500000004,node[279]
405,Nerve_root_S1_muscular_branches_of_nerve_sciatic_right_04 [Sensory MRG Neuron 10.00um]  (Soleus_Sensory_Nerves_10um),Sensory MRG Neuron,10.00um,S1_muscular,DO-I,30,0.267578125,26.757812500000004,node[269]
375,Nerve_root_S1_muscular_branches_of_nerve_sciatic_left_04 [Sensory MRG Neuron 10.00um]  (Soleus_Sensory_Nerves_10um),Sensory MRG Neuron,10.00um,S1_muscular,DO-I,30,0.2890625,28.90625,node[122]
369,Nerve_root_S1_muscular_branches_of_nerve_sciatic_left_02 [Sensory MRG Neuron 10.00um]  (Soleus_Sensory_Nerves_10um),Sensory MRG Neuron,10.00um,S1_muscular,DO-I,30,0.2890625,28.90625,node[123]
363,Nerve_root_S1_muscular_branches_of_nerve_sciatic_left_01 [Sensory MRG Neuron 10.00um]  (Soleus_Sensory_Nerves_10um),Sensory MRG Neuron,10.00um,S1_muscular,DO-I,30,0.2890625,28.90625,node[123]
381,Nerve_root_S1_muscular_branches_of_nerve_sciatic_left_05 [Sensory MRG Neuron 10.00um]  (Soleus_Sensory_Nerves_10um),Sensory MRG Neuron,10.00um,S1_muscular,DO-I,30,0.298828125,29.8828125,node[122]
566,Nerve_root_S2_muscular_branches_of_nerve_sciatic_right_01 [Motor MRG Neuron 20.00um]  (Soleus_Motor_Nerves_20um),Motor MRG Neuron,20.00um,S2_muscular,DO-I,30,0.298828125,29.8828125,node[172]
483,Nerve_root_S1_sciatic_nerve_tibial_left_04 [Sensory MRG Neuron 10.00um]  (Soleus_Sensory_Nerves_10um),Sensory MRG Neuron,10.00um,S1_sciatic,DO-I,30,0.30078125,30.078125,node[122]
429,Nerve_root_S1_sciatic_muscular_branches_of_nerve_tibial_left_04 [Sensory MRG Neuron 10.00um]  (Soleus_Sensory_Nerves_10um),Sensory MRG Neuron,10.00um,S1_sciatic,DO-I,30,0.30078125,30.078125,node[122]
477,Nerve_root_S1_sciatic_nerve_tibial_left_03 [Sensory MRG Neuron 10.00um]  (Soleus_Sensory_Nerves_10um),Sensory MRG Neuron,10.00um,S1_sciatic,DO-I,30,0.30078125,30.078125,node[122]
489,Nerve_root_S1_sciatic_nerve_tibial_left_05 [Sensory MRG Neuron 10.00um]  (Soleus_Sensory_Nerves_10um),Sensory MRG Neuron,10.00um,S1_sciatic,DO-I,30,0.30078125,30.078125,node[122]
423,Nerve_root_S1_sciatic_muscular_branches_of_nerve_tibial_left_03 [Sensory MRG Neuron 10.00um]  (Soleus_Sensory_Nerves_10um),Sensory MRG Neuron,10.00um,S1_sciatic,DO-I,30,0.30078125,30.078125,node[122]
435,Nerve_root_S1_sciatic_muscular_branches_of_nerve_tibial_left_05 [Sensory MRG Neuron 10.00um]  (Soleus_Sensory_Nerves_10um),Sensory MRG Neuron,10.00um,S1_sciatic,DO-I,30,0.30078125,30.078125,node[122]
471,Nerve_root_S1_sciatic_nerve_tibial_left_02 [Sensory MRG Neuron 10.00um]  (Soleus_Sensory_Nerves_10um),Sensory MRG Neuron,10.00um,S1_sciatic,DO-I,30,0.30078125,30.078125,node[122]
465,Nerve_root_S1_sciatic_nerve_tibial_left_01 [Sensory MRG Neuron 10.00um]  (Soleus_Sensory_Nerves_10um),Sensory MRG Neuron,10.00um,S1_sciatic,DO-I,30,0.30078125,30.078125,node[122]
417,Nerve_root_S1_sciatic_muscular_branches_of_nerve_tibial_left_02 [Sensory MRG Neuron 10.00um]  (Soleus_Sensory_Nerves_10um),Sensory MRG Neuron,10.00um,S1_sciatic,DO-I,30,0.30078125,30.078125,node[122]
411,Nerve_root_S1_sciatic_muscular_branches_of_nerve_tibial_left_01 [Sensory MRG Neuron 10.00um]  (Soleus_Sensory_Nerves_10um),Sensory MRG Neuron,10.00um,S1_sciatic,DO-I,30,0.30078125,30.078125,node[122]
247,Nerve_root_L5_sciatic_muscular_branches_of_nerve_tibial_left_03 [Motor MRG Neuron 15.00um]  (Soleus_Motor_Nerves_15um),Motor MRG Neuron,15.00um,L5_sciatic,DO-I,30,0.302734375,30.2734375,node[155]
386,Nerve_root_S1_muscular_branches_of_nerve_sciatic_right_01 [Motor MRG Neuron 20.00um]  (Soleus_Motor_Nerves_20um),Motor MRG Neuron,20.00um,S1_muscular,DO-I,30,0.306640625,30.664062500000004,node[166]
181,Nerve_root_L5_muscular_branches_of_nerve_sciatic_left_01 [Motor MRG Neuron 15.00um]  (Soleus_Motor_Nerves_15um),Motor MRG Neuron,15.00um,L5_muscular,DO-I,30,0.306640625,30.664062500000004,node[155]
398,Nerve_root_S1_muscular_branches_of_nerve_sciatic_right_03 [Motor MRG Neuron 20.00um]  (Soleus_Motor_Nerves_20um),Motor MRG Neuron,20.00um,S1_muscular,DO-I,30,0.306640625,30.664062500000004,node[166]
187,Nerve_root_L5_muscular_branches_of_nerve_sciatic_left_02 [Motor MRG Neuron 15.00um]  (Soleus_Motor_Nerves_15um),Motor MRG Neuron,15.00um,L5_muscular,DO-I,30,0.306640625,30.664062500000004,node[155]
241,Nerve_root_L5_sciatic_muscular_branches_of_nerve_tibial_left_02 [Motor MRG Neuron 15.00um]  (Soleus_Motor_Nerves_15um),Motor MRG Neuron,15.00um,L5_sciatic,DO-I,30,0.30859375,30.859375,node[156]
295,Nerve_root_L5_sciatic_nerve_tibial_left_02 [Motor MRG Neuron 15.00um]  (Soleus_Motor_Nerves_15um),Motor MRG Neuron,15.00um,L5_sciatic,DO-I,30,0.30859375,30.859375,node[156]
301,Nerve_root_L5_sciatic_nerve_tibial_left_03 [Motor MRG Neuron 15.00um]  (Soleus_Motor_Nerves_15um),Motor MRG Neuron,15.00um,L5_sciatic,DO-I,30,0.30859375,30.859375,node[156]
289,Nerve_root_L5_sciatic_nerve_tibial_left_01 [Motor MRG Neuron 15.00um]  (Soleus_Motor_Nerves_15um),Motor MRG Neuron,15.00um,L5_sciatic,DO-I,30,0.30859375,30.859375,node[156]
307,Nerve_root_L5_sciatic_nerve_tibial_left_04 [Motor MRG Neuron 15.00um]  (Soleus_Motor_Nerves_15um),Motor MRG Neuron,15.00um,L5_sciatic,DO-I,30,0.30859375,30.859375,node[156]
578,Nerve_root_S2_muscular_branches_of_nerve_sciatic_right_03 [Motor MRG Neuron 20.00um]  (Soleus_Motor_Nerves_20um),Motor MRG Neuron,20.00um,S2_muscular,DO-I,30,0.30859375,30.859375,node[173]
392,Nerve_root_S1_muscular_branches_of_nerve_sciatic_right_02 [Motor MRG Neuron 20.00um]  (Soleus_Motor_Nerves_20um),Motor MRG Neuron,20.00um,S1_muscular,DO-I,30,0.30859375,30.859375,node[166]
259,Nerve_root_L5_sciatic_muscular_branches_of_nerve_tibial_left_05 [Motor MRG Neuron 15.00um]  (Soleus_Motor_Nerves_15um),Motor MRG Neuron,15.00um,L5_sciatic,DO-I,30,0.30859375,30.859375,node[156]
253,Nerve_root_L5_sciatic_muscular_branches_of_nerve_tibial_left_04 [Motor MRG Neuron 15.00um]  (Soleus_Motor_Nerves_15um),Motor MRG Neuron,15.00um,L5_sciatic,DO-I,30,0.30859375,30.859375,node[156]
313,Nerve_root_L5_sciatic_nerve_tibial_left_05 [Motor MRG Neuron 15.00um]  (Soleus_Motor_Nerves_15um),Motor MRG Neuron,15.00um,L5_sciatic,DO-I,30,0.30859375,30.859375,node[156]
632,Nerve_root_S2_sciatic_muscular_branches_of_nerve_tibial_right_03 [Motor MRG Neuron 20.00um]  (Soleus_Motor_Nerves_20um),Motor MRG Neuron,20.00um,S2_sciatic,DO-I,30,0.310546875,31.0546875,node[173]
199,Nerve_root_L5_muscular_branches_of_nerve_sciatic_left_04 [Motor MRG Neuron 15.00um]  (Soleus_Motor_Nerves_15um),Motor MRG Neuron,15.00um,L5_muscular,DO-I,30,0.310546875,31.0546875,node[155]
680,Nerve_root_S2_sciatic_nerve_tibial_right_02 [Motor MRG Neuron 20.00um]  (Soleus_Motor_Nerves_20um),Motor MRG Neuron,20.00um,S2_sciatic,DO-I,30,0.3125,31.25,node[173]
698,Nerve_root_S2_sciatic_nerve_tibial_right_05 [Motor MRG Neuron 20.00um]  (Soleus_Motor_Nerves_20um),Motor MRG Neuron,20.00um,S2_sciatic,DO-I,30,0.3125,31.25,node[173]
686,Nerve_root_S2_sciatic_nerve_tibial_right_03 [Motor MRG Neuron 20.00um]  (Soleus_Motor_Nerves_20um),Motor MRG Neuron,20.00um,S2_sciatic,DO-I,30,0.3125,31.25,node[173]
205,Nerve_root_L5_muscular_branches_of_nerve_sciatic_left_05 [Motor MRG Neuron 15.00um]  (Soleus_Motor_Nerves_15um),Motor MRG Neuron,15.00um,L5_muscular,DO-I,30,0.3125,31.25,node[155]
638,Nerve_root_S2_sciatic_muscular_branches_of_nerve_tibial_right_04 [Motor MRG Neuron 20.00um]  (Soleus_Motor_Nerves_20um),Motor MRG Neuron,20.00um,S2_sciatic,DO-I,30,0.3125,31.25,node[173]
620,Nerve_root_S2_sciatic_muscular_branches_of_nerve_tibial_right_01 [Motor MRG Neuron 20.00um]  (Soleus_Motor_Nerves_20um),Motor MRG Neuron,20.00um,S2_sciatic,DO-I,30,0.3125,31.25,node[173]
626,Nerve_root_S2_sciatic_muscular_branches_of_nerve_tibial_right_02 [Motor MRG Neuron 20.00um]  (Soleus_Motor_Nerves_20um),Motor MRG Neuron,20.00um,S2_sciatic,DO-I,30,0.3125,31.25,node[173]
674,Nerve_root_S2_sciatic_nerve_tibial_right_01 [Motor MRG Neuron 20.00um]  (Soleus_Motor_Nerves_20um),Motor MRG Neuron,20.00um,S2_sciatic,DO-I,30,0.3125,31.25,node[173]
692,Nerve_root_S2_sciatic_nerve_tibial_right_04 [Motor MRG Neuron 20.00um]  (Soleus_Motor_Nerves_20um),Motor MRG Neuron,20.00um,S2_sciatic,DO-I,30,0.3125,31.25,node[173]
704,Nerve_root_S2_sciatic_nerve_tibial_right_06 [Motor MRG Neuron 20.00um]  (Soleus_Motor_Nerves_20um),Motor MRG Neuron,20.00um,S2_sciatic,DO-I,30,0.3125,31.25,node[173]
710,Nerve_root_S2_sciatic_nerve_tibial_right_07 [Motor MRG Neuron 20.00um]  (Soleus_Motor_Nerves_20um),Motor MRG Neuron,20.00um,S2_sciatic,DO-I,30,0.3125,31.25,node[173]
530,Nerve_root_S1_sciatic_nerve_tibial_right_07 [Motor MRG Neuron 20.00um]  (Soleus_Motor_Nerves_20um),Motor MRG Neuron,20.00um,S1_sciatic,DO-I,30,0.314453125,31.445312500000004,node[166]
518,Nerve_root_S1_sciatic_nerve_tibial_right_05 [Motor MRG Neuron 20.00um]  (Soleus_Motor_Nerves_20um),Motor MRG Neuron,20.00um,S1_sciatic,DO-I,30,0.314453125,31.445312500000004,node[166]
524,Nerve_root_S1_sciatic_nerve_tibial_right_06 [Motor MRG Neuron 20.00um]  (Soleus_Motor_Nerves_20um),Motor MRG Neuron,20.00um,S1_sciatic,DO-I,30,0.314453125,31.445312500000004,node[166]
235,Nerve_root_L5_sciatic_muscular_branches_of_nerve_tibial_left_01 [Motor MRG Neuron 15.00um]  (Soleus_Motor_Nerves_15um),Motor MRG Neuron,15.00um,L5_sciatic,DO-I,30,0.314453125,31.445312500000004,node[156]
512,Nerve_root_S1_sciatic_nerve_tibial_right_04 [Motor MRG Neuron 20.00um]  (Soleus_Motor_Nerves_20um),Motor MRG Neuron,20.00um,S1_sciatic,DO-I,30,0.314453125,31.445312500000004,node[166]
458,Nerve_root_S1_sciatic_muscular_branches_of_nerve_tibial_right_04 [Motor MRG Neuron 20.00um]  (Soleus_Motor_Nerves_20um),Motor MRG Neuron,20.00um,S1_sciatic,DO-I,30,0.314453125,31.445312500000004,node[166]
494,Nerve_root_S1_sciatic_nerve_tibial_right_01 [Motor MRG Neuron 20.00um]  (Soleus_Motor_Nerves_20um),Motor MRG Neuron,20.00um,S1_sciatic,DO-I,30,0.314453125,31.445312500000004,node[166]
452,Nerve_root_S1_sciatic_muscular_branches_of_nerve_tibial_right_03 [Motor MRG Neuron 20.00um]  (Soleus_Motor_Nerves_20um),Motor MRG Neuron,20.00um,S1_sciatic,DO-I,30,0.314453125,31.445312500000004,node[167]
506,Nerve_root_S1_sciatic_nerve_tibial_right_03 [Motor MRG Neuron 20.00um]  (Soleus_Motor_Nerves_20um),Motor MRG Neuron,20.00um,S1_sciatic,DO-I,30,0.314453125,31.445312500000004,node[166]
572,Nerve_root_S2_muscular_branches_of_nerve_sciatic_right_02 [Motor MRG Neuron 20.00um]  (Soleus_Motor_Nerves_20um),Motor MRG Neuron,20.00um,S2_muscular,DO-I,30,0.314453125,31.445312500000004,node[173]
500,Nerve_root_S1_sciatic_nerve_tibial_right_02 [Motor MRG Neuron 20.00um]  (Soleus_Motor_Nerves_20um),Motor MRG Neuron,20.00um,S1_sciatic,DO-I,30,0.314453125,31.445312500000004,node[166]
446,Nerve_root_S1_sciatic_muscular_branches_of_nerve_tibial_right_02 [Motor MRG Neuron 20.00um]  (Soleus_Motor_Nerves_20um),Motor MRG Neuron,20.00um,S1_sciatic,DO-I,30,0.314453125,31.445312500000004,node[166]
440,Nerve_root_S1_sciatic_muscular_branches_of_nerve_tibial_right_01 [Motor MRG Neuron 20.00um]  (Soleus_Motor_Nerves_20um),Motor MRG Neuron,20.00um,S1_sciatic,DO-I,30,0.314453125,31.445312500000004,node[166]
584,Nerve_root_S2_muscular_branches_of_nerve_sciatic_right_04 [Motor MRG Neuron 20.00um]  (Soleus_Motor_Nerves_20um),Motor MRG Neuron,20.00um,S2_muscular,DO-I,30,0.314453125,31.445312500000004,node[173]
91,Nerve_root_L4_L5_sciatic_muscular_branches_of_nerve_tibial_right_02 [Motor MRG Neuron 15.00um]  (Soleus_Motor_Nerves_15um),Motor MRG Neuron,15.00um,L4_L5,DO-I,30,0.31640625,31.640625,node[165]
211,Nerve_root_L5_muscular_branches_of_nerve_sciatic_right_01 [Motor MRG Neuron 15.00um]  (Soleus_Motor_Nerves_15um),Motor MRG Neuron,15.00um,L5_muscular,DO-I,30,0.31640625,31.640625,node[160]
43,Nerve_root_L4_L5_muscular_branches_of_nerve_sciatic_right_03 [Motor MRG Neuron 15.00um]  (Soleus_Motor_Nerves_15um),Motor MRG Neuron,15.00um,L4_L5,DO-I,30,0.31640625,31.640625,node[165]
404,Nerve_root_S1_muscular_branches_of_nerve_sciatic_right_04 [Motor MRG Neuron 20.00um]  (Soleus_Motor_Nerves_20um),Motor MRG Neuron,20.00um,S1_muscular,DO-I,30,0.31640625,31.640625,node[166]
37,Nerve_root_L4_L5_muscular_branches_of_nerve_sciatic_right_02 [Motor MRG Neuron 15.00um]  (Soleus_Motor_Nerves_15um),Motor MRG Neuron,15.00um,L4_L5,DO-I,30,0.31640625,31.640625,node[165]
169,Nerve_root_L4_L5_sciatic_nerve_tibial_right_06 [Motor MRG Neuron 15.00um]  (Soleus_Motor_Nerves_15um),Motor MRG Neuron,15.00um,L4_L5,DO-I,30,0.31640625,31.640625,node[165]
151,Nerve_root_L4_L5_sciatic_nerve_tibial_right_03 [Motor MRG Neuron 15.00um]  (Soleus_Motor_Nerves_15um),Motor MRG Neuron,15.00um,L4_L5,DO-I,30,0.31640625,31.640625,node[165]
139,Nerve_root_L4_L5_sciatic_nerve_tibial_right_01 [Motor MRG Neuron 15.00um]  (Soleus_Motor_Nerves_15um),Motor MRG Neuron,15.00um,L4_L5,DO-I,30,0.31640625,31.640625,node[165]
85,Nerve_root_L4_L5_sciatic_muscular_branches_of_nerve_tibial_right_01 [Motor MRG Neuron 15.00um]  (Soleus_Motor_Nerves_15um),Motor MRG Neuron,15.00um,L4_L5,DO-I,30,0.31640625,31.640625,node[165]
103,Nerve_root_L4_L5_sciatic_muscular_branches_of_nerve_tibial_right_04 [Motor MRG Neuron 15.00um]  (Soleus_Motor_Nerves_15um),Motor MRG Neuron,15.00um,L4_L5,DO-I,30,0.31640625,31.640625,node[165]
175,Nerve_root_L4_L5_sciatic_nerve_tibial_right_07 [Motor MRG Neuron 15.00um]  (Soleus_Motor_Nerves_15um),Motor MRG Neuron,15.00um,L4_L5,DO-I,30,0.31640625,31.640625,node[165]
163,Nerve_root_L4_L5_sciatic_nerve_tibial_right_05 [Motor MRG Neuron 15.00um]  (Soleus_Motor_Nerves_15um),Motor MRG Neuron,15.00um,L4_L5,DO-I,30,0.31640625,31.640625,node[165]
145,Nerve_root_L4_L5_sciatic_nerve_tibial_right_02 [Motor MRG Neuron 15.00um]  (Soleus_Motor_Nerves_15um),Motor MRG Neuron,15.00um,L4_L5,DO-I,30,0.31640625,31.640625,node[165]
31,Nerve_root_L4_L5_muscular_branches_of_nerve_sciatic_right_01 [Motor MRG Neuron 15.00um]  (Soleus_Motor_Nerves_15um),Motor MRG Neuron,15.00um,L4_L5,DO-I,30,0.31640625,31.640625,node[164]
157,Nerve_root_L4_L5_sciatic_nerve_tibial_right_04 [Motor MRG Neuron 15.00um]  (Soleus_Motor_Nerves_15um),Motor MRG Neuron,15.00um,L4_L5,DO-I,30,0.31640625,31.640625,node[165]
97,Nerve_root_L4_L5_sciatic_muscular_branches_of_nerve_tibial_right_03 [Motor MRG Neuron 15.00um]  (Soleus_Motor_Nerves_15um),Motor MRG Neuron,15.00um,L4_L5,DO-I,30,0.31640625,31.640625,node[165]
229,Nerve_root_L5_muscular_branches_of_nerve_sciatic_right_04 [Motor MRG Neuron 15.00um]  (Soleus_Motor_Nerves_15um),Motor MRG Neuron,15.00um,L5_muscular,DO-I,30,0.31640625,31.640625,node[161]
49,Nerve_root_L4_L5_muscular_branches_of_nerve_sciatic_right_04 [Motor MRG Neuron 15.00um]  (Soleus_Motor_Nerves_15um),Motor MRG Neuron,15.00um,L4_L5,DO-I,30,0.318359375,31.8359375,node[165]
217,Nerve_root_L5_muscular_branches_of_nerve_sciatic_right_02 [Motor MRG Neuron 15.00um]  (Soleus_Motor_Nerves_15um),Motor MRG Neuron,15.00um,L5_muscular,DO-I,30,0.318359375,31.8359375,node[161]
549,Nerve_root_S2_muscular_branches_of_nerve_sciatic_left_03 [Sensory MRG Neuron 10.00um]  (Soleus_Sensory_Nerves_10um),Sensory MRG Neuron,10.00um,S2_muscular,DO-I,30,0.318359375,31.8359375,node[376]
223,Nerve_root_L5_muscular_branches_of_nerve_sciatic_right_03 [Motor MRG Neuron 15.00um]  (Soleus_Motor_Nerves_15um),Motor MRG Neuron,15.00um,L5_muscular,DO-I,30,0.318359375,31.8359375,node[161]
657,Nerve_root_S2_sciatic_nerve_tibial_left_03 [Sensory MRG Neuron 10.00um]  (Soleus_Sensory_Nerves_10um),Sensory MRG Neuron,10.00um,S2_sciatic,DO-I,30,0.3203125,32.03125000000001,node[270]
645,Nerve_root_S2_sciatic_nerve_tibial_left_01 [Sensory MRG Neuron 10.00um]  (Soleus_Sensory_Nerves_10um),Sensory MRG Neuron,10.00um,S2_sciatic,DO-I,30,0.3203125,32.03125000000001,node[270]
669,Nerve_root_S2_sciatic_nerve_tibial_left_05 [Sensory MRG Neuron 10.00um]  (Soleus_Sensory_Nerves_10um),Sensory MRG Neuron,10.00um,S2_sciatic,DO-I,30,0.3203125,32.03125000000001,node[270]
663,Nerve_root_S2_sciatic_nerve_tibial_left_04 [Sensory MRG Neuron 10.00um]  (Soleus_Sensory_Nerves_10um),Sensory MRG Neuron,10.00um,S2_sciatic,DO-I,30,0.3203125,32.03125000000001,node[270]
651,Nerve_root_S2_sciatic_nerve_tibial_left_02 [Sensory MRG Neuron 10.00um]  (Soleus_Sensory_Nerves_10um),Sensory MRG Neuron,10.00um,S2_sciatic,DO-I,30,0.3203125,32.03125000000001,node[270]
555,Nerve_root_S2_muscular_branches_of_nerve_sciatic_left_04 [Sensory MRG Neuron 10.00um]  (Soleus_Sensory_Nerves_10um),Sensory MRG Neuron,10.00um,S2_muscular,DO-I,30,0.3203125,32.03125000000001,node[271]
271,Nerve_root_L5_sciatic_muscular_branches_of_nerve_tibial_right_02 [Motor MRG Neuron 15.00um]  (Soleus_Motor_Nerves_15um),Motor MRG Neuron,15.00um,L5_sciatic,DO-I,30,0.32421875,32.421875,node[161]
283,Nerve_root_L5_sciatic_muscular_branches_of_nerve_tibial_right_04 [Motor MRG Neuron 15.00um]  (Soleus_Motor_Nerves_15um),Motor MRG Neuron,15.00um,L5_sciatic,DO-I,30,0.32421875,32.421875,node[161]
337,Nerve_root_L5_sciatic_nerve_tibial_right_04 [Motor MRG Neuron 15.00um]  (Soleus_Motor_Nerves_15um),Motor MRG Neuron,15.00um,L5_sciatic,DO-I,30,0.32421875,32.421875,node[161]
265,Nerve_root_L5_sciatic_muscular_branches_of_nerve_tibial_right_01 [Motor MRG Neuron 15.00um]  (Soleus_Motor_Nerves_15um),Motor MRG Neuron,15.00um,L5_sciatic,DO-I,30,0.32421875,32.421875,node[161]
349,Nerve_root_L5_sciatic_nerve_tibial_right_06 [Motor MRG Neuron 15.00um]  (Soleus_Motor_Nerves_15um),Motor MRG Neuron,15.00um,L5_sciatic,DO-I,30,0.32421875,32.421875,node[161]
325,Nerve_root_L5_sciatic_nerve_tibial_right_02 [Motor MRG Neuron 15.00um]  (Soleus_Motor_Nerves_15um),Motor MRG Neuron,15.00um,L5_sciatic,DO-I,30,0.32421875,32.421875,node[161]
331,Nerve_root_L5_sciatic_nerve_tibial_right_03 [Motor MRG Neuron 15.00um]  (Soleus_Motor_Nerves_15um),Motor MRG Neuron,15.00um,L5_sciatic,DO-I,30,0.32421875,32.421875,node[161]
355,Nerve_root_L5_sciatic_nerve_tibial_right_07 [Motor MRG Neuron 15.00um]  (Soleus_Motor_Nerves_15um),Motor MRG Neuron,15.00um,L5_sciatic,DO-I,30,0.32421875,32.421875,node[161]
277,Nerve_root_L5_sciatic_muscular_branches_of_nerve_tibial_right_03 [Motor MRG Neuron 15.00um]  (Soleus_Motor_Nerves_15um),Motor MRG Neuron,15.00um,L5_sciatic,DO-I,30,0.32421875,32.421875,node[161]
343,Nerve_root_L5_sciatic_nerve_tibial_right_05 [Motor MRG Neuron 15.00um]  (Soleus_Motor_Nerves_15um),Motor MRG Neuron,15.00um,L5_sciatic,DO-I,30,0.32421875,32.421875,node[161]
319,Nerve_root_L5_sciatic_nerve_tibial_right_01 [Motor MRG Neuron 15.00um]  (Soleus_Motor_Nerves_15um),Motor MRG Neuron,15.00um,L5_sciatic,DO-I,30,0.32421875,32.421875,node[161]
591,Nerve_root_S2_sciatic_muscular_branches_of_nerve_tibial_left_01 [Sensory MRG Neuron 10.00um]  (Soleus_Sensory_Nerves_10um),Sensory MRG Neuron,10.00um,S2_sciatic,DO-I,30,0.326171875,32.6171875,node[271]
543,Nerve_root_S2_muscular_branches_of_nerve_sciatic_left_02 [Sensory MRG Neuron 10.00um]  (Soleus_Sensory_Nerves_10um),Sensory MRG Neuron,10.00um,S2_muscular,DO-I,30,0.330078125,33.00781250000001,node[271]
537,Nerve_root_S2_muscular_branches_of_nerve_sciatic_left_01 [Sensory MRG Neuron 10.00um]  (Soleus_Sensory_Nerves_10um),Sensory MRG Neuron,10.00um,S2_muscular,DO-I,30,0.330078125,33.00781250000001,node[271]
603,Nerve_root_S2_sciatic_muscular_branches_of_nerve_tibial_left_03 [Sensory MRG Neuron 10.00um]  (Soleus_Sensory_Nerves_10um),Sensory MRG Neuron,10.00um,S2_sciatic,DO-I,30,0.330078125,33.00781250000001,node[271]
597,Nerve_root_S2_sciatic_muscular_branches_of_nerve_tibial_left_02 [Sensory MRG Neuron 10.00um]  (Soleus_Sensory_Nerves_10um),Sensory MRG Neuron,10.00um,S2_sciatic,DO-I,30,0.333984375,33.3984375,node[270]
609,Nerve_root_S2_sciatic_muscular_branches_of_nerve_tibial_left_04 [Sensory MRG Neuron 10.00um]  (Soleus_Sensory_Nerves_10um),Sensory MRG Neuron,10.00um,S2_sciatic,DO-I,30,0.337890625,33.7890625,node[270]
615,Nerve_root_S2_sciatic_muscular_branches_of_nerve_tibial_left_05 [Sensory MRG Neuron 10.00um]  (Soleus_Sensory_Nerves_10um),Sensory MRG Neuron,10.00um,S2_sciatic,DO-I,30,0.337890625,33.7890625,node[270]
561,Nerve_root_S2_muscular_branches_of_nerve_sciatic_left_05 [Sensory MRG Neuron 10.00um]  (Soleus_Sensory_Nerves_10um),Sensory MRG Neuron,10.00um,S2_muscular,DO-I,30,0.337890625,33.7890625,node[270]
565,Nerve_root_S2_muscular_branches_of_nerve_sciatic_right_01 [Motor MRG Neuron 15.00um]  (Soleus_Motor_Nerves_15um),Motor MRG Neuron,15.00um,S2_muscular,DO-I,30,0.365234375,36.5234375,node[205]
385,Nerve_root_S1_muscular_branches_of_nerve_sciatic_right_01 [Motor MRG Neuron 15.00um]  (Soleus_Motor_Nerves_15um),Motor MRG Neuron,15.00um,S1_muscular,DO-I,30,0.3671875,36.71875,node[197]
397,Nerve_root_S1_muscular_branches_of_nerve_sciatic_right_03 [Motor MRG Neuron 15.00um]  (Soleus_Motor_Nerves_15um),Motor MRG Neuron,15.00um,S1_muscular,DO-I,30,0.369140625,36.91406250000001,node[197]
391,Nerve_root_S1_muscular_branches_of_nerve_sciatic_right_02 [Motor MRG Neuron 15.00um]  (Soleus_Motor_Nerves_15um),Motor MRG Neuron,15.00um,S1_muscular,DO-I,30,0.37109375,37.109375,node[197]
548,Nerve_root_S2_muscular_branches_of_nerve_sciatic_left_03 [Motor MRG Neuron 20.00um]  (Soleus_Motor_Nerves_20um),Motor MRG Neuron,20.00um,S2_muscular,DO-I,30,0.375,37.50000000000001,node[168]
602,Nerve_root_S2_sciatic_muscular_branches_of_nerve_tibial_left_03 [Motor MRG Neuron 20.00um]  (Soleus_Motor_Nerves_20um),Motor MRG Neuron,20.00um,S2_sciatic,DO-I,30,0.375,37.50000000000001,node[168]
536,Nerve_root_S2_muscular_branches_of_nerve_sciatic_left_01 [Motor MRG Neuron 20.00um]  (Soleus_Motor_Nerves_20um),Motor MRG Neuron,20.00um,S2_muscular,DO-I,30,0.376953125,37.6953125,node[169]
697,Nerve_root_S2_sciatic_nerve_tibial_right_05 [Motor MRG Neuron 15.00um]  (Soleus_Motor_Nerves_15um),Motor MRG Neuron,15.00um,S2_sciatic,DO-I,30,0.376953125,37.6953125,node[205]
542,Nerve_root_S2_muscular_branches_of_nerve_sciatic_left_02 [Motor MRG Neuron 20.00um]  (Soleus_Motor_Nerves_20um),Motor MRG Neuron,20.00um,S2_muscular,DO-I,30,0.376953125,37.6953125,node[169]
691,Nerve_root_S2_sciatic_nerve_tibial_right_04 [Motor MRG Neuron 15.00um]  (Soleus_Motor_Nerves_15um),Motor MRG Neuron,15.00um,S2_sciatic,DO-I,30,0.376953125,37.6953125,node[205]
673,Nerve_root_S2_sciatic_nerve_tibial_right_01 [Motor MRG Neuron 15.00um]  (Soleus_Motor_Nerves_15um),Motor MRG Neuron,15.00um,S2_sciatic,DO-I,30,0.376953125,37.6953125,node[205]
619,Nerve_root_S2_sciatic_muscular_branches_of_nerve_tibial_right_01 [Motor MRG Neuron 15.00um]  (Soleus_Motor_Nerves_15um),Motor MRG Neuron,15.00um,S2_sciatic,DO-I,30,0.376953125,37.6953125,node[205]
685,Nerve_root_S2_sciatic_nerve_tibial_right_03 [Motor MRG Neuron 15.00um]  (Soleus_Motor_Nerves_15um),Motor MRG Neuron,15.00um,S2_sciatic,DO-I,30,0.376953125,37.6953125,node[205]
625,Nerve_root_S2_sciatic_muscular_branches_of_nerve_tibial_right_02 [Motor MRG Neuron 15.00um]  (Soleus_Motor_Nerves_15um),Motor MRG Neuron,15.00um,S2_sciatic,DO-I,30,0.376953125,37.6953125,node[205]
709,Nerve_root_S2_sciatic_nerve_tibial_right_07 [Motor MRG Neuron 15.00um]  (Soleus_Motor_Nerves_15um),Motor MRG Neuron,15.00um,S2_sciatic,DO-I,30,0.376953125,37.6953125,node[205]
703,Nerve_root_S2_sciatic_nerve_tibial_right_06 [Motor MRG Neuron 15.00um]  (Soleus_Motor_Nerves_15um),Motor MRG Neuron,15.00um,S2_sciatic,DO-I,30,0.376953125,37.6953125,node[205]
679,Nerve_root_S2_sciatic_nerve_tibial_right_02 [Motor MRG Neuron 15.00um]  (Soleus_Motor_Nerves_15um),Motor MRG Neuron,15.00um,S2_sciatic,DO-I,30,0.376953125,37.6953125,node[205]
637,Nerve_root_S2_sciatic_muscular_branches_of_nerve_tibial_right_04 [Motor MRG Neuron 15.00um]  (Soleus_Motor_Nerves_15um),Motor MRG Neuron,15.00um,S2_sciatic,DO-I,30,0.376953125,37.6953125,node[205]
457,Nerve_root_S1_sciatic_muscular_branches_of_nerve_tibial_right_04 [Motor MRG Neuron 15.00um]  (Soleus_Motor_Nerves_15um),Motor MRG Neuron,15.00um,S1_sciatic,DO-I,30,0.37890625,37.89062500000001,node[198]
493,Nerve_root_S1_sciatic_nerve_tibial_right_01 [Motor MRG Neuron 15.00um]  (Soleus_Motor_Nerves_15um),Motor MRG Neuron,15.00um,S1_sciatic,DO-I,30,0.37890625,37.89062500000001,node[198]
511,Nerve_root_S1_sciatic_nerve_tibial_right_04 [Motor MRG Neuron 15.00um]  (Soleus_Motor_Nerves_15um),Motor MRG Neuron,15.00um,S1_sciatic,DO-I,30,0.37890625,37.89062500000001,node[198]
439,Nerve_root_S1_sciatic_muscular_branches_of_nerve_tibial_right_01 [Motor MRG Neuron 15.00um]  (Soleus_Motor_Nerves_15um),Motor MRG Neuron,15.00um,S1_sciatic,DO-I,30,0.37890625,37.89062500000001,node[198]
445,Nerve_root_S1_sciatic_muscular_branches_of_nerve_tibial_right_02 [Motor MRG Neuron 15.00um]  (Soleus_Motor_Nerves_15um),Motor MRG Neuron,15.00um,S1_sciatic,DO-I,30,0.37890625,37.89062500000001,node[198]
583,Nerve_root_S2_muscular_branches_of_nerve_sciatic_right_04 [Motor MRG Neuron 15.00um]  (Soleus_Motor_Nerves_15um),Motor MRG Neuron,15.00um,S2_muscular,DO-I,30,0.37890625,37.89062500000001,node[205]
517,Nerve_root_S1_sciatic_nerve_tibial_right_05 [Motor MRG Neuron 15.00um]  (Soleus_Motor_Nerves_15um),Motor MRG Neuron,15.00um,S1_sciatic,DO-I,30,0.37890625,37.89062500000001,node[198]
499,Nerve_root_S1_sciatic_nerve_tibial_right_02 [Motor MRG Neuron 15.00um]  (Soleus_Motor_Nerves_15um),Motor MRG Neuron,15.00um,S1_sciatic,DO-I,30,0.37890625,37.89062500000001,node[198]
523,Nerve_root_S1_sciatic_nerve_tibial_right_06 [Motor MRG Neuron 15.00um]  (Soleus_Motor_Nerves_15um),Motor MRG Neuron,15.00um,S1_sciatic,DO-I,30,0.37890625,37.89062500000001,node[198]
505,Nerve_root_S1_sciatic_nerve_tibial_right_03 [Motor MRG Neuron 15.00um]  (Soleus_Motor_Nerves_15um),Motor MRG Neuron,15.00um,S1_sciatic,DO-I,30,0.37890625,37.89062500000001,node[198]
631,Nerve_root_S2_sciatic_muscular_branches_of_nerve_tibial_right_03 [Motor MRG Neuron 15.00um]  (Soleus_Motor_Nerves_15um),Motor MRG Neuron,15.00um,S2_sciatic,DO-I,30,0.37890625,37.89062500000001,node[205]
529,Nerve_root_S1_sciatic_nerve_tibial_right_07 [Motor MRG Neuron 15.00um]  (Soleus_Motor_Nerves_15um),Motor MRG Neuron,15.00um,S1_sciatic,DO-I,30,0.37890625,37.89062500000001,node[198]
403,Nerve_root_S1_muscular_branches_of_nerve_sciatic_right_04 [Motor MRG Neuron 15.00um]  (Soleus_Motor_Nerves_15um),Motor MRG Neuron,15.00um,S1_muscular,DO-I,30,0.37890625,37.89062500000001,node[198]
451,Nerve_root_S1_sciatic_muscular_branches_of_nerve_tibial_right_03 [Motor MRG Neuron 15.00um]  (Soleus_Motor_Nerves_15um),Motor MRG Neuron,15.00um,S1_sciatic,DO-I,30,0.37890625,37.89062500000001,node[198]
668,Nerve_root_S2_sciatic_nerve_tibial_left_05 [Motor MRG Neuron 20.00um]  (Soleus_Motor_Nerves_20um),Motor MRG Neuron,20.00um,S2_sciatic,DO-I,30,0.380859375,38.0859375,node[167]
644,Nerve_root_S2_sciatic_nerve_tibial_left_01 [Motor MRG Neuron 20.00um]  (Soleus_Motor_Nerves_20um),Motor MRG Neuron,20.00um,S2_sciatic,DO-I,30,0.380859375,38.0859375,node[167]
656,Nerve_root_S2_sciatic_nerve_tibial_left_03 [Motor MRG Neuron 20.00um]  (Soleus_Motor_Nerves_20um),Motor MRG Neuron,20.00um,S2_sciatic,DO-I,30,0.380859375,38.0859375,node[167]
650,Nerve_root_S2_sciatic_nerve_tibial_left_02 [Motor MRG Neuron 20.00um]  (Soleus_Motor_Nerves_20um),Motor MRG Neuron,20.00um,S2_sciatic,DO-I,30,0.380859375,38.0859375,node[167]
662,Nerve_root_S2_sciatic_nerve_tibial_left_04 [Motor MRG Neuron 20.00um]  (Soleus_Motor_Nerves_20um),Motor MRG Neuron,20.00um,S2_sciatic,DO-I,30,0.380859375,38.0859375,node[167]
571,Nerve_root_S2_muscular_branches_of_nerve_sciatic_right_02 [Motor MRG Neuron 15.00um]  (Soleus_Motor_Nerves_15um),Motor MRG Neuron,15.00um,S2_muscular,DO-I,30,0.380859375,38.0859375,node[205]
577,Nerve_root_S2_muscular_branches_of_nerve_sciatic_right_03 [Motor MRG Neuron 15.00um]  (Soleus_Motor_Nerves_15um),Motor MRG Neuron,15.00um,S2_muscular,DO-I,30,0.380859375,38.0859375,node[205]
554,Nerve_root_S2_muscular_branches_of_nerve_sciatic_left_04 [Motor MRG Neuron 20.00um]  (Soleus_Motor_Nerves_20um),Motor MRG Neuron,20.00um,S2_muscular,DO-I,30,0.3828125,38.28125,node[169]
428,Nerve_root_S1_sciatic_muscular_branches_of_nerve_tibial_left_04 [Motor MRG Neuron 20.00um]  (Soleus_Motor_Nerves_20um),Motor MRG Neuron,20.00um,S1_sciatic,DO-I,30,0.384765625,38.47656250000001,node[162]
608,Nerve_root_S2_sciatic_muscular_branches_of_nerve_tibial_left_04 [Motor MRG Neuron 20.00um]  (Soleus_Motor_Nerves_20um),Motor MRG Neuron,20.00um,S2_sciatic,DO-I,30,0.384765625,38.47656250000001,node[167]
614,Nerve_root_S2_sciatic_muscular_branches_of_nerve_tibial_left_05 [Motor MRG Neuron 20.00um]  (Soleus_Motor_Nerves_20um),Motor MRG Neuron,20.00um,S2_sciatic,DO-I,30,0.384765625,38.47656250000001,node[167]
422,Nerve_root_S1_sciatic_muscular_branches_of_nerve_tibial_left_03 [Motor MRG Neuron 20.00um]  (Soleus_Motor_Nerves_20um),Motor MRG Neuron,20.00um,S1_sciatic,DO-I,30,0.384765625,38.47656250000001,node[162]
596,Nerve_root_S2_sciatic_muscular_branches_of_nerve_tibial_left_02 [Motor MRG Neuron 20.00um]  (Soleus_Motor_Nerves_20um),Motor MRG Neuron,20.00um,S2_sciatic,DO-I,30,0.38671875,38.671875,node[168]
560,Nerve_root_S2_muscular_branches_of_nerve_sciatic_left_05 [Motor MRG Neuron 20.00um]  (Soleus_Motor_Nerves_20um),Motor MRG Neuron,20.00um,S2_muscular,DO-I,30,0.388671875,38.86718750000001,node[168]
410,Nerve_root_S1_sciatic_muscular_branches_of_nerve_tibial_left_01 [Motor MRG Neuron 20.00um]  (Soleus_Motor_Nerves_20um),Motor MRG Neuron,20.00um,S1_sciatic,DO-I,30,0.388671875,38.86718750000001,node[162]
464,Nerve_root_S1_sciatic_nerve_tibial_left_01 [Motor MRG Neuron 20.00um]  (Soleus_Motor_Nerves_20um),Motor MRG Neuron,20.00um,S1_sciatic,DO-I,30,0.388671875,38.86718750000001,node[162]
434,Nerve_root_S1_sciatic_muscular_branches_of_nerve_tibial_left_05 [Motor MRG Neuron 20.00um]  (Soleus_Motor_Nerves_20um),Motor MRG Neuron,20.00um,S1_sciatic,DO-I,30,0.388671875,38.86718750000001,node[162]
470,Nerve_root_S1_sciatic_nerve_tibial_left_02 [Motor MRG Neuron 20.00um]  (Soleus_Motor_Nerves_20um),Motor MRG Neuron,20.00um,S1_sciatic,DO-I,30,0.388671875,38.86718750000001,node[162]
476,Nerve_root_S1_sciatic_nerve_tibial_left_03 [Motor MRG Neuron 20.00um]  (Soleus_Motor_Nerves_20um),Motor MRG Neuron,20.00um,S1_sciatic,DO-I,30,0.388671875,38.86718750000001,node[162]
416,Nerve_root_S1_sciatic_muscular_branches_of_nerve_tibial_left_02 [Motor MRG Neuron 20.00um]  (Soleus_Motor_Nerves_20um),Motor MRG Neuron,20.00um,S1_sciatic,DO-I,30,0.388671875,38.86718750000001,node[162]
482,Nerve_root_S1_sciatic_nerve_tibial_left_04 [Motor MRG Neuron 20.00um]  (Soleus_Motor_Nerves_20um),Motor MRG Neuron,20.00um,S1_sciatic,DO-I,30,0.388671875,38.86718750000001,node[162]
488,Nerve_root_S1_sciatic_nerve_tibial_left_05 [Motor MRG Neuron 20.00um]  (Soleus_Motor_Nerves_20um),Motor MRG Neuron,20.00um,S1_sciatic,DO-I,30,0.388671875,38.86718750000001,node[162]
590,Nerve_root_S2_sciatic_muscular_branches_of_nerve_tibial_left_01 [Motor MRG Neuron 20.00um]  (Soleus_Motor_Nerves_20um),Motor MRG Neuron,20.00um,S2_sciatic,DO-I,30,0.388671875,38.86718750000001,node[168]
380,Nerve_root_S1_muscular_branches_of_nerve_sciatic_left_05 [Motor MRG Neuron 20.00um]  (Soleus_Motor_Nerves_20um),Motor MRG Neuron,20.00um,S1_muscular,DO-I,30,0.390625,39.0625,node[162]
374,Nerve_root_S1_muscular_branches_of_nerve_sciatic_left_04 [Motor MRG Neuron 20.00um]  (Soleus_Motor_Nerves_20um),Motor MRG Neuron,20.00um,S1_muscular,DO-I,30,0.39453125,39.45312500000001,node[162]
368,Nerve_root_S1_muscular_branches_of_nerve_sciatic_left_02 [Motor MRG Neuron 20.00um]  (Soleus_Motor_Nerves_20um),Motor MRG Neuron,20.00um,S1_muscular,DO-I,30,0.39453125,39.45312500000001,node[162]
362,Nerve_root_S1_muscular_branches_of_nerve_sciatic_left_01 [Motor MRG Neuron 20.00um]  (Soleus_Motor_Nerves_20um),Motor MRG Neuron,20.00um,S1_muscular,DO-I,30,0.39453125,39.45312500000001,node[163]
192,Nerve_root_L5_muscular_branches_of_nerve_sciatic_left_03 [Motor MRG Neuron 10.00um]  (Soleus_Motor_Nerves_10um),Motor MRG Neuron,10.00um,L5_muscular,DO-I,30,0.40234375,40.234375,node[210]
367,Nerve_root_S1_muscular_branches_of_nerve_sciatic_left_02 [Motor MRG Neuron 15.00um]  (Soleus_Motor_Nerves_15um),Motor MRG Neuron,15.00um,S1_muscular,DO-I,30,0.4609375,46.09375,node[91]
373,Nerve_root_S1_muscular_branches_of_nerve_sciatic_left_04 [Motor MRG Neuron 15.00um]  (Soleus_Motor_Nerves_15um),Motor MRG Neuron,15.00um,S1_muscular,DO-I,30,0.4609375,46.09375,node[91]
361,Nerve_root_S1_muscular_branches_of_nerve_sciatic_left_01 [Motor MRG Neuron 15.00um]  (Soleus_Motor_Nerves_15um),Motor MRG Neuron,15.00um,S1_muscular,DO-I,30,0.4609375,46.09375,node[91]
541,Nerve_root_S2_muscular_branches_of_nerve_sciatic_left_02 [Motor MRG Neuron 15.00um]  (Soleus_Motor_Nerves_15um),Motor MRG Neuron,15.00um,S2_muscular,DO-I,30,0.46875,46.875,node[199]
553,Nerve_root_S2_muscular_branches_of_nerve_sciatic_left_04 [Motor MRG Neuron 15.00um]  (Soleus_Motor_Nerves_15um),Motor MRG Neuron,15.00um,S2_muscular,DO-I,30,0.46875,46.875,node[199]
535,Nerve_root_S2_muscular_branches_of_nerve_sciatic_left_01 [Motor MRG Neuron 15.00um]  (Soleus_Motor_Nerves_15um),Motor MRG Neuron,15.00um,S2_muscular,DO-I,30,0.46875,46.875,node[199]
661,Nerve_root_S2_sciatic_nerve_tibial_left_04 [Motor MRG Neuron 15.00um]  (Soleus_Motor_Nerves_15um),Motor MRG Neuron,15.00um,S2_sciatic,DO-I,30,0.47265625,47.26562500000001,node[199]
667,Nerve_root_S2_sciatic_nerve_tibial_left_05 [Motor MRG Neuron 15.00um]  (Soleus_Motor_Nerves_15um),Motor MRG Neuron,15.00um,S2_sciatic,DO-I,30,0.47265625,47.26562500000001,node[199]
655,Nerve_root_S2_sciatic_nerve_tibial_left_03 [Motor MRG Neuron 15.00um]  (Soleus_Motor_Nerves_15um),Motor MRG Neuron,15.00um,S2_sciatic,DO-I,30,0.47265625,47.26562500000001,node[199]
379,Nerve_root_S1_muscular_branches_of_nerve_sciatic_left_05 [Motor MRG Neuron 15.00um]  (Soleus_Motor_Nerves_15um),Motor MRG Neuron,15.00um,S1_muscular,DO-I,30,0.47265625,47.26562500000001,node[90]
589,Nerve_root_S2_sciatic_muscular_branches_of_nerve_tibial_left_01 [Motor MRG Neuron 15.00um]  (Soleus_Motor_Nerves_15um),Motor MRG Neuron,15.00um,S2_sciatic,DO-I,30,0.47265625,47.26562500000001,node[199]
649,Nerve_root_S2_sciatic_nerve_tibial_left_02 [Motor MRG Neuron 15.00um]  (Soleus_Motor_Nerves_15um),Motor MRG Neuron,15.00um,S2_sciatic,DO-I,30,0.47265625,47.26562500000001,node[199]
643,Nerve_root_S2_sciatic_nerve_tibial_left_01 [Motor MRG Neuron 15.00um]  (Soleus_Motor_Nerves_15um),Motor MRG Neuron,15.00um,S2_sciatic,DO-I,30,0.47265625,47.26562500000001,node[199]
463,Nerve_root_S1_sciatic_nerve_tibial_left_01 [Motor MRG Neuron 15.00um]  (Soleus_Motor_Nerves_15um),Motor MRG Neuron,15.00um,S1_sciatic,DO-I,30,0.4765625,47.65625000000001,node[90]
469,Nerve_root_S1_sciatic_nerve_tibial_left_02 [Motor MRG Neuron 15.00um]  (Soleus_Motor_Nerves_15um),Motor MRG Neuron,15.00um,S1_sciatic,DO-I,30,0.4765625,47.65625000000001,node[90]
409,Nerve_root_S1_sciatic_muscular_branches_of_nerve_tibial_left_01 [Motor MRG Neuron 15.00um]  (Soleus_Motor_Nerves_15um),Motor MRG Neuron,15.00um,S1_sciatic,DO-I,30,0.4765625,47.65625000000001,node[90]
427,Nerve_root_S1_sciatic_muscular_branches_of_nerve_tibial_left_04 [Motor MRG Neuron 15.00um]  (Soleus_Motor_Nerves_15um),Motor MRG Neuron,15.00um,S1_sciatic,DO-I,30,0.4765625,47.65625000000001,node[90]
421,Nerve_root_S1_sciatic_muscular_branches_of_nerve_tibial_left_03 [Motor MRG Neuron 15.00um]  (Soleus_Motor_Nerves_15um),Motor MRG Neuron,15.00um,S1_sciatic,DO-I,30,0.4765625,47.65625000000001,node[90]
487,Nerve_root_S1_sciatic_nerve_tibial_left_05 [Motor MRG Neuron 15.00um]  (Soleus_Motor_Nerves_15um),Motor MRG Neuron,15.00um,S1_sciatic,DO-I,30,0.4765625,47.65625000000001,node[90]
415,Nerve_root_S1_sciatic_muscular_branches_of_nerve_tibial_left_02 [Motor MRG Neuron 15.00um]  (Soleus_Motor_Nerves_15um),Motor MRG Neuron,15.00um,S1_sciatic,DO-I,30,0.4765625,47.65625000000001,node[90]
433,Nerve_root_S1_sciatic_muscular_branches_of_nerve_tibial_left_05 [Motor MRG Neuron 15.00um]  (Soleus_Motor_Nerves_15um),Motor MRG Neuron,15.00um,S1_sciatic,DO-I,30,0.4765625,47.65625000000001,node[90]
475,Nerve_root_S1_sciatic_nerve_tibial_left_03 [Motor MRG Neuron 15.00um]  (Soleus_Motor_Nerves_15um),Motor MRG Neuron,15.00um,S1_sciatic,DO-I,30,0.4765625,47.65625000000001,node[90]
481,Nerve_root_S1_sciatic_nerve_tibial_left_04 [Motor MRG Neuron 15.00um]  (Soleus_Motor_Nerves_15um),Motor MRG Neuron,15.00um,S1_sciatic,DO-I,30,0.4765625,47.65625000000001,node[90]
601,Nerve_root_S2_sciatic_muscular_branches_of_nerve_tibial_left_03 [Motor MRG Neuron 15.00um]  (Soleus_Motor_Nerves_15um),Motor MRG Neuron,15.00um,S2_sciatic,DO-I,30,0.48046875,48.046875,node[199]
547,Nerve_root_S2_muscular_branches_of_nerve_sciatic_left_03 [Motor MRG Neuron 15.00um]  (Soleus_Motor_Nerves_15um),Motor MRG Neuron,15.00um,S2_muscular,DO-I,30,0.484375,48.4375,node[199]
595,Nerve_root_S2_sciatic_muscular_branches_of_nerve_tibial_left_02 [Motor MRG Neuron 15.00um]  (Soleus_Motor_Nerves_15um),Motor MRG Neuron,15.00um,S2_sciatic,DO-I,30,0.48828125,48.828125,node[199]
559,Nerve_root_S2_muscular_branches_of_nerve_sciatic_left_05 [Motor MRG Neuron 15.00um]  (Soleus_Motor_Nerves_15um),Motor MRG Neuron,15.00um,S2_muscular,DO-I,30,0.48828125,48.828125,node[199]
613,Nerve_root_S2_sciatic_muscular_branches_of_nerve_tibial_left_05 [Motor MRG Neuron 15.00um]  (Soleus_Motor_Nerves_15um),Motor MRG Neuron,15.00um,S2_sciatic,DO-I,30,0.4921875,49.21875000000001,node[199]
607,Nerve_root_S2_sciatic_muscular_branches_of_nerve_tibial_left_04 [Motor MRG Neuron 15.00um]  (Soleus_Motor_Nerves_15um),Motor MRG Neuron,15.00um,S2_sciatic,DO-I,30,0.4921875,49.21875000000001,node[199]
246,Nerve_root_L5_sciatic_muscular_branches_of_nerve_tibial_left_03 [Motor MRG Neuron 10.00um]  (Soleus_Motor_Nerves_10um),Motor MRG Neuron,10.00um,L5_sciatic,DO-I,30,0.5234375,52.34375,node[211]
306,Nerve_root_L5_sciatic_nerve_tibial_left_04 [Motor MRG Neuron 10.00um]  (Soleus_Motor_Nerves_10um),Motor MRG Neuron,10.00um,L5_sciatic,DO-I,30,0.52734375,52.734375,node[211]
312,Nerve_root_L5_sciatic_nerve_tibial_left_05 [Motor MRG Neuron 10.00um]  (Soleus_Motor_Nerves_10um),Motor MRG Neuron,10.00um,L5_sciatic,DO-I,30,0.52734375,52.734375,node[211]
258,Nerve_root_L5_sciatic_muscular_branches_of_nerve_tibial_left_05 [Motor MRG Neuron 10.00um]  (Soleus_Motor_Nerves_10um),Motor MRG Neuron,10.00um,L5_sciatic,DO-I,30,0.52734375,52.734375,node[211]
240,Nerve_root_L5_sciatic_muscular_branches_of_nerve_tibial_left_02 [Motor MRG Neuron 10.00um]  (Soleus_Motor_Nerves_10um),Motor MRG Neuron,10.00um,L5_sciatic,DO-I,30,0.52734375,52.734375,node[211]
300,Nerve_root_L5_sciatic_nerve_tibial_left_03 [Motor MRG Neuron 10.00um]  (Soleus_Motor_Nerves_10um),Motor MRG Neuron,10.00um,L5_sciatic,DO-I,30,0.52734375,52.734375,node[211]
288,Nerve_root_L5_sciatic_nerve_tibial_left_01 [Motor MRG Neuron 10.00um]  (Soleus_Motor_Nerves_10um),Motor MRG Neuron,10.00um,L5_sciatic,DO-I,30,0.52734375,52.734375,node[211]
294,Nerve_root_L5_sciatic_nerve_tibial_left_02 [Motor MRG Neuron 10.00um]  (Soleus_Motor_Nerves_10um),Motor MRG Neuron,10.00um,L5_sciatic,DO-I,30,0.52734375,52.734375,node[211]
252,Nerve_root_L5_sciatic_muscular_branches_of_nerve_tibial_left_04 [Motor MRG Neuron 10.00um]  (Soleus_Motor_Nerves_10um),Motor MRG Neuron,10.00um,L5_sciatic,DO-I,30,0.52734375,52.734375,node[211]
186,Nerve_root_L5_muscular_branches_of_nerve_sciatic_left_02 [Motor MRG Neuron 10.00um]  (Soleus_Motor_Nerves_10um),Motor MRG Neuron,10.00um,L5_muscular,DO-I,30,0.53125,53.12500000000001,node[211]
180,Nerve_root_L5_muscular_branches_of_nerve_sciatic_left_01 [Motor MRG Neuron 10.00um]  (Soleus_Motor_Nerves_10um),Motor MRG Neuron,10.00um,L5_muscular,DO-I,30,0.53125,53.12500000000001,node[211]
198,Nerve_root_L5_muscular_branches_of_nerve_sciatic_left_04 [Motor MRG Neuron 10.00um]  (Soleus_Motor_Nerves_10um),Motor MRG Neuron,10.00um,L5_muscular,DO-I,30,0.54296875,54.296875,node[211]
204,Nerve_root_L5_muscular_branches_of_nerve_sciatic_left_05 [Motor MRG Neuron 10.00um]  (Soleus_Motor_Nerves_10um),Motor MRG Neuron,10.00um,L5_muscular,DO-I,30,0.54296875,54.296875,node[211]
234,Nerve_root_L5_sciatic_muscular_branches_of_nerve_tibial_left_01 [Motor MRG Neuron 10.00um]  (Soleus_Motor_Nerves_10um),Motor MRG Neuron,10.00um,L5_sciatic,DO-I,30,0.54296875,54.296875,node[211]
30,Nerve_root_L4_L5_muscular_branches_of_nerve_sciatic_right_01 [Motor MRG Neuron 10.00um]  (Soleus_Motor_Nerves_10um),Motor MRG Neuron,10.00um,L4_L5,DO-I,30,0.55078125,55.07812500000001,node[168]
150,Nerve_root_L4_L5_sciatic_nerve_tibial_right_03 [Motor MRG Neuron 10.00um]  (Soleus_Motor_Nerves_10um),Motor MRG Neuron,10.00um,L4_L5,DO-I,30,0.55859375,55.859375,node[169]
156,Nerve_root_L4_L5_sciatic_nerve_tibial_right_04 [Motor MRG Neuron 10.00um]  (Soleus_Motor_Nerves_10um),Motor MRG Neuron,10.00um,L4_L5,DO-I,30,0.55859375,55.859375,node[169]
84,Nerve_root_L4_L5_sciatic_muscular_branches_of_nerve_tibial_right_01 [Motor MRG Neuron 10.00um]  (Soleus_Motor_Nerves_10um),Motor MRG Neuron,10.00um,L4_L5,DO-I,30,0.55859375,55.859375,node[169]
102,Nerve_root_L4_L5_sciatic_muscular_branches_of_nerve_tibial_right_04 [Motor MRG Neuron 10.00um]  (Soleus_Motor_Nerves_10um),Motor MRG Neuron,10.00um,L4_L5,DO-I,30,0.55859375,55.859375,node[169]
96,Nerve_root_L4_L5_sciatic_muscular_branches_of_nerve_tibial_right_03 [Motor MRG Neuron 10.00um]  (Soleus_Motor_Nerves_10um),Motor MRG Neuron,10.00um,L4_L5,DO-I,30,0.55859375,55.859375,node[169]
168,Nerve_root_L4_L5_sciatic_nerve_tibial_right_06 [Motor MRG Neuron 10.00um]  (Soleus_Motor_Nerves_10um),Motor MRG Neuron,10.00um,L4_L5,DO-I,30,0.55859375,55.859375,node[169]
144,Nerve_root_L4_L5_sciatic_nerve_tibial_right_02 [Motor MRG Neuron 10.00um]  (Soleus_Motor_Nerves_10um),Motor MRG Neuron,10.00um,L4_L5,DO-I,30,0.55859375,55.859375,node[169]
138,Nerve_root_L4_L5_sciatic_nerve_tibial_right_01 [Motor MRG Neuron 10.00um]  (Soleus_Motor_Nerves_10um),Motor MRG Neuron,10.00um,L4_L5,DO-I,30,0.55859375,55.859375,node[169]
162,Nerve_root_L4_L5_sciatic_nerve_tibial_right_05 [Motor MRG Neuron 10.00um]  (Soleus_Motor_Nerves_10um),Motor MRG Neuron,10.00um,L4_L5,DO-I,30,0.55859375,55.859375,node[169]
90,Nerve_root_L4_L5_sciatic_muscular_branches_of_nerve_tibial_right_02 [Motor MRG Neuron 10.00um]  (Soleus_Motor_Nerves_10um),Motor MRG Neuron,10.00um,L4_L5,DO-I,30,0.55859375,55.859375,node[169]
174,Nerve_root_L4_L5_sciatic_nerve_tibial_right_07 [Motor MRG Neuron 10.00um]  (Soleus_Motor_Nerves_10um),Motor MRG Neuron,10.00um,L4_L5,DO-I,30,0.55859375,55.859375,node[169]
48,Nerve_root_L4_L5_muscular_branches_of_nerve_sciatic_right_04 [Motor MRG Neuron 10.00um]  (Soleus_Motor_Nerves_10um),Motor MRG Neuron,10.00um,L4_L5,DO-I,30,0.5703125,57.03125000000001,node[170]
564,Nerve_root_S2_muscular_branches_of_nerve_sciatic_right_01 [Motor MRG Neuron 10.00um]  (Soleus_Motor_Nerves_10um),Motor MRG Neuron,10.00um,S2_muscular,DO-I,30,0.57421875,57.42187500000001,node[279]
384,Nerve_root_S1_muscular_branches_of_nerve_sciatic_right_01 [Motor MRG Neuron 10.00um]  (Soleus_Motor_Nerves_10um),Motor MRG Neuron,10.00um,S1_muscular,DO-I,30,0.578125,57.8125,node[268]
36,Nerve_root_L4_L5_muscular_branches_of_nerve_sciatic_right_02 [Motor MRG Neuron 10.00um]  (Soleus_Motor_Nerves_10um),Motor MRG Neuron,10.00um,L4_L5,DO-I,30,0.578125,57.8125,node[169]
42,Nerve_root_L4_L5_muscular_branches_of_nerve_sciatic_right_03 [Motor MRG Neuron 10.00um]  (Soleus_Motor_Nerves_10um),Motor MRG Neuron,10.00um,L4_L5,DO-I,30,0.578125,57.8125,node[169]
396,Nerve_root_S1_muscular_branches_of_nerve_sciatic_right_03 [Motor MRG Neuron 10.00um]  (Soleus_Motor_Nerves_10um),Motor MRG Neuron,10.00um,S1_muscular,DO-I,30,0.58203125,58.203125,node[268]
390,Nerve_root_S1_muscular_branches_of_nerve_sciatic_right_02 [Motor MRG Neuron 10.00um]  (Soleus_Motor_Nerves_10um),Motor MRG Neuron,10.00um,S1_muscular,DO-I,30,0.5859375,58.59375,node[268]
210,Nerve_root_L5_muscular_branches_of_nerve_sciatic_right_01 [Motor MRG Neuron 10.00um]  (Soleus_Motor_Nerves_10um),Motor MRG Neuron,10.00um,L5_muscular,DO-I,30,0.58984375,58.98437500000001,node[279]
216,Nerve_root_L5_muscular_branches_of_nerve_sciatic_right_02 [Motor MRG Neuron 10.00um]  (Soleus_Motor_Nerves_10um),Motor MRG Neuron,10.00um,L5_muscular,DO-I,30,0.59375,59.37500000000001,node[279]
222,Nerve_root_L5_muscular_branches_of_nerve_sciatic_right_03 [Motor MRG Neuron 10.00um]  (Soleus_Motor_Nerves_10um),Motor MRG Neuron,10.00um,L5_muscular,DO-I,30,0.59765625,59.765625,node[279]
504,Nerve_root_S1_sciatic_nerve_tibial_right_03 [Motor MRG Neuron 10.00um]  (Soleus_Motor_Nerves_10um),Motor MRG Neuron,10.00um,S1_sciatic,DO-I,30,0.6015625,60.15625,node[269]
492,Nerve_root_S1_sciatic_nerve_tibial_right_01 [Motor MRG Neuron 10.00um]  (Soleus_Motor_Nerves_10um),Motor MRG Neuron,10.00um,S1_sciatic,DO-I,30,0.6015625,60.15625,node[269]
570,Nerve_root_S2_muscular_branches_of_nerve_sciatic_right_02 [Motor MRG Neuron 10.00um]  (Soleus_Motor_Nerves_10um),Motor MRG Neuron,10.00um,S2_muscular,DO-I,30,0.6015625,60.15625,node[279]
438,Nerve_root_S1_sciatic_muscular_branches_of_nerve_tibial_right_01 [Motor MRG Neuron 10.00um]  (Soleus_Motor_Nerves_10um),Motor MRG Neuron,10.00um,S1_sciatic,DO-I,30,0.6015625,60.15625,node[269]
444,Nerve_root_S1_sciatic_muscular_branches_of_nerve_tibial_right_02 [Motor MRG Neuron 10.00um]  (Soleus_Motor_Nerves_10um),Motor MRG Neuron,10.00um,S1_sciatic,DO-I,30,0.6015625,60.15625,node[269]
450,Nerve_root_S1_sciatic_muscular_branches_of_nerve_tibial_right_03 [Motor MRG Neuron 10.00um]  (Soleus_Motor_Nerves_10um),Motor MRG Neuron,10.00um,S1_sciatic,DO-I,30,0.6015625,60.15625,node[269]
528,Nerve_root_S1_sciatic_nerve_tibial_right_07 [Motor MRG Neuron 10.00um]  (Soleus_Motor_Nerves_10um),Motor MRG Neuron,10.00um,S1_sciatic,DO-I,30,0.6015625,60.15625,node[269]
522,Nerve_root_S1_sciatic_nerve_tibial_right_06 [Motor MRG Neuron 10.00um]  (Soleus_Motor_Nerves_10um),Motor MRG Neuron,10.00um,S1_sciatic,DO-I,30,0.6015625,60.15625,node[269]
456,Nerve_root_S1_sciatic_muscular_branches_of_nerve_tibial_right_04 [Motor MRG Neuron 10.00um]  (Soleus_Motor_Nerves_10um),Motor MRG Neuron,10.00um,S1_sciatic,DO-I,30,0.6015625,60.15625,node[269]
510,Nerve_root_S1_sciatic_nerve_tibial_right_04 [Motor MRG Neuron 10.00um]  (Soleus_Motor_Nerves_10um),Motor MRG Neuron,10.00um,S1_sciatic,DO-I,30,0.6015625,60.15625,node[269]
498,Nerve_root_S1_sciatic_nerve_tibial_right_02 [Motor MRG Neuron 10.00um]  (Soleus_Motor_Nerves_10um),Motor MRG Neuron,10.00um,S1_sciatic,DO-I,30,0.6015625,60.15625,node[269]
516,Nerve_root_S1_sciatic_nerve_tibial_right_05 [Motor MRG Neuron 10.00um]  (Soleus_Motor_Nerves_10um),Motor MRG Neuron,10.00um,S1_sciatic,DO-I,30,0.6015625,60.15625,node[269]
360,Nerve_root_S1_muscular_branches_of_nerve_sciatic_left_01 [Motor MRG Neuron 10.00um]  (Soleus_Motor_Nerves_10um),Motor MRG Neuron,10.00um,S1_muscular,DO-I,30,0.60546875,60.546875,node[124]
228,Nerve_root_L5_muscular_branches_of_nerve_sciatic_right_04 [Motor MRG Neuron 10.00um]  (Soleus_Motor_Nerves_10um),Motor MRG Neuron,10.00um,L5_muscular,DO-I,30,0.60546875,60.546875,node[279]
366,Nerve_root_S1_muscular_branches_of_nerve_sciatic_left_02 [Motor MRG Neuron 10.00um]  (Soleus_Motor_Nerves_10um),Motor MRG Neuron,10.00um,S1_muscular,DO-I,30,0.60546875,60.546875,node[124]
582,Nerve_root_S2_muscular_branches_of_nerve_sciatic_right_04 [Motor MRG Neuron 10.00um]  (Soleus_Motor_Nerves_10um),Motor MRG Neuron,10.00um,S2_muscular,DO-I,30,0.60546875,60.546875,node[280]
402,Nerve_root_S1_muscular_branches_of_nerve_sciatic_right_04 [Motor MRG Neuron 10.00um]  (Soleus_Motor_Nerves_10um),Motor MRG Neuron,10.00um,S1_muscular,DO-I,30,0.60546875,60.546875,node[270]
372,Nerve_root_S1_muscular_branches_of_nerve_sciatic_left_04 [Motor MRG Neuron 10.00um]  (Soleus_Motor_Nerves_10um),Motor MRG Neuron,10.00um,S1_muscular,DO-I,30,0.60546875,60.546875,node[123]
678,Nerve_root_S2_sciatic_nerve_tibial_right_02 [Motor MRG Neuron 10.00um]  (Soleus_Motor_Nerves_10um),Motor MRG Neuron,10.00um,S2_sciatic,DO-I,30,0.609375,60.93750000000001,node[279]
324,Nerve_root_L5_sciatic_nerve_tibial_right_02 [Motor MRG Neuron 10.00um]  (Soleus_Motor_Nerves_10um),Motor MRG Neuron,10.00um,L5_sciatic,DO-I,30,0.609375,60.93750000000001,node[280]
702,Nerve_root_S2_sciatic_nerve_tibial_right_06 [Motor MRG Neuron 10.00um]  (Soleus_Motor_Nerves_10um),Motor MRG Neuron,10.00um,S2_sciatic,DO-I,30,0.609375,60.93750000000001,node[279]
276,Nerve_root_L5_sciatic_muscular_branches_of_nerve_tibial_right_03 [Motor MRG Neuron 10.00um]  (Soleus_Motor_Nerves_10um),Motor MRG Neuron,10.00um,L5_sciatic,DO-I,30,0.609375,60.93750000000001,node[280]
318,Nerve_root_L5_sciatic_nerve_tibial_right_01 [Motor MRG Neuron 10.00um]  (Soleus_Motor_Nerves_10um),Motor MRG Neuron,10.00um,L5_sciatic,DO-I,30,0.609375,60.93750000000001,node[280]
690,Nerve_root_S2_sciatic_nerve_tibial_right_04 [Motor MRG Neuron 10.00um]  (Soleus_Motor_Nerves_10um),Motor MRG Neuron,10.00um,S2_sciatic,DO-I,30,0.609375,60.93750000000001,node[279]
696,Nerve_root_S2_sciatic_nerve_tibial_right_05 [Motor MRG Neuron 10.00um]  (Soleus_Motor_Nerves_10um),Motor MRG Neuron,10.00um,S2_sciatic,DO-I,30,0.609375,60.93750000000001,node[279]
708,Nerve_root_S2_sciatic_nerve_tibial_right_07 [Motor MRG Neuron 10.00um]  (Soleus_Motor_Nerves_10um),Motor MRG Neuron,10.00um,S2_sciatic,DO-I,30,0.609375,60.93750000000001,node[279]
684,Nerve_root_S2_sciatic_nerve_tibial_right_03 [Motor MRG Neuron 10.00um]  (Soleus_Motor_Nerves_10um),Motor MRG Neuron,10.00um,S2_sciatic,DO-I,30,0.609375,60.93750000000001,node[279]
576,Nerve_root_S2_muscular_branches_of_nerve_sciatic_right_03 [Motor MRG Neuron 10.00um]  (Soleus_Motor_Nerves_10um),Motor MRG Neuron,10.00um,S2_muscular,DO-I,30,0.609375,60.93750000000001,node[280]
330,Nerve_root_L5_sciatic_nerve_tibial_right_03 [Motor MRG Neuron 10.00um]  (Soleus_Motor_Nerves_10um),Motor MRG Neuron,10.00um,L5_sciatic,DO-I,30,0.609375,60.93750000000001,node[280]
630,Nerve_root_S2_sciatic_muscular_branches_of_nerve_tibial_right_03 [Motor MRG Neuron 10.00um]  (Soleus_Motor_Nerves_10um),Motor MRG Neuron,10.00um,S2_sciatic,DO-I,30,0.609375,60.93750000000001,node[279]
336,Nerve_root_L5_sciatic_nerve_tibial_right_04 [Motor MRG Neuron 10.00um]  (Soleus_Motor_Nerves_10um),Motor MRG Neuron,10.00um,L5_sciatic,DO-I,30,0.609375,60.93750000000001,node[280]
672,Nerve_root_S2_sciatic_nerve_tibial_right_01 [Motor MRG Neuron 10.00um]  (Soleus_Motor_Nerves_10um),Motor MRG Neuron,10.00um,S2_sciatic,DO-I,30,0.609375,60.93750000000001,node[279]
618,Nerve_root_S2_sciatic_muscular_branches_of_nerve_tibial_right_01 [Motor MRG Neuron 10.00um]  (Soleus_Motor_Nerves_10um),Motor MRG Neuron,10.00um,S2_sciatic,DO-I,30,0.609375,60.93750000000001,node[279]
342,Nerve_root_L5_sciatic_nerve_tibial_right_05 [Motor MRG Neuron 10.00um]  (Soleus_Motor_Nerves_10um),Motor MRG Neuron,10.00um,L5_sciatic,DO-I,30,0.609375,60.93750000000001,node[280]
636,Nerve_root_S2_sciatic_muscular_branches_of_nerve_tibial_right_04 [Motor MRG Neuron 10.00um]  (Soleus_Motor_Nerves_10um),Motor MRG Neuron,10.00um,S2_sciatic,DO-I,30,0.609375,60.93750000000001,node[279]
624,Nerve_root_S2_sciatic_muscular_branches_of_nerve_tibial_right_02 [Motor MRG Neuron 10.00um]  (Soleus_Motor_Nerves_10um),Motor MRG Neuron,10.00um,S2_sciatic,DO-I,30,0.609375,60.93750000000001,node[279]
354,Nerve_root_L5_sciatic_nerve_tibial_right_07 [Motor MRG Neuron 10.00um]  (Soleus_Motor_Nerves_10um),Motor MRG Neuron,10.00um,L5_sciatic,DO-I,30,0.609375,60.93750000000001,node[280]
348,Nerve_root_L5_sciatic_nerve_tibial_right_06 [Motor MRG Neuron 10.00um]  (Soleus_Motor_Nerves_10um),Motor MRG Neuron,10.00um,L5_sciatic,DO-I,30,0.609375,60.93750000000001,node[280]
264,Nerve_root_L5_sciatic_muscular_branches_of_nerve_tibial_right_01 [Motor MRG Neuron 10.00um]  (Soleus_Motor_Nerves_10um),Motor MRG Neuron,10.00um,L5_sciatic,DO-I,30,0.61328125,61.32812500000001,node[280]
270,Nerve_root_L5_sciatic_muscular_branches_of_nerve_tibial_right_02 [Motor MRG Neuron 10.00um]  (Soleus_Motor_Nerves_10um),Motor MRG Neuron,10.00um,L5_sciatic,DO-I,30,0.61328125,61.32812500000001,node[280]
282,Nerve_root_L5_sciatic_muscular_branches_of_nerve_tibial_right_04 [Motor MRG Neuron 10.00um]  (Soleus_Motor_Nerves_10um),Motor MRG Neuron,10.00um,L5_sciatic,DO-I,30,0.61328125,61.32812500000001,node[280]
378,Nerve_root_S1_muscular_branches_of_nerve_sciatic_left_05 [Motor MRG Neuron 10.00um]  (Soleus_Motor_Nerves_10um),Motor MRG Neuron,10.00um,S1_muscular,DO-I,30,0.640625,64.06250000000001,node[123]
468,Nerve_root_S1_sciatic_nerve_tibial_left_02 [Motor MRG Neuron 10.00um]  (Soleus_Motor_Nerves_10um),Motor MRG Neuron,10.00um,S1_sciatic,DO-I,30,0.64453125,64.453125,node[123]
420,Nerve_root_S1_sciatic_muscular_branches_of_nerve_tibial_left_03 [Motor MRG Neuron 10.00um]  (Soleus_Motor_Nerves_10um),Motor MRG Neuron,10.00um,S1_sciatic,DO-I,30,0.64453125,64.453125,node[123]
462,Nerve_root_S1_sciatic_nerve_tibial_left_01 [Motor MRG Neuron 10.00um]  (Soleus_Motor_Nerves_10um),Motor MRG Neuron,10.00um,S1_sciatic,DO-I,30,0.64453125,64.453125,node[123]
426,Nerve_root_S1_sciatic_muscular_branches_of_nerve_tibial_left_04 [Motor MRG Neuron 10.00um]  (Soleus_Motor_Nerves_10um),Motor MRG Neuron,10.00um,S1_sciatic,DO-I,30,0.64453125,64.453125,node[123]
486,Nerve_root_S1_sciatic_nerve_tibial_left_05 [Motor MRG Neuron 10.00um]  (Soleus_Motor_Nerves_10um),Motor MRG Neuron,10.00um,S1_sciatic,DO-I,30,0.64453125,64.453125,node[123]
408,Nerve_root_S1_sciatic_muscular_branches_of_nerve_tibial_left_01 [Motor MRG Neuron 10.00um]  (Soleus_Motor_Nerves_10um),Motor MRG Neuron,10.00um,S1_sciatic,DO-I,30,0.64453125,64.453125,node[123]
414,Nerve_root_S1_sciatic_muscular_branches_of_nerve_tibial_left_02 [Motor MRG Neuron 10.00um]  (Soleus_Motor_Nerves_10um),Motor MRG Neuron,10.00um,S1_sciatic,DO-I,30,0.64453125,64.453125,node[123]
432,Nerve_root_S1_sciatic_muscular_branches_of_nerve_tibial_left_05 [Motor MRG Neuron 10.00um]  (Soleus_Motor_Nerves_10um),Motor MRG Neuron,10.00um,S1_sciatic,DO-I,30,0.64453125,64.453125,node[123]
480,Nerve_root_S1_sciatic_nerve_tibial_left_04 [Motor MRG Neuron 10.00um]  (Soleus_Motor_Nerves_10um),Motor MRG Neuron,10.00um,S1_sciatic,DO-I,30,0.64453125,64.453125,node[123]
474,Nerve_root_S1_sciatic_nerve_tibial_left_03 [Motor MRG Neuron 10.00um]  (Soleus_Motor_Nerves_10um),Motor MRG Neuron,10.00um,S1_sciatic,DO-I,30,0.64453125,64.453125,node[123]
654,Nerve_root_S2_sciatic_nerve_tibial_left_03 [Motor MRG Neuron 10.00um]  (Soleus_Motor_Nerves_10um),Motor MRG Neuron,10.00um,S2_sciatic,DO-I,30,0.69921875,69.92187500000001,node[270]
642,Nerve_root_S2_sciatic_nerve_tibial_left_01 [Motor MRG Neuron 10.00um]  (Soleus_Motor_Nerves_10um),Motor MRG Neuron,10.00um,S2_sciatic,DO-I,30,0.69921875,69.92187500000001,node[270]
648,Nerve_root_S2_sciatic_nerve_tibial_left_02 [Motor MRG Neuron 10.00um]  (Soleus_Motor_Nerves_10um),Motor MRG Neuron,10.00um,S2_sciatic,DO-I,30,0.69921875,69.92187500000001,node[270]
666,Nerve_root_S2_sciatic_nerve_tibial_left_05 [Motor MRG Neuron 10.00um]  (Soleus_Motor_Nerves_10um),Motor MRG Neuron,10.00um,S2_sciatic,DO-I,30,0.69921875,69.92187500000001,node[270]
660,Nerve_root_S2_sciatic_nerve_tibial_left_04 [Motor MRG Neuron 10.00um]  (Soleus_Motor_Nerves_10um),Motor MRG Neuron,10.00um,S2_sciatic,DO-I,30,0.69921875,69.92187500000001,node[270]
552,Nerve_root_S2_muscular_branches_of_nerve_sciatic_left_04 [Motor MRG Neuron 10.00um]  (Soleus_Motor_Nerves_10um),Motor MRG Neuron,10.00um,S2_muscular,DO-I,30,0.7109375,71.09375,node[271]
588,Nerve_root_S2_sciatic_muscular_branches_of_nerve_tibial_left_01 [Motor MRG Neuron 10.00um]  (Soleus_Motor_Nerves_10um),Motor MRG Neuron,10.00um,S2_sciatic,DO-I,30,0.71484375,71.484375,node[271]
612,Nerve_root_S2_sciatic_muscular_branches_of_nerve_tibial_left_05 [Motor MRG Neuron 10.00um]  (Soleus_Motor_Nerves_10um),Motor MRG Neuron,10.00um,S2_sciatic,DO-I,30,0.734375,73.4375,node[270]
606,Nerve_root_S2_sciatic_muscular_branches_of_nerve_tibial_left_04 [Motor MRG Neuron 10.00um]  (Soleus_Motor_Nerves_10um),Motor MRG Neuron,10.00um,S2_sciatic,DO-I,30,0.734375,73.4375,node[270]
600,Nerve_root_S2_sciatic_muscular_branches_of_nerve_tibial_left_03 [Motor MRG Neuron 10.00um]  (Soleus_Motor_Nerves_10um),Motor MRG Neuron,10.00um,S2_sciatic,DO-I,30,0.73828125,73.82812500000001,node[270]
558,Nerve_root_S2_muscular_branches_of_nerve_sciatic_left_05 [Motor MRG Neuron 10.00um]  (Soleus_Motor_Nerves_10um),Motor MRG Neuron,10.00um,S2_muscular,DO-I,30,0.73828125,73.82812500000001,node[270]
534,Nerve_root_S2_muscular_branches_of_nerve_sciatic_left_01 [Motor MRG Neuron 10.00um]  (Soleus_Motor_Nerves_10um),Motor MRG Neuron,10.00um,S2_muscular,DO-I,30,0.75,75.00000000000001,node[271]
594,Nerve_root_S2_sciatic_muscular_branches_of_nerve_tibial_left_02 [Motor MRG Neuron 10.00um]  (Soleus_Motor_Nerves_10um),Motor MRG Neuron,10.00um,S2_sciatic,DO-I,30,0.75,75.00000000000001,node[270]
540,Nerve_root_S2_muscular_branches_of_nerve_sciatic_left_02 [Motor MRG Neuron 10.00um]  (Soleus_Motor_Nerves_10um),Motor MRG Neuron,10.00um,S2_muscular,DO-I,30,0.75,75.00000000000001,node[271]
546,Nerve_root_S2_muscular_branches_of_nerve_sciatic_left_03 [Motor MRG Neuron 10.00um]  (Soleus_Motor_Nerves_10um),Motor MRG Neuron,10.00um,S2_muscular,DO-I,30,0.76171875,76.171875,node[271]
