,NeuronName,NeuronType,Fibre_Diameter,Location,Electrode_Config,Frequency,Titration_Factor,Activation_Threshold (mA),First_Spike_Loc
5,Nerve_root_L4_L5_muscular_branches_of_nerve_sciatic_left_01 [Sensory MRG Neuron 20.00um]  (Soleus_Sensory_Nerves_20um),Sensory MRG Neuron,20.00um,L4_L5,DM-C,30,0.1259765625,12.59765625,node[75]
11,Nerve_root_L4_L5_muscular_branches_of_nerve_sciatic_left_02 [Sensory MRG Neuron 20.00um]  (Soleus_Sensory_Nerves_20um),Sensory MRG Neuron,20.00um,L4_L5,DM-C,30,0.1259765625,12.59765625,node[75]
58,Nerve_root_L4_L5_sciatic_muscular_branches_of_nerve_tibial_left_01 [Sensory MRG Neuron 15.00um]  (Soleus_Sensory_Nerves_15um),Sensory MRG Neuron,15.00um,L4_L5,DM-C,30,0.1279296875,12.792968750000002,node[90]
70,Nerve_root_L4_L5_sciatic_muscular_branches_of_nerve_tibial_left_03 [Sensory MRG Neuron 15.00um]  (Soleus_Sensory_Nerves_15um),Sensory MRG Neuron,15.00um,L4_L5,DM-C,30,0.1279296875,12.792968750000002,node[90]
76,Nerve_root_L4_L5_sciatic_muscular_branches_of_nerve_tibial_left_04 [Sensory MRG Neuron 15.00um]  (Soleus_Sensory_Nerves_15um),Sensory MRG Neuron,15.00um,L4_L5,DM-C,30,0.1279296875,12.792968750000002,node[90]
22,Nerve_root_L4_L5_muscular_branches_of_nerve_sciatic_left_04 [Sensory MRG Neuron 15.00um]  (Soleus_Sensory_Nerves_15um),Sensory MRG Neuron,15.00um,L4_L5,DM-C,30,0.1279296875,12.792968750000002,node[90]
82,Nerve_root_L4_L5_sciatic_muscular_branches_of_nerve_tibial_left_05 [Sensory MRG Neuron 15.00um]  (Soleus_Sensory_Nerves_15um),Sensory MRG Neuron,15.00um,L4_L5,DM-C,30,0.1279296875,12.792968750000002,node[90]
16,Nerve_root_L4_L5_muscular_branches_of_nerve_sciatic_left_03 [Sensory MRG Neuron 15.00um]  (Soleus_Sensory_Nerves_15um),Sensory MRG Neuron,15.00um,L4_L5,DM-C,30,0.1279296875,12.792968750000002,node[90]
124,Nerve_root_L4_L5_sciatic_nerve_tibial_left_03 [Sensory MRG Neuron 15.00um]  (Soleus_Sensory_Nerves_15um),Sensory MRG Neuron,15.00um,L4_L5,DM-C,30,0.1298828125,12.98828125,node[90]
64,Nerve_root_L4_L5_sciatic_muscular_branches_of_nerve_tibial_left_02 [Sensory MRG Neuron 15.00um]  (Soleus_Sensory_Nerves_15um),Sensory MRG Neuron,15.00um,L4_L5,DM-C,30,0.1298828125,12.98828125,node[90]
118,Nerve_root_L4_L5_sciatic_nerve_tibial_left_02 [Sensory MRG Neuron 15.00um]  (Soleus_Sensory_Nerves_15um),Sensory MRG Neuron,15.00um,L4_L5,DM-C,30,0.1298828125,12.98828125,node[90]
130,Nerve_root_L4_L5_sciatic_nerve_tibial_left_04 [Sensory MRG Neuron 15.00um]  (Soleus_Sensory_Nerves_15um),Sensory MRG Neuron,15.00um,L4_L5,DM-C,30,0.1298828125,12.98828125,node[90]
136,Nerve_root_L4_L5_sciatic_nerve_tibial_left_05 [Sensory MRG Neuron 15.00um]  (Soleus_Sensory_Nerves_15um),Sensory MRG Neuron,15.00um,L4_L5,DM-C,30,0.1298828125,12.98828125,node[90]
112,Nerve_root_L4_L5_sciatic_nerve_tibial_left_01 [Sensory MRG Neuron 15.00um]  (Soleus_Sensory_Nerves_15um),Sensory MRG Neuron,15.00um,L4_L5,DM-C,30,0.1298828125,12.98828125,node[90]
28,Nerve_root_L4_L5_muscular_branches_of_nerve_sciatic_left_05 [Sensory MRG Neuron 15.00um]  (Soleus_Sensory_Nerves_15um),Sensory MRG Neuron,15.00um,L4_L5,DM-C,30,0.130859375,13.0859375,node[89]
83,Nerve_root_L4_L5_sciatic_muscular_branches_of_nerve_tibial_left_05 [Sensory MRG Neuron 20.00um]  (Soleus_Sensory_Nerves_20um),Sensory MRG Neuron,20.00um,L4_L5,DM-C,30,0.1337890625,13.378906250000002,node[75]
17,Nerve_root_L4_L5_muscular_branches_of_nerve_sciatic_left_03 [Sensory MRG Neuron 20.00um]  (Soleus_Sensory_Nerves_20um),Sensory MRG Neuron,20.00um,L4_L5,DM-C,30,0.1337890625,13.378906250000002,node[75]
59,Nerve_root_L4_L5_sciatic_muscular_branches_of_nerve_tibial_left_01 [Sensory MRG Neuron 20.00um]  (Soleus_Sensory_Nerves_20um),Sensory MRG Neuron,20.00um,L4_L5,DM-C,30,0.1337890625,13.378906250000002,node[75]
71,Nerve_root_L4_L5_sciatic_muscular_branches_of_nerve_tibial_left_03 [Sensory MRG Neuron 20.00um]  (Soleus_Sensory_Nerves_20um),Sensory MRG Neuron,20.00um,L4_L5,DM-C,30,0.1337890625,13.378906250000002,node[75]
23,Nerve_root_L4_L5_muscular_branches_of_nerve_sciatic_left_04 [Sensory MRG Neuron 20.00um]  (Soleus_Sensory_Nerves_20um),Sensory MRG Neuron,20.00um,L4_L5,DM-C,30,0.1337890625,13.378906250000002,node[75]
77,Nerve_root_L4_L5_sciatic_muscular_branches_of_nerve_tibial_left_04 [Sensory MRG Neuron 20.00um]  (Soleus_Sensory_Nerves_20um),Sensory MRG Neuron,20.00um,L4_L5,DM-C,30,0.1337890625,13.378906250000002,node[75]
119,Nerve_root_L4_L5_sciatic_nerve_tibial_left_02 [Sensory MRG Neuron 20.00um]  (Soleus_Sensory_Nerves_20um),Sensory MRG Neuron,20.00um,L4_L5,DM-C,30,0.13671875,13.671875,node[76]
65,Nerve_root_L4_L5_sciatic_muscular_branches_of_nerve_tibial_left_02 [Sensory MRG Neuron 20.00um]  (Soleus_Sensory_Nerves_20um),Sensory MRG Neuron,20.00um,L4_L5,DM-C,30,0.13671875,13.671875,node[76]
125,Nerve_root_L4_L5_sciatic_nerve_tibial_left_03 [Sensory MRG Neuron 20.00um]  (Soleus_Sensory_Nerves_20um),Sensory MRG Neuron,20.00um,L4_L5,DM-C,30,0.13671875,13.671875,node[76]
137,Nerve_root_L4_L5_sciatic_nerve_tibial_left_05 [Sensory MRG Neuron 20.00um]  (Soleus_Sensory_Nerves_20um),Sensory MRG Neuron,20.00um,L4_L5,DM-C,30,0.13671875,13.671875,node[76]
113,Nerve_root_L4_L5_sciatic_nerve_tibial_left_01 [Sensory MRG Neuron 20.00um]  (Soleus_Sensory_Nerves_20um),Sensory MRG Neuron,20.00um,L4_L5,DM-C,30,0.13671875,13.671875,node[76]
131,Nerve_root_L4_L5_sciatic_nerve_tibial_left_04 [Sensory MRG Neuron 20.00um]  (Soleus_Sensory_Nerves_20um),Sensory MRG Neuron,20.00um,L4_L5,DM-C,30,0.13671875,13.671875,node[76]
129,Nerve_root_L4_L5_sciatic_nerve_tibial_left_04 [Sensory MRG Neuron 10.00um]  (Soleus_Sensory_Nerves_10um),Sensory MRG Neuron,10.00um,L4_L5,DM-C,30,0.1376953125,13.769531250000002,node[123]
15,Nerve_root_L4_L5_muscular_branches_of_nerve_sciatic_left_03 [Sensory MRG Neuron 10.00um]  (Soleus_Sensory_Nerves_10um),Sensory MRG Neuron,10.00um,L4_L5,DM-C,30,0.1376953125,13.769531250000002,node[123]
69,Nerve_root_L4_L5_sciatic_muscular_branches_of_nerve_tibial_left_03 [Sensory MRG Neuron 10.00um]  (Soleus_Sensory_Nerves_10um),Sensory MRG Neuron,10.00um,L4_L5,DM-C,30,0.1376953125,13.769531250000002,node[123]
123,Nerve_root_L4_L5_sciatic_nerve_tibial_left_03 [Sensory MRG Neuron 10.00um]  (Soleus_Sensory_Nerves_10um),Sensory MRG Neuron,10.00um,L4_L5,DM-C,30,0.1376953125,13.769531250000002,node[123]
10,Nerve_root_L4_L5_muscular_branches_of_nerve_sciatic_left_02 [Sensory MRG Neuron 15.00um]  (Soleus_Sensory_Nerves_15um),Sensory MRG Neuron,15.00um,L4_L5,DM-C,30,0.1376953125,13.769531250000002,node[90]
4,Nerve_root_L4_L5_muscular_branches_of_nerve_sciatic_left_01 [Sensory MRG Neuron 15.00um]  (Soleus_Sensory_Nerves_15um),Sensory MRG Neuron,15.00um,L4_L5,DM-C,30,0.1376953125,13.769531250000002,node[90]
81,Nerve_root_L4_L5_sciatic_muscular_branches_of_nerve_tibial_left_05 [Sensory MRG Neuron 10.00um]  (Soleus_Sensory_Nerves_10um),Sensory MRG Neuron,10.00um,L4_L5,DM-C,30,0.1376953125,13.769531250000002,node[123]
111,Nerve_root_L4_L5_sciatic_nerve_tibial_left_01 [Sensory MRG Neuron 10.00um]  (Soleus_Sensory_Nerves_10um),Sensory MRG Neuron,10.00um,L4_L5,DM-C,30,0.1376953125,13.769531250000002,node[123]
21,Nerve_root_L4_L5_muscular_branches_of_nerve_sciatic_left_04 [Sensory MRG Neuron 10.00um]  (Soleus_Sensory_Nerves_10um),Sensory MRG Neuron,10.00um,L4_L5,DM-C,30,0.1376953125,13.769531250000002,node[123]
117,Nerve_root_L4_L5_sciatic_nerve_tibial_left_02 [Sensory MRG Neuron 10.00um]  (Soleus_Sensory_Nerves_10um),Sensory MRG Neuron,10.00um,L4_L5,DM-C,30,0.1376953125,13.769531250000002,node[123]
75,Nerve_root_L4_L5_sciatic_muscular_branches_of_nerve_tibial_left_04 [Sensory MRG Neuron 10.00um]  (Soleus_Sensory_Nerves_10um),Sensory MRG Neuron,10.00um,L4_L5,DM-C,30,0.1376953125,13.769531250000002,node[123]
57,Nerve_root_L4_L5_sciatic_muscular_branches_of_nerve_tibial_left_01 [Sensory MRG Neuron 10.00um]  (Soleus_Sensory_Nerves_10um),Sensory MRG Neuron,10.00um,L4_L5,DM-C,30,0.1376953125,13.769531250000002,node[123]
135,Nerve_root_L4_L5_sciatic_nerve_tibial_left_05 [Sensory MRG Neuron 10.00um]  (Soleus_Sensory_Nerves_10um),Sensory MRG Neuron,10.00um,L4_L5,DM-C,30,0.1376953125,13.769531250000002,node[123]
63,Nerve_root_L4_L5_sciatic_muscular_branches_of_nerve_tibial_left_02 [Sensory MRG Neuron 10.00um]  (Soleus_Sensory_Nerves_10um),Sensory MRG Neuron,10.00um,L4_L5,DM-C,30,0.1376953125,13.769531250000002,node[123]
29,Nerve_root_L4_L5_muscular_branches_of_nerve_sciatic_left_05 [Sensory MRG Neuron 20.00um]  (Soleus_Sensory_Nerves_20um),Sensory MRG Neuron,20.00um,L4_L5,DM-C,30,0.1376953125,13.769531250000002,node[75]
27,Nerve_root_L4_L5_muscular_branches_of_nerve_sciatic_left_05 [Sensory MRG Neuron 10.00um]  (Soleus_Sensory_Nerves_10um),Sensory MRG Neuron,10.00um,L4_L5,DM-C,30,0.1416015625,14.16015625,node[123]
3,Nerve_root_L4_L5_muscular_branches_of_nerve_sciatic_left_01 [Sensory MRG Neuron 10.00um]  (Soleus_Sensory_Nerves_10um),Sensory MRG Neuron,10.00um,L4_L5,DM-C,30,0.15625,15.625,node[123]
9,Nerve_root_L4_L5_muscular_branches_of_nerve_sciatic_left_02 [Sensory MRG Neuron 10.00um]  (Soleus_Sensory_Nerves_10um),Sensory MRG Neuron,10.00um,L4_L5,DM-C,30,0.15625,15.625,node[123]
8,Nerve_root_L4_L5_muscular_branches_of_nerve_sciatic_left_02 [Motor MRG Neuron 20.00um]  (Soleus_Motor_Nerves_20um),Motor MRG Neuron,20.00um,L4_L5,DM-C,30,0.2265625,22.656250000000004,node[77]
2,Nerve_root_L4_L5_muscular_branches_of_nerve_sciatic_left_01 [Motor MRG Neuron 20.00um]  (Soleus_Motor_Nerves_20um),Motor MRG Neuron,20.00um,L4_L5,DM-C,30,0.2265625,22.656250000000004,node[77]
55,Nerve_root_L4_L5_sciatic_muscular_branches_of_nerve_tibial_left_01 [Motor MRG Neuron 15.00um]  (Soleus_Motor_Nerves_15um),Motor MRG Neuron,15.00um,L4_L5,DM-C,30,0.234375,23.4375,node[90]
67,Nerve_root_L4_L5_sciatic_muscular_branches_of_nerve_tibial_left_03 [Motor MRG Neuron 15.00um]  (Soleus_Motor_Nerves_15um),Motor MRG Neuron,15.00um,L4_L5,DM-C,30,0.234375,23.4375,node[90]
79,Nerve_root_L4_L5_sciatic_muscular_branches_of_nerve_tibial_left_05 [Motor MRG Neuron 15.00um]  (Soleus_Motor_Nerves_15um),Motor MRG Neuron,15.00um,L4_L5,DM-C,30,0.234375,23.4375,node[90]
73,Nerve_root_L4_L5_sciatic_muscular_branches_of_nerve_tibial_left_04 [Motor MRG Neuron 15.00um]  (Soleus_Motor_Nerves_15um),Motor MRG Neuron,15.00um,L4_L5,DM-C,30,0.234375,23.4375,node[90]
115,Nerve_root_L4_L5_sciatic_nerve_tibial_left_02 [Motor MRG Neuron 15.00um]  (Soleus_Motor_Nerves_15um),Motor MRG Neuron,15.00um,L4_L5,DM-C,30,0.236328125,23.632812500000004,node[91]
13,Nerve_root_L4_L5_muscular_branches_of_nerve_sciatic_left_03 [Motor MRG Neuron 15.00um]  (Soleus_Motor_Nerves_15um),Motor MRG Neuron,15.00um,L4_L5,DM-C,30,0.236328125,23.632812500000004,node[91]
121,Nerve_root_L4_L5_sciatic_nerve_tibial_left_03 [Motor MRG Neuron 15.00um]  (Soleus_Motor_Nerves_15um),Motor MRG Neuron,15.00um,L4_L5,DM-C,30,0.236328125,23.632812500000004,node[91]
109,Nerve_root_L4_L5_sciatic_nerve_tibial_left_01 [Motor MRG Neuron 15.00um]  (Soleus_Motor_Nerves_15um),Motor MRG Neuron,15.00um,L4_L5,DM-C,30,0.236328125,23.632812500000004,node[91]
127,Nerve_root_L4_L5_sciatic_nerve_tibial_left_04 [Motor MRG Neuron 15.00um]  (Soleus_Motor_Nerves_15um),Motor MRG Neuron,15.00um,L4_L5,DM-C,30,0.236328125,23.632812500000004,node[91]
133,Nerve_root_L4_L5_sciatic_nerve_tibial_left_05 [Motor MRG Neuron 15.00um]  (Soleus_Motor_Nerves_15um),Motor MRG Neuron,15.00um,L4_L5,DM-C,30,0.236328125,23.632812500000004,node[91]
19,Nerve_root_L4_L5_muscular_branches_of_nerve_sciatic_left_04 [Motor MRG Neuron 15.00um]  (Soleus_Motor_Nerves_15um),Motor MRG Neuron,15.00um,L4_L5,DM-C,30,0.236328125,23.632812500000004,node[91]
61,Nerve_root_L4_L5_sciatic_muscular_branches_of_nerve_tibial_left_02 [Motor MRG Neuron 15.00um]  (Soleus_Motor_Nerves_15um),Motor MRG Neuron,15.00um,L4_L5,DM-C,30,0.236328125,23.632812500000004,node[91]
25,Nerve_root_L4_L5_muscular_branches_of_nerve_sciatic_left_05 [Motor MRG Neuron 15.00um]  (Soleus_Motor_Nerves_15um),Motor MRG Neuron,15.00um,L4_L5,DM-C,30,0.23828125,23.828125000000004,node[91]
74,Nerve_root_L4_L5_sciatic_muscular_branches_of_nerve_tibial_left_04 [Motor MRG Neuron 20.00um]  (Soleus_Motor_Nerves_20um),Motor MRG Neuron,20.00um,L4_L5,DM-C,30,0.251953125,25.1953125,node[76]
68,Nerve_root_L4_L5_sciatic_muscular_branches_of_nerve_tibial_left_03 [Motor MRG Neuron 20.00um]  (Soleus_Motor_Nerves_20um),Motor MRG Neuron,20.00um,L4_L5,DM-C,30,0.251953125,25.1953125,node[76]
80,Nerve_root_L4_L5_sciatic_muscular_branches_of_nerve_tibial_left_05 [Motor MRG Neuron 20.00um]  (Soleus_Motor_Nerves_20um),Motor MRG Neuron,20.00um,L4_L5,DM-C,30,0.251953125,25.1953125,node[76]
56,Nerve_root_L4_L5_sciatic_muscular_branches_of_nerve_tibial_left_01 [Motor MRG Neuron 20.00um]  (Soleus_Motor_Nerves_20um),Motor MRG Neuron,20.00um,L4_L5,DM-C,30,0.251953125,25.1953125,node[76]
1,Nerve_root_L4_L5_muscular_branches_of_nerve_sciatic_left_01 [Motor MRG Neuron 15.00um]  (Soleus_Motor_Nerves_15um),Motor MRG Neuron,15.00um,L4_L5,DM-C,30,0.25390625,25.390625,node[91]
7,Nerve_root_L4_L5_muscular_branches_of_nerve_sciatic_left_02 [Motor MRG Neuron 15.00um]  (Soleus_Motor_Nerves_15um),Motor MRG Neuron,15.00um,L4_L5,DM-C,30,0.25390625,25.390625,node[91]
14,Nerve_root_L4_L5_muscular_branches_of_nerve_sciatic_left_03 [Motor MRG Neuron 20.00um]  (Soleus_Motor_Nerves_20um),Motor MRG Neuron,20.00um,L4_L5,DM-C,30,0.25390625,25.390625,node[76]
20,Nerve_root_L4_L5_muscular_branches_of_nerve_sciatic_left_04 [Motor MRG Neuron 20.00um]  (Soleus_Motor_Nerves_20um),Motor MRG Neuron,20.00um,L4_L5,DM-C,30,0.25390625,25.390625,node[76]
60,Nerve_root_L4_L5_sciatic_muscular_branches_of_nerve_tibial_left_02 [Motor MRG Neuron 10.00um]  (Soleus_Motor_Nerves_10um),Motor MRG Neuron,10.00um,L4_L5,DM-C,30,0.2578125,25.781250000000004,node[124]
110,Nerve_root_L4_L5_sciatic_nerve_tibial_left_01 [Motor MRG Neuron 20.00um]  (Soleus_Motor_Nerves_20um),Motor MRG Neuron,20.00um,L4_L5,DM-C,30,0.2578125,25.781250000000004,node[76]
12,Nerve_root_L4_L5_muscular_branches_of_nerve_sciatic_left_03 [Motor MRG Neuron 10.00um]  (Soleus_Motor_Nerves_10um),Motor MRG Neuron,10.00um,L4_L5,DM-C,30,0.2578125,25.781250000000004,node[124]
18,Nerve_root_L4_L5_muscular_branches_of_nerve_sciatic_left_04 [Motor MRG Neuron 10.00um]  (Soleus_Motor_Nerves_10um),Motor MRG Neuron,10.00um,L4_L5,DM-C,30,0.2578125,25.781250000000004,node[124]
114,Nerve_root_L4_L5_sciatic_nerve_tibial_left_02 [Motor MRG Neuron 10.00um]  (Soleus_Motor_Nerves_10um),Motor MRG Neuron,10.00um,L4_L5,DM-C,30,0.2578125,25.781250000000004,node[124]
62,Nerve_root_L4_L5_sciatic_muscular_branches_of_nerve_tibial_left_02 [Motor MRG Neuron 20.00um]  (Soleus_Motor_Nerves_20um),Motor MRG Neuron,20.00um,L4_L5,DM-C,30,0.2578125,25.781250000000004,node[76]
134,Nerve_root_L4_L5_sciatic_nerve_tibial_left_05 [Motor MRG Neuron 20.00um]  (Soleus_Motor_Nerves_20um),Motor MRG Neuron,20.00um,L4_L5,DM-C,30,0.2578125,25.781250000000004,node[76]
132,Nerve_root_L4_L5_sciatic_nerve_tibial_left_05 [Motor MRG Neuron 10.00um]  (Soleus_Motor_Nerves_10um),Motor MRG Neuron,10.00um,L4_L5,DM-C,30,0.2578125,25.781250000000004,node[124]
128,Nerve_root_L4_L5_sciatic_nerve_tibial_left_04 [Motor MRG Neuron 20.00um]  (Soleus_Motor_Nerves_20um),Motor MRG Neuron,20.00um,L4_L5,DM-C,30,0.2578125,25.781250000000004,node[76]
126,Nerve_root_L4_L5_sciatic_nerve_tibial_left_04 [Motor MRG Neuron 10.00um]  (Soleus_Motor_Nerves_10um),Motor MRG Neuron,10.00um,L4_L5,DM-C,30,0.2578125,25.781250000000004,node[124]
122,Nerve_root_L4_L5_sciatic_nerve_tibial_left_03 [Motor MRG Neuron 20.00um]  (Soleus_Motor_Nerves_20um),Motor MRG Neuron,20.00um,L4_L5,DM-C,30,0.2578125,25.781250000000004,node[76]
120,Nerve_root_L4_L5_sciatic_nerve_tibial_left_03 [Motor MRG Neuron 10.00um]  (Soleus_Motor_Nerves_10um),Motor MRG Neuron,10.00um,L4_L5,DM-C,30,0.2578125,25.781250000000004,node[124]
116,Nerve_root_L4_L5_sciatic_nerve_tibial_left_02 [Motor MRG Neuron 20.00um]  (Soleus_Motor_Nerves_20um),Motor MRG Neuron,20.00um,L4_L5,DM-C,30,0.2578125,25.781250000000004,node[76]
108,Nerve_root_L4_L5_sciatic_nerve_tibial_left_01 [Motor MRG Neuron 10.00um]  (Soleus_Motor_Nerves_10um),Motor MRG Neuron,10.00um,L4_L5,DM-C,30,0.2578125,25.781250000000004,node[124]
26,Nerve_root_L4_L5_muscular_branches_of_nerve_sciatic_left_05 [Motor MRG Neuron 20.00um]  (Soleus_Motor_Nerves_20um),Motor MRG Neuron,20.00um,L4_L5,DM-C,30,0.259765625,25.9765625,node[76]
78,Nerve_root_L4_L5_sciatic_muscular_branches_of_nerve_tibial_left_05 [Motor MRG Neuron 10.00um]  (Soleus_Motor_Nerves_10um),Motor MRG Neuron,10.00um,L4_L5,DM-C,30,0.259765625,25.9765625,node[124]
72,Nerve_root_L4_L5_sciatic_muscular_branches_of_nerve_tibial_left_04 [Motor MRG Neuron 10.00um]  (Soleus_Motor_Nerves_10um),Motor MRG Neuron,10.00um,L4_L5,DM-C,30,0.259765625,25.9765625,node[124]
66,Nerve_root_L4_L5_sciatic_muscular_branches_of_nerve_tibial_left_03 [Motor MRG Neuron 10.00um]  (Soleus_Motor_Nerves_10um),Motor MRG Neuron,10.00um,L4_L5,DM-C,30,0.259765625,25.9765625,node[124]
54,Nerve_root_L4_L5_sciatic_muscular_branches_of_nerve_tibial_left_01 [Motor MRG Neuron 10.00um]  (Soleus_Motor_Nerves_10um),Motor MRG Neuron,10.00um,L4_L5,DM-C,30,0.259765625,25.9765625,node[124]
24,Nerve_root_L4_L5_muscular_branches_of_nerve_sciatic_left_05 [Motor MRG Neuron 10.00um]  (Soleus_Motor_Nerves_10um),Motor MRG Neuron,10.00um,L4_L5,DM-C,30,0.26171875,26.171875,node[124]
34,Nerve_root_L4_L5_muscular_branches_of_nerve_sciatic_right_01 [Sensory MRG Neuron 15.00um]  (Soleus_Sensory_Nerves_15um),Sensory MRG Neuron,15.00um,L4_L5,DM-C,30,0.302734375,30.2734375,node[79]
35,Nerve_root_L4_L5_muscular_branches_of_nerve_sciatic_right_01 [Sensory MRG Neuron 20.00um]  (Soleus_Sensory_Nerves_20um),Sensory MRG Neuron,20.00um,L4_L5,DM-C,30,0.302734375,30.2734375,node[65]
0,Nerve_root_L4_L5_muscular_branches_of_nerve_sciatic_left_01 [Motor MRG Neuron 10.00um]  (Soleus_Motor_Nerves_10um),Motor MRG Neuron,10.00um,L4_L5,DM-C,30,0.30859375,30.859375,node[124]
6,Nerve_root_L4_L5_muscular_branches_of_nerve_sciatic_left_02 [Motor MRG Neuron 10.00um]  (Soleus_Motor_Nerves_10um),Motor MRG Neuron,10.00um,L4_L5,DM-C,30,0.30859375,30.859375,node[124]
41,Nerve_root_L4_L5_muscular_branches_of_nerve_sciatic_right_02 [Sensory MRG Neuron 20.00um]  (Soleus_Sensory_Nerves_20um),Sensory MRG Neuron,20.00um,L4_L5,DM-C,30,0.328125,32.8125,node[65]
47,Nerve_root_L4_L5_muscular_branches_of_nerve_sciatic_right_03 [Sensory MRG Neuron 20.00um]  (Soleus_Sensory_Nerves_20um),Sensory MRG Neuron,20.00um,L4_L5,DM-C,30,0.328125,32.8125,node[65]
53,Nerve_root_L4_L5_muscular_branches_of_nerve_sciatic_right_04 [Sensory MRG Neuron 20.00um]  (Soleus_Sensory_Nerves_20um),Sensory MRG Neuron,20.00um,L4_L5,DM-C,30,0.328125,32.8125,node[64]
143,Nerve_root_L4_L5_sciatic_nerve_tibial_right_01 [Sensory MRG Neuron 20.00um]  (Soleus_Sensory_Nerves_20um),Sensory MRG Neuron,20.00um,L4_L5,DM-C,30,0.330078125,33.00781250000001,node[65]
179,Nerve_root_L4_L5_sciatic_nerve_tibial_right_07 [Sensory MRG Neuron 20.00um]  (Soleus_Sensory_Nerves_20um),Sensory MRG Neuron,20.00um,L4_L5,DM-C,30,0.330078125,33.00781250000001,node[65]
149,Nerve_root_L4_L5_sciatic_nerve_tibial_right_02 [Sensory MRG Neuron 20.00um]  (Soleus_Sensory_Nerves_20um),Sensory MRG Neuron,20.00um,L4_L5,DM-C,30,0.330078125,33.00781250000001,node[65]
89,Nerve_root_L4_L5_sciatic_muscular_branches_of_nerve_tibial_right_01 [Sensory MRG Neuron 20.00um]  (Soleus_Sensory_Nerves_20um),Sensory MRG Neuron,20.00um,L4_L5,DM-C,30,0.330078125,33.00781250000001,node[65]
107,Nerve_root_L4_L5_sciatic_muscular_branches_of_nerve_tibial_right_04 [Sensory MRG Neuron 20.00um]  (Soleus_Sensory_Nerves_20um),Sensory MRG Neuron,20.00um,L4_L5,DM-C,30,0.330078125,33.00781250000001,node[65]
155,Nerve_root_L4_L5_sciatic_nerve_tibial_right_03 [Sensory MRG Neuron 20.00um]  (Soleus_Sensory_Nerves_20um),Sensory MRG Neuron,20.00um,L4_L5,DM-C,30,0.330078125,33.00781250000001,node[65]
161,Nerve_root_L4_L5_sciatic_nerve_tibial_right_04 [Sensory MRG Neuron 20.00um]  (Soleus_Sensory_Nerves_20um),Sensory MRG Neuron,20.00um,L4_L5,DM-C,30,0.330078125,33.00781250000001,node[65]
173,Nerve_root_L4_L5_sciatic_nerve_tibial_right_06 [Sensory MRG Neuron 20.00um]  (Soleus_Sensory_Nerves_20um),Sensory MRG Neuron,20.00um,L4_L5,DM-C,30,0.330078125,33.00781250000001,node[65]
167,Nerve_root_L4_L5_sciatic_nerve_tibial_right_05 [Sensory MRG Neuron 20.00um]  (Soleus_Sensory_Nerves_20um),Sensory MRG Neuron,20.00um,L4_L5,DM-C,30,0.330078125,33.00781250000001,node[65]
95,Nerve_root_L4_L5_sciatic_muscular_branches_of_nerve_tibial_right_02 [Sensory MRG Neuron 20.00um]  (Soleus_Sensory_Nerves_20um),Sensory MRG Neuron,20.00um,L4_L5,DM-C,30,0.330078125,33.00781250000001,node[65]
101,Nerve_root_L4_L5_sciatic_muscular_branches_of_nerve_tibial_right_03 [Sensory MRG Neuron 20.00um]  (Soleus_Sensory_Nerves_20um),Sensory MRG Neuron,20.00um,L4_L5,DM-C,30,0.330078125,33.00781250000001,node[65]
40,Nerve_root_L4_L5_muscular_branches_of_nerve_sciatic_right_02 [Sensory MRG Neuron 15.00um]  (Soleus_Sensory_Nerves_15um),Sensory MRG Neuron,15.00um,L4_L5,DM-C,30,0.337890625,33.7890625,node[78]
46,Nerve_root_L4_L5_muscular_branches_of_nerve_sciatic_right_03 [Sensory MRG Neuron 15.00um]  (Soleus_Sensory_Nerves_15um),Sensory MRG Neuron,15.00um,L4_L5,DM-C,30,0.337890625,33.7890625,node[78]
52,Nerve_root_L4_L5_muscular_branches_of_nerve_sciatic_right_04 [Sensory MRG Neuron 15.00um]  (Soleus_Sensory_Nerves_15um),Sensory MRG Neuron,15.00um,L4_L5,DM-C,30,0.337890625,33.7890625,node[78]
142,Nerve_root_L4_L5_sciatic_nerve_tibial_right_01 [Sensory MRG Neuron 15.00um]  (Soleus_Sensory_Nerves_15um),Sensory MRG Neuron,15.00um,L4_L5,DM-C,30,0.33984375,33.98437500000001,node[79]
94,Nerve_root_L4_L5_sciatic_muscular_branches_of_nerve_tibial_right_02 [Sensory MRG Neuron 15.00um]  (Soleus_Sensory_Nerves_15um),Sensory MRG Neuron,15.00um,L4_L5,DM-C,30,0.33984375,33.98437500000001,node[79]
178,Nerve_root_L4_L5_sciatic_nerve_tibial_right_07 [Sensory MRG Neuron 15.00um]  (Soleus_Sensory_Nerves_15um),Sensory MRG Neuron,15.00um,L4_L5,DM-C,30,0.33984375,33.98437500000001,node[79]
166,Nerve_root_L4_L5_sciatic_nerve_tibial_right_05 [Sensory MRG Neuron 15.00um]  (Soleus_Sensory_Nerves_15um),Sensory MRG Neuron,15.00um,L4_L5,DM-C,30,0.33984375,33.98437500000001,node[79]
160,Nerve_root_L4_L5_sciatic_nerve_tibial_right_04 [Sensory MRG Neuron 15.00um]  (Soleus_Sensory_Nerves_15um),Sensory MRG Neuron,15.00um,L4_L5,DM-C,30,0.33984375,33.98437500000001,node[79]
100,Nerve_root_L4_L5_sciatic_muscular_branches_of_nerve_tibial_right_03 [Sensory MRG Neuron 15.00um]  (Soleus_Sensory_Nerves_15um),Sensory MRG Neuron,15.00um,L4_L5,DM-C,30,0.33984375,33.98437500000001,node[79]
172,Nerve_root_L4_L5_sciatic_nerve_tibial_right_06 [Sensory MRG Neuron 15.00um]  (Soleus_Sensory_Nerves_15um),Sensory MRG Neuron,15.00um,L4_L5,DM-C,30,0.33984375,33.98437500000001,node[79]
154,Nerve_root_L4_L5_sciatic_nerve_tibial_right_03 [Sensory MRG Neuron 15.00um]  (Soleus_Sensory_Nerves_15um),Sensory MRG Neuron,15.00um,L4_L5,DM-C,30,0.33984375,33.98437500000001,node[79]
88,Nerve_root_L4_L5_sciatic_muscular_branches_of_nerve_tibial_right_01 [Sensory MRG Neuron 15.00um]  (Soleus_Sensory_Nerves_15um),Sensory MRG Neuron,15.00um,L4_L5,DM-C,30,0.33984375,33.98437500000001,node[79]
106,Nerve_root_L4_L5_sciatic_muscular_branches_of_nerve_tibial_right_04 [Sensory MRG Neuron 15.00um]  (Soleus_Sensory_Nerves_15um),Sensory MRG Neuron,15.00um,L4_L5,DM-C,30,0.33984375,33.98437500000001,node[79]
148,Nerve_root_L4_L5_sciatic_nerve_tibial_right_02 [Sensory MRG Neuron 15.00um]  (Soleus_Sensory_Nerves_15um),Sensory MRG Neuron,15.00um,L4_L5,DM-C,30,0.33984375,33.98437500000001,node[79]
33,Nerve_root_L4_L5_muscular_branches_of_nerve_sciatic_right_01 [Sensory MRG Neuron 10.00um]  (Soleus_Sensory_Nerves_10um),Sensory MRG Neuron,10.00um,L4_L5,DM-C,30,0.359375,35.93750000000001,node[108]
141,Nerve_root_L4_L5_sciatic_nerve_tibial_right_01 [Sensory MRG Neuron 10.00um]  (Soleus_Sensory_Nerves_10um),Sensory MRG Neuron,10.00um,L4_L5,DM-C,30,0.376953125,37.6953125,node[108]
171,Nerve_root_L4_L5_sciatic_nerve_tibial_right_06 [Sensory MRG Neuron 10.00um]  (Soleus_Sensory_Nerves_10um),Sensory MRG Neuron,10.00um,L4_L5,DM-C,30,0.376953125,37.6953125,node[108]
159,Nerve_root_L4_L5_sciatic_nerve_tibial_right_04 [Sensory MRG Neuron 10.00um]  (Soleus_Sensory_Nerves_10um),Sensory MRG Neuron,10.00um,L4_L5,DM-C,30,0.376953125,37.6953125,node[108]
39,Nerve_root_L4_L5_muscular_branches_of_nerve_sciatic_right_02 [Sensory MRG Neuron 10.00um]  (Soleus_Sensory_Nerves_10um),Sensory MRG Neuron,10.00um,L4_L5,DM-C,30,0.376953125,37.6953125,node[108]
153,Nerve_root_L4_L5_sciatic_nerve_tibial_right_03 [Sensory MRG Neuron 10.00um]  (Soleus_Sensory_Nerves_10um),Sensory MRG Neuron,10.00um,L4_L5,DM-C,30,0.376953125,37.6953125,node[108]
165,Nerve_root_L4_L5_sciatic_nerve_tibial_right_05 [Sensory MRG Neuron 10.00um]  (Soleus_Sensory_Nerves_10um),Sensory MRG Neuron,10.00um,L4_L5,DM-C,30,0.376953125,37.6953125,node[108]
87,Nerve_root_L4_L5_sciatic_muscular_branches_of_nerve_tibial_right_01 [Sensory MRG Neuron 10.00um]  (Soleus_Sensory_Nerves_10um),Sensory MRG Neuron,10.00um,L4_L5,DM-C,30,0.376953125,37.6953125,node[108]
177,Nerve_root_L4_L5_sciatic_nerve_tibial_right_07 [Sensory MRG Neuron 10.00um]  (Soleus_Sensory_Nerves_10um),Sensory MRG Neuron,10.00um,L4_L5,DM-C,30,0.376953125,37.6953125,node[108]
45,Nerve_root_L4_L5_muscular_branches_of_nerve_sciatic_right_03 [Sensory MRG Neuron 10.00um]  (Soleus_Sensory_Nerves_10um),Sensory MRG Neuron,10.00um,L4_L5,DM-C,30,0.376953125,37.6953125,node[108]
99,Nerve_root_L4_L5_sciatic_muscular_branches_of_nerve_tibial_right_03 [Sensory MRG Neuron 10.00um]  (Soleus_Sensory_Nerves_10um),Sensory MRG Neuron,10.00um,L4_L5,DM-C,30,0.376953125,37.6953125,node[108]
51,Nerve_root_L4_L5_muscular_branches_of_nerve_sciatic_right_04 [Sensory MRG Neuron 10.00um]  (Soleus_Sensory_Nerves_10um),Sensory MRG Neuron,10.00um,L4_L5,DM-C,30,0.376953125,37.6953125,node[108]
147,Nerve_root_L4_L5_sciatic_nerve_tibial_right_02 [Sensory MRG Neuron 10.00um]  (Soleus_Sensory_Nerves_10um),Sensory MRG Neuron,10.00um,L4_L5,DM-C,30,0.376953125,37.6953125,node[108]
105,Nerve_root_L4_L5_sciatic_muscular_branches_of_nerve_tibial_right_04 [Sensory MRG Neuron 10.00um]  (Soleus_Sensory_Nerves_10um),Sensory MRG Neuron,10.00um,L4_L5,DM-C,30,0.376953125,37.6953125,node[108]
93,Nerve_root_L4_L5_sciatic_muscular_branches_of_nerve_tibial_right_02 [Sensory MRG Neuron 10.00um]  (Soleus_Sensory_Nerves_10um),Sensory MRG Neuron,10.00um,L4_L5,DM-C,30,0.376953125,37.6953125,node[108]
545,Nerve_root_S2_muscular_branches_of_nerve_sciatic_left_02 [Sensory MRG Neuron 20.00um]  (Soleus_Sensory_Nerves_20um),Sensory MRG Neuron,20.00um,S2_muscular,DM-C,30,0.53125,53.12500000000001,node[104]
539,Nerve_root_S2_muscular_branches_of_nerve_sciatic_left_01 [Sensory MRG Neuron 20.00um]  (Soleus_Sensory_Nerves_20um),Sensory MRG Neuron,20.00um,S2_muscular,DM-C,30,0.53125,53.12500000000001,node[104]
611,Nerve_root_S2_sciatic_muscular_branches_of_nerve_tibial_left_04 [Sensory MRG Neuron 20.00um]  (Soleus_Sensory_Nerves_20um),Sensory MRG Neuron,20.00um,S2_sciatic,DM-C,30,0.53125,53.12500000000001,node[104]
671,Nerve_root_S2_sciatic_nerve_tibial_left_05 [Sensory MRG Neuron 20.00um]  (Soleus_Sensory_Nerves_20um),Sensory MRG Neuron,20.00um,S2_sciatic,DM-C,30,0.53125,53.12500000000001,node[104]
605,Nerve_root_S2_sciatic_muscular_branches_of_nerve_tibial_left_03 [Sensory MRG Neuron 20.00um]  (Soleus_Sensory_Nerves_20um),Sensory MRG Neuron,20.00um,S2_sciatic,DM-C,30,0.53125,53.12500000000001,node[104]
599,Nerve_root_S2_sciatic_muscular_branches_of_nerve_tibial_left_02 [Sensory MRG Neuron 20.00um]  (Soleus_Sensory_Nerves_20um),Sensory MRG Neuron,20.00um,S2_sciatic,DM-C,30,0.53125,53.12500000000001,node[104]
593,Nerve_root_S2_sciatic_muscular_branches_of_nerve_tibial_left_01 [Sensory MRG Neuron 20.00um]  (Soleus_Sensory_Nerves_20um),Sensory MRG Neuron,20.00um,S2_sciatic,DM-C,30,0.53125,53.12500000000001,node[105]
569,Nerve_root_S2_muscular_branches_of_nerve_sciatic_right_01 [Sensory MRG Neuron 20.00um]  (Soleus_Sensory_Nerves_20um),Sensory MRG Neuron,20.00um,S2_muscular,DM-C,30,0.53125,53.12500000000001,node[98]
617,Nerve_root_S2_sciatic_muscular_branches_of_nerve_tibial_left_05 [Sensory MRG Neuron 20.00um]  (Soleus_Sensory_Nerves_20um),Sensory MRG Neuron,20.00um,S2_sciatic,DM-C,30,0.53125,53.12500000000001,node[104]
665,Nerve_root_S2_sciatic_nerve_tibial_left_04 [Sensory MRG Neuron 20.00um]  (Soleus_Sensory_Nerves_20um),Sensory MRG Neuron,20.00um,S2_sciatic,DM-C,30,0.53125,53.12500000000001,node[104]
659,Nerve_root_S2_sciatic_nerve_tibial_left_03 [Sensory MRG Neuron 20.00um]  (Soleus_Sensory_Nerves_20um),Sensory MRG Neuron,20.00um,S2_sciatic,DM-C,30,0.53125,53.12500000000001,node[104]
653,Nerve_root_S2_sciatic_nerve_tibial_left_02 [Sensory MRG Neuron 20.00um]  (Soleus_Sensory_Nerves_20um),Sensory MRG Neuron,20.00um,S2_sciatic,DM-C,30,0.53125,53.12500000000001,node[104]
647,Nerve_root_S2_sciatic_nerve_tibial_left_01 [Sensory MRG Neuron 20.00um]  (Soleus_Sensory_Nerves_20um),Sensory MRG Neuron,20.00um,S2_sciatic,DM-C,30,0.53125,53.12500000000001,node[104]
563,Nerve_root_S2_muscular_branches_of_nerve_sciatic_left_05 [Sensory MRG Neuron 20.00um]  (Soleus_Sensory_Nerves_20um),Sensory MRG Neuron,20.00um,S2_muscular,DM-C,30,0.53125,53.12500000000001,node[104]
587,Nerve_root_S2_muscular_branches_of_nerve_sciatic_right_04 [Sensory MRG Neuron 20.00um]  (Soleus_Sensory_Nerves_20um),Sensory MRG Neuron,20.00um,S2_muscular,DM-C,30,0.53515625,53.51562500000001,node[99]
557,Nerve_root_S2_muscular_branches_of_nerve_sciatic_left_04 [Sensory MRG Neuron 20.00um]  (Soleus_Sensory_Nerves_20um),Sensory MRG Neuron,20.00um,S2_muscular,DM-C,30,0.53515625,53.51562500000001,node[104]
623,Nerve_root_S2_sciatic_muscular_branches_of_nerve_tibial_right_01 [Sensory MRG Neuron 20.00um]  (Soleus_Sensory_Nerves_20um),Sensory MRG Neuron,20.00um,S2_sciatic,DM-C,30,0.53515625,53.51562500000001,node[99]
551,Nerve_root_S2_muscular_branches_of_nerve_sciatic_left_03 [Sensory MRG Neuron 20.00um]  (Soleus_Sensory_Nerves_20um),Sensory MRG Neuron,20.00um,S2_muscular,DM-C,30,0.53515625,53.51562500000001,node[104]
635,Nerve_root_S2_sciatic_muscular_branches_of_nerve_tibial_right_03 [Sensory MRG Neuron 20.00um]  (Soleus_Sensory_Nerves_20um),Sensory MRG Neuron,20.00um,S2_sciatic,DM-C,30,0.53515625,53.51562500000001,node[98]
707,Nerve_root_S2_sciatic_nerve_tibial_right_06 [Sensory MRG Neuron 20.00um]  (Soleus_Sensory_Nerves_20um),Sensory MRG Neuron,20.00um,S2_sciatic,DM-C,30,0.53515625,53.51562500000001,node[99]
677,Nerve_root_S2_sciatic_nerve_tibial_right_01 [Sensory MRG Neuron 20.00um]  (Soleus_Sensory_Nerves_20um),Sensory MRG Neuron,20.00um,S2_sciatic,DM-C,30,0.53515625,53.51562500000001,node[99]
683,Nerve_root_S2_sciatic_nerve_tibial_right_02 [Sensory MRG Neuron 20.00um]  (Soleus_Sensory_Nerves_20um),Sensory MRG Neuron,20.00um,S2_sciatic,DM-C,30,0.53515625,53.51562500000001,node[99]
689,Nerve_root_S2_sciatic_nerve_tibial_right_03 [Sensory MRG Neuron 20.00um]  (Soleus_Sensory_Nerves_20um),Sensory MRG Neuron,20.00um,S2_sciatic,DM-C,30,0.53515625,53.51562500000001,node[99]
695,Nerve_root_S2_sciatic_nerve_tibial_right_04 [Sensory MRG Neuron 20.00um]  (Soleus_Sensory_Nerves_20um),Sensory MRG Neuron,20.00um,S2_sciatic,DM-C,30,0.53515625,53.51562500000001,node[99]
701,Nerve_root_S2_sciatic_nerve_tibial_right_05 [Sensory MRG Neuron 20.00um]  (Soleus_Sensory_Nerves_20um),Sensory MRG Neuron,20.00um,S2_sciatic,DM-C,30,0.53515625,53.51562500000001,node[99]
629,Nerve_root_S2_sciatic_muscular_branches_of_nerve_tibial_right_02 [Sensory MRG Neuron 20.00um]  (Soleus_Sensory_Nerves_20um),Sensory MRG Neuron,20.00um,S2_sciatic,DM-C,30,0.53515625,53.51562500000001,node[99]
641,Nerve_root_S2_sciatic_muscular_branches_of_nerve_tibial_right_04 [Sensory MRG Neuron 20.00um]  (Soleus_Sensory_Nerves_20um),Sensory MRG Neuron,20.00um,S2_sciatic,DM-C,30,0.53515625,53.51562500000001,node[99]
713,Nerve_root_S2_sciatic_nerve_tibial_right_07 [Sensory MRG Neuron 20.00um]  (Soleus_Sensory_Nerves_20um),Sensory MRG Neuron,20.00um,S2_sciatic,DM-C,30,0.53515625,53.51562500000001,node[99]
575,Nerve_root_S2_muscular_branches_of_nerve_sciatic_right_02 [Sensory MRG Neuron 20.00um]  (Soleus_Sensory_Nerves_20um),Sensory MRG Neuron,20.00um,S2_muscular,DM-C,30,0.5390625,53.90625,node[99]
581,Nerve_root_S2_muscular_branches_of_nerve_sciatic_right_03 [Sensory MRG Neuron 20.00um]  (Soleus_Sensory_Nerves_20um),Sensory MRG Neuron,20.00um,S2_muscular,DM-C,30,0.5390625,53.90625,node[99]
31,Nerve_root_L4_L5_muscular_branches_of_nerve_sciatic_right_01 [Motor MRG Neuron 15.00um]  (Soleus_Motor_Nerves_15um),Motor MRG Neuron,15.00um,L4_L5,DM-C,30,0.55078125,55.07812500000001,node[80]
473,Nerve_root_S1_sciatic_nerve_tibial_left_02 [Sensory MRG Neuron 20.00um]  (Soleus_Sensory_Nerves_20um),Sensory MRG Neuron,20.00um,S1_sciatic,DM-C,30,0.5546875,55.46875000000001,node[74]
431,Nerve_root_S1_sciatic_muscular_branches_of_nerve_tibial_left_04 [Sensory MRG Neuron 20.00um]  (Soleus_Sensory_Nerves_20um),Sensory MRG Neuron,20.00um,S1_sciatic,DM-C,30,0.5546875,55.46875000000001,node[74]
491,Nerve_root_S1_sciatic_nerve_tibial_left_05 [Sensory MRG Neuron 20.00um]  (Soleus_Sensory_Nerves_20um),Sensory MRG Neuron,20.00um,S1_sciatic,DM-C,30,0.5546875,55.46875000000001,node[74]
425,Nerve_root_S1_sciatic_muscular_branches_of_nerve_tibial_left_03 [Sensory MRG Neuron 20.00um]  (Soleus_Sensory_Nerves_20um),Sensory MRG Neuron,20.00um,S1_sciatic,DM-C,30,0.5546875,55.46875000000001,node[74]
419,Nerve_root_S1_sciatic_muscular_branches_of_nerve_tibial_left_02 [Sensory MRG Neuron 20.00um]  (Soleus_Sensory_Nerves_20um),Sensory MRG Neuron,20.00um,S1_sciatic,DM-C,30,0.5546875,55.46875000000001,node[74]
413,Nerve_root_S1_sciatic_muscular_branches_of_nerve_tibial_left_01 [Sensory MRG Neuron 20.00um]  (Soleus_Sensory_Nerves_20um),Sensory MRG Neuron,20.00um,S1_sciatic,DM-C,30,0.5546875,55.46875000000001,node[74]
485,Nerve_root_S1_sciatic_nerve_tibial_left_04 [Sensory MRG Neuron 20.00um]  (Soleus_Sensory_Nerves_20um),Sensory MRG Neuron,20.00um,S1_sciatic,DM-C,30,0.5546875,55.46875000000001,node[74]
437,Nerve_root_S1_sciatic_muscular_branches_of_nerve_tibial_left_05 [Sensory MRG Neuron 20.00um]  (Soleus_Sensory_Nerves_20um),Sensory MRG Neuron,20.00um,S1_sciatic,DM-C,30,0.5546875,55.46875000000001,node[74]
479,Nerve_root_S1_sciatic_nerve_tibial_left_03 [Sensory MRG Neuron 20.00um]  (Soleus_Sensory_Nerves_20um),Sensory MRG Neuron,20.00um,S1_sciatic,DM-C,30,0.5546875,55.46875000000001,node[74]
467,Nerve_root_S1_sciatic_nerve_tibial_left_01 [Sensory MRG Neuron 20.00um]  (Soleus_Sensory_Nerves_20um),Sensory MRG Neuron,20.00um,S1_sciatic,DM-C,30,0.5546875,55.46875000000001,node[74]
377,Nerve_root_S1_muscular_branches_of_nerve_sciatic_left_04 [Sensory MRG Neuron 20.00um]  (Soleus_Sensory_Nerves_20um),Sensory MRG Neuron,20.00um,S1_muscular,DM-C,30,0.55859375,55.859375,node[75]
383,Nerve_root_S1_muscular_branches_of_nerve_sciatic_left_05 [Sensory MRG Neuron 20.00um]  (Soleus_Sensory_Nerves_20um),Sensory MRG Neuron,20.00um,S1_muscular,DM-C,30,0.5625,56.25,node[74]
365,Nerve_root_S1_muscular_branches_of_nerve_sciatic_left_01 [Sensory MRG Neuron 20.00um]  (Soleus_Sensory_Nerves_20um),Sensory MRG Neuron,20.00um,S1_muscular,DM-C,30,0.5625,56.25,node[74]
371,Nerve_root_S1_muscular_branches_of_nerve_sciatic_left_02 [Sensory MRG Neuron 20.00um]  (Soleus_Sensory_Nerves_20um),Sensory MRG Neuron,20.00um,S1_muscular,DM-C,30,0.5625,56.25,node[74]
32,Nerve_root_L4_L5_muscular_branches_of_nerve_sciatic_right_01 [Motor MRG Neuron 20.00um]  (Soleus_Motor_Nerves_20um),Motor MRG Neuron,20.00um,L4_L5,DM-C,30,0.56640625,56.640625,node[67]
239,Nerve_root_L5_sciatic_muscular_branches_of_nerve_tibial_left_01 [Sensory MRG Neuron 20.00um]  (Soleus_Sensory_Nerves_20um),Sensory MRG Neuron,20.00um,L5_sciatic,DM-C,30,0.60546875,60.546875,node[37]
197,Nerve_root_L5_muscular_branches_of_nerve_sciatic_left_03 [Sensory MRG Neuron 20.00um]  (Soleus_Sensory_Nerves_20um),Sensory MRG Neuron,20.00um,L5_muscular,DM-C,30,0.60546875,60.546875,node[37]
227,Nerve_root_L5_muscular_branches_of_nerve_sciatic_right_03 [Sensory MRG Neuron 20.00um]  (Soleus_Sensory_Nerves_20um),Sensory MRG Neuron,20.00um,L5_muscular,DM-C,30,0.609375,60.93750000000001,node[33]
203,Nerve_root_L5_muscular_branches_of_nerve_sciatic_left_04 [Sensory MRG Neuron 20.00um]  (Soleus_Sensory_Nerves_20um),Sensory MRG Neuron,20.00um,L5_muscular,DM-C,30,0.609375,60.93750000000001,node[37]
263,Nerve_root_L5_sciatic_muscular_branches_of_nerve_tibial_left_05 [Sensory MRG Neuron 20.00um]  (Soleus_Sensory_Nerves_20um),Sensory MRG Neuron,20.00um,L5_sciatic,DM-C,30,0.61328125,61.32812500000001,node[37]
215,Nerve_root_L5_muscular_branches_of_nerve_sciatic_right_01 [Sensory MRG Neuron 20.00um]  (Soleus_Sensory_Nerves_20um),Sensory MRG Neuron,20.00um,L5_muscular,DM-C,30,0.61328125,61.32812500000001,node[33]
191,Nerve_root_L5_muscular_branches_of_nerve_sciatic_left_02 [Sensory MRG Neuron 20.00um]  (Soleus_Sensory_Nerves_20um),Sensory MRG Neuron,20.00um,L5_muscular,DM-C,30,0.61328125,61.32812500000001,node[37]
293,Nerve_root_L5_sciatic_nerve_tibial_left_01 [Sensory MRG Neuron 20.00um]  (Soleus_Sensory_Nerves_20um),Sensory MRG Neuron,20.00um,L5_sciatic,DM-C,30,0.61328125,61.32812500000001,node[37]
185,Nerve_root_L5_muscular_branches_of_nerve_sciatic_left_01 [Sensory MRG Neuron 20.00um]  (Soleus_Sensory_Nerves_20um),Sensory MRG Neuron,20.00um,L5_muscular,DM-C,30,0.61328125,61.32812500000001,node[37]
299,Nerve_root_L5_sciatic_nerve_tibial_left_02 [Sensory MRG Neuron 20.00um]  (Soleus_Sensory_Nerves_20um),Sensory MRG Neuron,20.00um,L5_sciatic,DM-C,30,0.61328125,61.32812500000001,node[37]
305,Nerve_root_L5_sciatic_nerve_tibial_left_03 [Sensory MRG Neuron 20.00um]  (Soleus_Sensory_Nerves_20um),Sensory MRG Neuron,20.00um,L5_sciatic,DM-C,30,0.61328125,61.32812500000001,node[37]
317,Nerve_root_L5_sciatic_nerve_tibial_left_05 [Sensory MRG Neuron 20.00um]  (Soleus_Sensory_Nerves_20um),Sensory MRG Neuron,20.00um,L5_sciatic,DM-C,30,0.61328125,61.32812500000001,node[37]
251,Nerve_root_L5_sciatic_muscular_branches_of_nerve_tibial_left_03 [Sensory MRG Neuron 20.00um]  (Soleus_Sensory_Nerves_20um),Sensory MRG Neuron,20.00um,L5_sciatic,DM-C,30,0.61328125,61.32812500000001,node[37]
245,Nerve_root_L5_sciatic_muscular_branches_of_nerve_tibial_left_02 [Sensory MRG Neuron 20.00um]  (Soleus_Sensory_Nerves_20um),Sensory MRG Neuron,20.00um,L5_sciatic,DM-C,30,0.61328125,61.32812500000001,node[37]
209,Nerve_root_L5_muscular_branches_of_nerve_sciatic_left_05 [Sensory MRG Neuron 20.00um]  (Soleus_Sensory_Nerves_20um),Sensory MRG Neuron,20.00um,L5_muscular,DM-C,30,0.61328125,61.32812500000001,node[38]
257,Nerve_root_L5_sciatic_muscular_branches_of_nerve_tibial_left_04 [Sensory MRG Neuron 20.00um]  (Soleus_Sensory_Nerves_20um),Sensory MRG Neuron,20.00um,L5_sciatic,DM-C,30,0.61328125,61.32812500000001,node[37]
311,Nerve_root_L5_sciatic_nerve_tibial_left_04 [Sensory MRG Neuron 20.00um]  (Soleus_Sensory_Nerves_20um),Sensory MRG Neuron,20.00um,L5_sciatic,DM-C,30,0.61328125,61.32812500000001,node[37]
233,Nerve_root_L5_muscular_branches_of_nerve_sciatic_right_04 [Sensory MRG Neuron 20.00um]  (Soleus_Sensory_Nerves_20um),Sensory MRG Neuron,20.00um,L5_muscular,DM-C,30,0.6171875,61.71875,node[33]
359,Nerve_root_L5_sciatic_nerve_tibial_right_07 [Sensory MRG Neuron 20.00um]  (Soleus_Sensory_Nerves_20um),Sensory MRG Neuron,20.00um,L5_sciatic,DM-C,30,0.6171875,61.71875,node[34]
275,Nerve_root_L5_sciatic_muscular_branches_of_nerve_tibial_right_02 [Sensory MRG Neuron 20.00um]  (Soleus_Sensory_Nerves_20um),Sensory MRG Neuron,20.00um,L5_sciatic,DM-C,30,0.6171875,61.71875,node[34]
353,Nerve_root_L5_sciatic_nerve_tibial_right_06 [Sensory MRG Neuron 20.00um]  (Soleus_Sensory_Nerves_20um),Sensory MRG Neuron,20.00um,L5_sciatic,DM-C,30,0.6171875,61.71875,node[34]
347,Nerve_root_L5_sciatic_nerve_tibial_right_05 [Sensory MRG Neuron 20.00um]  (Soleus_Sensory_Nerves_20um),Sensory MRG Neuron,20.00um,L5_sciatic,DM-C,30,0.6171875,61.71875,node[34]
341,Nerve_root_L5_sciatic_nerve_tibial_right_04 [Sensory MRG Neuron 20.00um]  (Soleus_Sensory_Nerves_20um),Sensory MRG Neuron,20.00um,L5_sciatic,DM-C,30,0.6171875,61.71875,node[34]
335,Nerve_root_L5_sciatic_nerve_tibial_right_03 [Sensory MRG Neuron 20.00um]  (Soleus_Sensory_Nerves_20um),Sensory MRG Neuron,20.00um,L5_sciatic,DM-C,30,0.6171875,61.71875,node[34]
269,Nerve_root_L5_sciatic_muscular_branches_of_nerve_tibial_right_01 [Sensory MRG Neuron 20.00um]  (Soleus_Sensory_Nerves_20um),Sensory MRG Neuron,20.00um,L5_sciatic,DM-C,30,0.6171875,61.71875,node[34]
323,Nerve_root_L5_sciatic_nerve_tibial_right_01 [Sensory MRG Neuron 20.00um]  (Soleus_Sensory_Nerves_20um),Sensory MRG Neuron,20.00um,L5_sciatic,DM-C,30,0.6171875,61.71875,node[34]
329,Nerve_root_L5_sciatic_nerve_tibial_right_02 [Sensory MRG Neuron 20.00um]  (Soleus_Sensory_Nerves_20um),Sensory MRG Neuron,20.00um,L5_sciatic,DM-C,30,0.6171875,61.71875,node[34]
287,Nerve_root_L5_sciatic_muscular_branches_of_nerve_tibial_right_04 [Sensory MRG Neuron 20.00um]  (Soleus_Sensory_Nerves_20um),Sensory MRG Neuron,20.00um,L5_sciatic,DM-C,30,0.6171875,61.71875,node[34]
221,Nerve_root_L5_muscular_branches_of_nerve_sciatic_right_02 [Sensory MRG Neuron 20.00um]  (Soleus_Sensory_Nerves_20um),Sensory MRG Neuron,20.00um,L5_muscular,DM-C,30,0.6171875,61.71875,node[32]
281,Nerve_root_L5_sciatic_muscular_branches_of_nerve_tibial_right_03 [Sensory MRG Neuron 20.00um]  (Soleus_Sensory_Nerves_20um),Sensory MRG Neuron,20.00um,L5_sciatic,DM-C,30,0.6171875,61.71875,node[34]
43,Nerve_root_L4_L5_muscular_branches_of_nerve_sciatic_right_03 [Motor MRG Neuron 15.00um]  (Soleus_Motor_Nerves_15um),Motor MRG Neuron,15.00um,L4_L5,DM-C,30,0.62109375,62.109375,node[79]
37,Nerve_root_L4_L5_muscular_branches_of_nerve_sciatic_right_02 [Motor MRG Neuron 15.00um]  (Soleus_Motor_Nerves_15um),Motor MRG Neuron,15.00um,L4_L5,DM-C,30,0.62109375,62.109375,node[79]
139,Nerve_root_L4_L5_sciatic_nerve_tibial_right_01 [Motor MRG Neuron 15.00um]  (Soleus_Motor_Nerves_15um),Motor MRG Neuron,15.00um,L4_L5,DM-C,30,0.625,62.5,node[80]
91,Nerve_root_L4_L5_sciatic_muscular_branches_of_nerve_tibial_right_02 [Motor MRG Neuron 15.00um]  (Soleus_Motor_Nerves_15um),Motor MRG Neuron,15.00um,L4_L5,DM-C,30,0.625,62.5,node[80]
49,Nerve_root_L4_L5_muscular_branches_of_nerve_sciatic_right_04 [Motor MRG Neuron 15.00um]  (Soleus_Motor_Nerves_15um),Motor MRG Neuron,15.00um,L4_L5,DM-C,30,0.625,62.5,node[80]
103,Nerve_root_L4_L5_sciatic_muscular_branches_of_nerve_tibial_right_04 [Motor MRG Neuron 15.00um]  (Soleus_Motor_Nerves_15um),Motor MRG Neuron,15.00um,L4_L5,DM-C,30,0.625,62.5,node[80]
85,Nerve_root_L4_L5_sciatic_muscular_branches_of_nerve_tibial_right_01 [Motor MRG Neuron 15.00um]  (Soleus_Motor_Nerves_15um),Motor MRG Neuron,15.00um,L4_L5,DM-C,30,0.625,62.5,node[80]
97,Nerve_root_L4_L5_sciatic_muscular_branches_of_nerve_tibial_right_03 [Motor MRG Neuron 15.00um]  (Soleus_Motor_Nerves_15um),Motor MRG Neuron,15.00um,L4_L5,DM-C,30,0.625,62.5,node[80]
163,Nerve_root_L4_L5_sciatic_nerve_tibial_right_05 [Motor MRG Neuron 15.00um]  (Soleus_Motor_Nerves_15um),Motor MRG Neuron,15.00um,L4_L5,DM-C,30,0.625,62.5,node[80]
169,Nerve_root_L4_L5_sciatic_nerve_tibial_right_06 [Motor MRG Neuron 15.00um]  (Soleus_Motor_Nerves_15um),Motor MRG Neuron,15.00um,L4_L5,DM-C,30,0.625,62.5,node[80]
151,Nerve_root_L4_L5_sciatic_nerve_tibial_right_03 [Motor MRG Neuron 15.00um]  (Soleus_Motor_Nerves_15um),Motor MRG Neuron,15.00um,L4_L5,DM-C,30,0.625,62.5,node[80]
145,Nerve_root_L4_L5_sciatic_nerve_tibial_right_02 [Motor MRG Neuron 15.00um]  (Soleus_Motor_Nerves_15um),Motor MRG Neuron,15.00um,L4_L5,DM-C,30,0.625,62.5,node[80]
157,Nerve_root_L4_L5_sciatic_nerve_tibial_right_04 [Motor MRG Neuron 15.00um]  (Soleus_Motor_Nerves_15um),Motor MRG Neuron,15.00um,L4_L5,DM-C,30,0.625,62.5,node[80]
175,Nerve_root_L4_L5_sciatic_nerve_tibial_right_07 [Motor MRG Neuron 15.00um]  (Soleus_Motor_Nerves_15um),Motor MRG Neuron,15.00um,L4_L5,DM-C,30,0.625,62.5,node[80]
158,Nerve_root_L4_L5_sciatic_nerve_tibial_right_04 [Motor MRG Neuron 20.00um]  (Soleus_Motor_Nerves_20um),Motor MRG Neuron,20.00um,L4_L5,DM-C,30,0.6328125,63.28125,node[66]
104,Nerve_root_L4_L5_sciatic_muscular_branches_of_nerve_tibial_right_04 [Motor MRG Neuron 20.00um]  (Soleus_Motor_Nerves_20um),Motor MRG Neuron,20.00um,L4_L5,DM-C,30,0.6328125,63.28125,node[66]
50,Nerve_root_L4_L5_muscular_branches_of_nerve_sciatic_right_04 [Motor MRG Neuron 20.00um]  (Soleus_Motor_Nerves_20um),Motor MRG Neuron,20.00um,L4_L5,DM-C,30,0.6328125,63.28125,node[67]
98,Nerve_root_L4_L5_sciatic_muscular_branches_of_nerve_tibial_right_03 [Motor MRG Neuron 20.00um]  (Soleus_Motor_Nerves_20um),Motor MRG Neuron,20.00um,L4_L5,DM-C,30,0.6328125,63.28125,node[66]
176,Nerve_root_L4_L5_sciatic_nerve_tibial_right_07 [Motor MRG Neuron 20.00um]  (Soleus_Motor_Nerves_20um),Motor MRG Neuron,20.00um,L4_L5,DM-C,30,0.6328125,63.28125,node[66]
152,Nerve_root_L4_L5_sciatic_nerve_tibial_right_03 [Motor MRG Neuron 20.00um]  (Soleus_Motor_Nerves_20um),Motor MRG Neuron,20.00um,L4_L5,DM-C,30,0.6328125,63.28125,node[66]
170,Nerve_root_L4_L5_sciatic_nerve_tibial_right_06 [Motor MRG Neuron 20.00um]  (Soleus_Motor_Nerves_20um),Motor MRG Neuron,20.00um,L4_L5,DM-C,30,0.6328125,63.28125,node[66]
455,Nerve_root_S1_sciatic_muscular_branches_of_nerve_tibial_right_03 [Sensory MRG Neuron 20.00um]  (Soleus_Sensory_Nerves_20um),Sensory MRG Neuron,20.00um,S1_sciatic,DM-C,30,0.6328125,63.28125,node[74]
146,Nerve_root_L4_L5_sciatic_nerve_tibial_right_02 [Motor MRG Neuron 20.00um]  (Soleus_Motor_Nerves_20um),Motor MRG Neuron,20.00um,L4_L5,DM-C,30,0.6328125,63.28125,node[66]
38,Nerve_root_L4_L5_muscular_branches_of_nerve_sciatic_right_02 [Motor MRG Neuron 20.00um]  (Soleus_Motor_Nerves_20um),Motor MRG Neuron,20.00um,L4_L5,DM-C,30,0.6328125,63.28125,node[67]
44,Nerve_root_L4_L5_muscular_branches_of_nerve_sciatic_right_03 [Motor MRG Neuron 20.00um]  (Soleus_Motor_Nerves_20um),Motor MRG Neuron,20.00um,L4_L5,DM-C,30,0.6328125,63.28125,node[67]
140,Nerve_root_L4_L5_sciatic_nerve_tibial_right_01 [Motor MRG Neuron 20.00um]  (Soleus_Motor_Nerves_20um),Motor MRG Neuron,20.00um,L4_L5,DM-C,30,0.6328125,63.28125,node[66]
164,Nerve_root_L4_L5_sciatic_nerve_tibial_right_05 [Motor MRG Neuron 20.00um]  (Soleus_Motor_Nerves_20um),Motor MRG Neuron,20.00um,L4_L5,DM-C,30,0.6328125,63.28125,node[66]
86,Nerve_root_L4_L5_sciatic_muscular_branches_of_nerve_tibial_right_01 [Motor MRG Neuron 20.00um]  (Soleus_Motor_Nerves_20um),Motor MRG Neuron,20.00um,L4_L5,DM-C,30,0.6328125,63.28125,node[66]
92,Nerve_root_L4_L5_sciatic_muscular_branches_of_nerve_tibial_right_02 [Motor MRG Neuron 20.00um]  (Soleus_Motor_Nerves_20um),Motor MRG Neuron,20.00um,L4_L5,DM-C,30,0.6328125,63.28125,node[66]
515,Nerve_root_S1_sciatic_nerve_tibial_right_04 [Sensory MRG Neuron 20.00um]  (Soleus_Sensory_Nerves_20um),Sensory MRG Neuron,20.00um,S1_sciatic,DM-C,30,0.640625,64.06250000000001,node[74]
443,Nerve_root_S1_sciatic_muscular_branches_of_nerve_tibial_right_01 [Sensory MRG Neuron 20.00um]  (Soleus_Sensory_Nerves_20um),Sensory MRG Neuron,20.00um,S1_sciatic,DM-C,30,0.640625,64.06250000000001,node[74]
449,Nerve_root_S1_sciatic_muscular_branches_of_nerve_tibial_right_02 [Sensory MRG Neuron 20.00um]  (Soleus_Sensory_Nerves_20um),Sensory MRG Neuron,20.00um,S1_sciatic,DM-C,30,0.640625,64.06250000000001,node[74]
389,Nerve_root_S1_muscular_branches_of_nerve_sciatic_right_01 [Sensory MRG Neuron 20.00um]  (Soleus_Sensory_Nerves_20um),Sensory MRG Neuron,20.00um,S1_muscular,DM-C,30,0.640625,64.06250000000001,node[73]
533,Nerve_root_S1_sciatic_nerve_tibial_right_07 [Sensory MRG Neuron 20.00um]  (Soleus_Sensory_Nerves_20um),Sensory MRG Neuron,20.00um,S1_sciatic,DM-C,30,0.640625,64.06250000000001,node[74]
401,Nerve_root_S1_muscular_branches_of_nerve_sciatic_right_03 [Sensory MRG Neuron 20.00um]  (Soleus_Sensory_Nerves_20um),Sensory MRG Neuron,20.00um,S1_muscular,DM-C,30,0.640625,64.06250000000001,node[73]
407,Nerve_root_S1_muscular_branches_of_nerve_sciatic_right_04 [Sensory MRG Neuron 20.00um]  (Soleus_Sensory_Nerves_20um),Sensory MRG Neuron,20.00um,S1_muscular,DM-C,30,0.640625,64.06250000000001,node[31]
521,Nerve_root_S1_sciatic_nerve_tibial_right_05 [Sensory MRG Neuron 20.00um]  (Soleus_Sensory_Nerves_20um),Sensory MRG Neuron,20.00um,S1_sciatic,DM-C,30,0.640625,64.06250000000001,node[74]
509,Nerve_root_S1_sciatic_nerve_tibial_right_03 [Sensory MRG Neuron 20.00um]  (Soleus_Sensory_Nerves_20um),Sensory MRG Neuron,20.00um,S1_sciatic,DM-C,30,0.640625,64.06250000000001,node[74]
497,Nerve_root_S1_sciatic_nerve_tibial_right_01 [Sensory MRG Neuron 20.00um]  (Soleus_Sensory_Nerves_20um),Sensory MRG Neuron,20.00um,S1_sciatic,DM-C,30,0.640625,64.06250000000001,node[74]
503,Nerve_root_S1_sciatic_nerve_tibial_right_02 [Sensory MRG Neuron 20.00um]  (Soleus_Sensory_Nerves_20um),Sensory MRG Neuron,20.00um,S1_sciatic,DM-C,30,0.640625,64.06250000000001,node[74]
461,Nerve_root_S1_sciatic_muscular_branches_of_nerve_tibial_right_04 [Sensory MRG Neuron 20.00um]  (Soleus_Sensory_Nerves_20um),Sensory MRG Neuron,20.00um,S1_sciatic,DM-C,30,0.640625,64.06250000000001,node[74]
395,Nerve_root_S1_muscular_branches_of_nerve_sciatic_right_02 [Sensory MRG Neuron 20.00um]  (Soleus_Sensory_Nerves_20um),Sensory MRG Neuron,20.00um,S1_muscular,DM-C,30,0.640625,64.06250000000001,node[73]
527,Nerve_root_S1_sciatic_nerve_tibial_right_06 [Sensory MRG Neuron 20.00um]  (Soleus_Sensory_Nerves_20um),Sensory MRG Neuron,20.00um,S1_sciatic,DM-C,30,0.640625,64.06250000000001,node[74]
376,Nerve_root_S1_muscular_branches_of_nerve_sciatic_left_04 [Sensory MRG Neuron 15.00um]  (Soleus_Sensory_Nerves_15um),Sensory MRG Neuron,15.00um,S1_muscular,DM-C,30,0.6640625,66.40625,node[89]
364,Nerve_root_S1_muscular_branches_of_nerve_sciatic_left_01 [Sensory MRG Neuron 15.00um]  (Soleus_Sensory_Nerves_15um),Sensory MRG Neuron,15.00um,S1_muscular,DM-C,30,0.6640625,66.40625,node[89]
370,Nerve_root_S1_muscular_branches_of_nerve_sciatic_left_02 [Sensory MRG Neuron 15.00um]  (Soleus_Sensory_Nerves_15um),Sensory MRG Neuron,15.00um,S1_muscular,DM-C,30,0.6640625,66.40625,node[89]
430,Nerve_root_S1_sciatic_muscular_branches_of_nerve_tibial_left_04 [Sensory MRG Neuron 15.00um]  (Soleus_Sensory_Nerves_15um),Sensory MRG Neuron,15.00um,S1_sciatic,DM-C,30,0.66796875,66.796875,node[89]
424,Nerve_root_S1_sciatic_muscular_branches_of_nerve_tibial_left_03 [Sensory MRG Neuron 15.00um]  (Soleus_Sensory_Nerves_15um),Sensory MRG Neuron,15.00um,S1_sciatic,DM-C,30,0.66796875,66.796875,node[89]
436,Nerve_root_S1_sciatic_muscular_branches_of_nerve_tibial_left_05 [Sensory MRG Neuron 15.00um]  (Soleus_Sensory_Nerves_15um),Sensory MRG Neuron,15.00um,S1_sciatic,DM-C,30,0.66796875,66.796875,node[89]
490,Nerve_root_S1_sciatic_nerve_tibial_left_05 [Sensory MRG Neuron 15.00um]  (Soleus_Sensory_Nerves_15um),Sensory MRG Neuron,15.00um,S1_sciatic,DM-C,30,0.66796875,66.796875,node[89]
412,Nerve_root_S1_sciatic_muscular_branches_of_nerve_tibial_left_01 [Sensory MRG Neuron 15.00um]  (Soleus_Sensory_Nerves_15um),Sensory MRG Neuron,15.00um,S1_sciatic,DM-C,30,0.66796875,66.796875,node[89]
472,Nerve_root_S1_sciatic_nerve_tibial_left_02 [Sensory MRG Neuron 15.00um]  (Soleus_Sensory_Nerves_15um),Sensory MRG Neuron,15.00um,S1_sciatic,DM-C,30,0.66796875,66.796875,node[89]
418,Nerve_root_S1_sciatic_muscular_branches_of_nerve_tibial_left_02 [Sensory MRG Neuron 15.00um]  (Soleus_Sensory_Nerves_15um),Sensory MRG Neuron,15.00um,S1_sciatic,DM-C,30,0.66796875,66.796875,node[89]
478,Nerve_root_S1_sciatic_nerve_tibial_left_03 [Sensory MRG Neuron 15.00um]  (Soleus_Sensory_Nerves_15um),Sensory MRG Neuron,15.00um,S1_sciatic,DM-C,30,0.66796875,66.796875,node[89]
484,Nerve_root_S1_sciatic_nerve_tibial_left_04 [Sensory MRG Neuron 15.00um]  (Soleus_Sensory_Nerves_15um),Sensory MRG Neuron,15.00um,S1_sciatic,DM-C,30,0.66796875,66.796875,node[89]
382,Nerve_root_S1_muscular_branches_of_nerve_sciatic_left_05 [Sensory MRG Neuron 15.00um]  (Soleus_Sensory_Nerves_15um),Sensory MRG Neuron,15.00um,S1_muscular,DM-C,30,0.66796875,66.796875,node[88]
466,Nerve_root_S1_sciatic_nerve_tibial_left_01 [Sensory MRG Neuron 15.00um]  (Soleus_Sensory_Nerves_15um),Sensory MRG Neuron,15.00um,S1_sciatic,DM-C,30,0.66796875,66.796875,node[89]
30,Nerve_root_L4_L5_muscular_branches_of_nerve_sciatic_right_01 [Motor MRG Neuron 10.00um]  (Soleus_Motor_Nerves_10um),Motor MRG Neuron,10.00um,L4_L5,DM-C,30,0.67578125,67.578125,node[109]
562,Nerve_root_S2_muscular_branches_of_nerve_sciatic_left_05 [Sensory MRG Neuron 15.00um]  (Soleus_Sensory_Nerves_15um),Sensory MRG Neuron,15.00um,S2_muscular,DM-C,30,0.69921875,69.92187500000001,node[129]
592,Nerve_root_S2_sciatic_muscular_branches_of_nerve_tibial_left_01 [Sensory MRG Neuron 15.00um]  (Soleus_Sensory_Nerves_15um),Sensory MRG Neuron,15.00um,S2_sciatic,DM-C,30,0.69921875,69.92187500000001,node[129]
550,Nerve_root_S2_muscular_branches_of_nerve_sciatic_left_03 [Sensory MRG Neuron 15.00um]  (Soleus_Sensory_Nerves_15um),Sensory MRG Neuron,15.00um,S2_muscular,DM-C,30,0.703125,70.3125,node[130]
610,Nerve_root_S2_sciatic_muscular_branches_of_nerve_tibial_left_04 [Sensory MRG Neuron 15.00um]  (Soleus_Sensory_Nerves_15um),Sensory MRG Neuron,15.00um,S2_sciatic,DM-C,30,0.703125,70.3125,node[129]
556,Nerve_root_S2_muscular_branches_of_nerve_sciatic_left_04 [Sensory MRG Neuron 15.00um]  (Soleus_Sensory_Nerves_15um),Sensory MRG Neuron,15.00um,S2_muscular,DM-C,30,0.703125,70.3125,node[129]
604,Nerve_root_S2_sciatic_muscular_branches_of_nerve_tibial_left_03 [Sensory MRG Neuron 15.00um]  (Soleus_Sensory_Nerves_15um),Sensory MRG Neuron,15.00um,S2_sciatic,DM-C,30,0.703125,70.3125,node[129]
538,Nerve_root_S2_muscular_branches_of_nerve_sciatic_left_01 [Sensory MRG Neuron 15.00um]  (Soleus_Sensory_Nerves_15um),Sensory MRG Neuron,15.00um,S2_muscular,DM-C,30,0.703125,70.3125,node[129]
616,Nerve_root_S2_sciatic_muscular_branches_of_nerve_tibial_left_05 [Sensory MRG Neuron 15.00um]  (Soleus_Sensory_Nerves_15um),Sensory MRG Neuron,15.00um,S2_sciatic,DM-C,30,0.703125,70.3125,node[129]
670,Nerve_root_S2_sciatic_nerve_tibial_left_05 [Sensory MRG Neuron 15.00um]  (Soleus_Sensory_Nerves_15um),Sensory MRG Neuron,15.00um,S2_sciatic,DM-C,30,0.703125,70.3125,node[129]
544,Nerve_root_S2_muscular_branches_of_nerve_sciatic_left_02 [Sensory MRG Neuron 15.00um]  (Soleus_Sensory_Nerves_15um),Sensory MRG Neuron,15.00um,S2_muscular,DM-C,30,0.703125,70.3125,node[129]
598,Nerve_root_S2_sciatic_muscular_branches_of_nerve_tibial_left_02 [Sensory MRG Neuron 15.00um]  (Soleus_Sensory_Nerves_15um),Sensory MRG Neuron,15.00um,S2_sciatic,DM-C,30,0.703125,70.3125,node[129]
646,Nerve_root_S2_sciatic_nerve_tibial_left_01 [Sensory MRG Neuron 15.00um]  (Soleus_Sensory_Nerves_15um),Sensory MRG Neuron,15.00um,S2_sciatic,DM-C,30,0.703125,70.3125,node[129]
652,Nerve_root_S2_sciatic_nerve_tibial_left_02 [Sensory MRG Neuron 15.00um]  (Soleus_Sensory_Nerves_15um),Sensory MRG Neuron,15.00um,S2_sciatic,DM-C,30,0.703125,70.3125,node[129]
658,Nerve_root_S2_sciatic_nerve_tibial_left_03 [Sensory MRG Neuron 15.00um]  (Soleus_Sensory_Nerves_15um),Sensory MRG Neuron,15.00um,S2_sciatic,DM-C,30,0.703125,70.3125,node[129]
664,Nerve_root_S2_sciatic_nerve_tibial_left_04 [Sensory MRG Neuron 15.00um]  (Soleus_Sensory_Nerves_15um),Sensory MRG Neuron,15.00um,S2_sciatic,DM-C,30,0.703125,70.3125,node[129]
168,Nerve_root_L4_L5_sciatic_nerve_tibial_right_06 [Motor MRG Neuron 10.00um]  (Soleus_Motor_Nerves_10um),Motor MRG Neuron,10.00um,L4_L5,DM-C,30,0.71875,71.87500000000001,node[109]
162,Nerve_root_L4_L5_sciatic_nerve_tibial_right_05 [Motor MRG Neuron 10.00um]  (Soleus_Motor_Nerves_10um),Motor MRG Neuron,10.00um,L4_L5,DM-C,30,0.71875,71.87500000000001,node[109]
138,Nerve_root_L4_L5_sciatic_nerve_tibial_right_01 [Motor MRG Neuron 10.00um]  (Soleus_Motor_Nerves_10um),Motor MRG Neuron,10.00um,L4_L5,DM-C,30,0.71875,71.87500000000001,node[109]
174,Nerve_root_L4_L5_sciatic_nerve_tibial_right_07 [Motor MRG Neuron 10.00um]  (Soleus_Motor_Nerves_10um),Motor MRG Neuron,10.00um,L4_L5,DM-C,30,0.71875,71.87500000000001,node[109]
150,Nerve_root_L4_L5_sciatic_nerve_tibial_right_03 [Motor MRG Neuron 10.00um]  (Soleus_Motor_Nerves_10um),Motor MRG Neuron,10.00um,L4_L5,DM-C,30,0.71875,71.87500000000001,node[109]
48,Nerve_root_L4_L5_muscular_branches_of_nerve_sciatic_right_04 [Motor MRG Neuron 10.00um]  (Soleus_Motor_Nerves_10um),Motor MRG Neuron,10.00um,L4_L5,DM-C,30,0.71875,71.87500000000001,node[109]
84,Nerve_root_L4_L5_sciatic_muscular_branches_of_nerve_tibial_right_01 [Motor MRG Neuron 10.00um]  (Soleus_Motor_Nerves_10um),Motor MRG Neuron,10.00um,L4_L5,DM-C,30,0.71875,71.87500000000001,node[109]
42,Nerve_root_L4_L5_muscular_branches_of_nerve_sciatic_right_03 [Motor MRG Neuron 10.00um]  (Soleus_Motor_Nerves_10um),Motor MRG Neuron,10.00um,L4_L5,DM-C,30,0.71875,71.87500000000001,node[109]
156,Nerve_root_L4_L5_sciatic_nerve_tibial_right_04 [Motor MRG Neuron 10.00um]  (Soleus_Motor_Nerves_10um),Motor MRG Neuron,10.00um,L4_L5,DM-C,30,0.71875,71.87500000000001,node[109]
96,Nerve_root_L4_L5_sciatic_muscular_branches_of_nerve_tibial_right_03 [Motor MRG Neuron 10.00um]  (Soleus_Motor_Nerves_10um),Motor MRG Neuron,10.00um,L4_L5,DM-C,30,0.71875,71.87500000000001,node[109]
102,Nerve_root_L4_L5_sciatic_muscular_branches_of_nerve_tibial_right_04 [Motor MRG Neuron 10.00um]  (Soleus_Motor_Nerves_10um),Motor MRG Neuron,10.00um,L4_L5,DM-C,30,0.71875,71.87500000000001,node[109]
144,Nerve_root_L4_L5_sciatic_nerve_tibial_right_02 [Motor MRG Neuron 10.00um]  (Soleus_Motor_Nerves_10um),Motor MRG Neuron,10.00um,L4_L5,DM-C,30,0.71875,71.87500000000001,node[109]
90,Nerve_root_L4_L5_sciatic_muscular_branches_of_nerve_tibial_right_02 [Motor MRG Neuron 10.00um]  (Soleus_Motor_Nerves_10um),Motor MRG Neuron,10.00um,L4_L5,DM-C,30,0.71875,71.87500000000001,node[109]
36,Nerve_root_L4_L5_muscular_branches_of_nerve_sciatic_right_02 [Motor MRG Neuron 10.00um]  (Soleus_Motor_Nerves_10um),Motor MRG Neuron,10.00um,L4_L5,DM-C,30,0.71875,71.87500000000001,node[109]
388,Nerve_root_S1_muscular_branches_of_nerve_sciatic_right_01 [Sensory MRG Neuron 15.00um]  (Soleus_Sensory_Nerves_15um),Sensory MRG Neuron,15.00um,S1_muscular,DM-C,30,0.8046875,80.46875,node[88]
400,Nerve_root_S1_muscular_branches_of_nerve_sciatic_right_03 [Sensory MRG Neuron 15.00um]  (Soleus_Sensory_Nerves_15um),Sensory MRG Neuron,15.00um,S1_muscular,DM-C,30,0.8203125,82.03125,node[88]
508,Nerve_root_S1_sciatic_nerve_tibial_right_03 [Sensory MRG Neuron 15.00um]  (Soleus_Sensory_Nerves_15um),Sensory MRG Neuron,15.00um,S1_sciatic,DM-C,30,0.8203125,82.03125,node[89]
394,Nerve_root_S1_muscular_branches_of_nerve_sciatic_right_02 [Sensory MRG Neuron 15.00um]  (Soleus_Sensory_Nerves_15um),Sensory MRG Neuron,15.00um,S1_muscular,DM-C,30,0.8203125,82.03125,node[88]
574,Nerve_root_S2_muscular_branches_of_nerve_sciatic_right_02 [Sensory MRG Neuron 15.00um]  (Soleus_Sensory_Nerves_15um),Sensory MRG Neuron,15.00um,S2_muscular,DM-C,30,0.8203125,82.03125,node[115]
586,Nerve_root_S2_muscular_branches_of_nerve_sciatic_right_04 [Sensory MRG Neuron 15.00um]  (Soleus_Sensory_Nerves_15um),Sensory MRG Neuron,15.00um,S2_muscular,DM-C,30,0.8203125,82.03125,node[116]
442,Nerve_root_S1_sciatic_muscular_branches_of_nerve_tibial_right_01 [Sensory MRG Neuron 15.00um]  (Soleus_Sensory_Nerves_15um),Sensory MRG Neuron,15.00um,S1_sciatic,DM-C,30,0.8203125,82.03125,node[89]
502,Nerve_root_S1_sciatic_nerve_tibial_right_02 [Sensory MRG Neuron 15.00um]  (Soleus_Sensory_Nerves_15um),Sensory MRG Neuron,15.00um,S1_sciatic,DM-C,30,0.8203125,82.03125,node[89]
460,Nerve_root_S1_sciatic_muscular_branches_of_nerve_tibial_right_04 [Sensory MRG Neuron 15.00um]  (Soleus_Sensory_Nerves_15um),Sensory MRG Neuron,15.00um,S1_sciatic,DM-C,30,0.8203125,82.03125,node[89]
526,Nerve_root_S1_sciatic_nerve_tibial_right_06 [Sensory MRG Neuron 15.00um]  (Soleus_Sensory_Nerves_15um),Sensory MRG Neuron,15.00um,S1_sciatic,DM-C,30,0.8203125,82.03125,node[89]
448,Nerve_root_S1_sciatic_muscular_branches_of_nerve_tibial_right_02 [Sensory MRG Neuron 15.00um]  (Soleus_Sensory_Nerves_15um),Sensory MRG Neuron,15.00um,S1_sciatic,DM-C,30,0.8203125,82.03125,node[89]
532,Nerve_root_S1_sciatic_nerve_tibial_right_07 [Sensory MRG Neuron 15.00um]  (Soleus_Sensory_Nerves_15um),Sensory MRG Neuron,15.00um,S1_sciatic,DM-C,30,0.8203125,82.03125,node[89]
520,Nerve_root_S1_sciatic_nerve_tibial_right_05 [Sensory MRG Neuron 15.00um]  (Soleus_Sensory_Nerves_15um),Sensory MRG Neuron,15.00um,S1_sciatic,DM-C,30,0.8203125,82.03125,node[89]
496,Nerve_root_S1_sciatic_nerve_tibial_right_01 [Sensory MRG Neuron 15.00um]  (Soleus_Sensory_Nerves_15um),Sensory MRG Neuron,15.00um,S1_sciatic,DM-C,30,0.8203125,82.03125,node[89]
634,Nerve_root_S2_sciatic_muscular_branches_of_nerve_tibial_right_03 [Sensory MRG Neuron 15.00um]  (Soleus_Sensory_Nerves_15um),Sensory MRG Neuron,15.00um,S2_sciatic,DM-C,30,0.8203125,82.03125,node[116]
514,Nerve_root_S1_sciatic_nerve_tibial_right_04 [Sensory MRG Neuron 15.00um]  (Soleus_Sensory_Nerves_15um),Sensory MRG Neuron,15.00um,S1_sciatic,DM-C,30,0.8203125,82.03125,node[89]
694,Nerve_root_S2_sciatic_nerve_tibial_right_04 [Sensory MRG Neuron 15.00um]  (Soleus_Sensory_Nerves_15um),Sensory MRG Neuron,15.00um,S2_sciatic,DM-C,30,0.828125,82.81250000000001,node[116]
568,Nerve_root_S2_muscular_branches_of_nerve_sciatic_right_01 [Sensory MRG Neuron 15.00um]  (Soleus_Sensory_Nerves_15um),Sensory MRG Neuron,15.00um,S2_muscular,DM-C,30,0.828125,82.81250000000001,node[115]
454,Nerve_root_S1_sciatic_muscular_branches_of_nerve_tibial_right_03 [Sensory MRG Neuron 15.00um]  (Soleus_Sensory_Nerves_15um),Sensory MRG Neuron,15.00um,S1_sciatic,DM-C,30,0.828125,82.81250000000001,node[89]
580,Nerve_root_S2_muscular_branches_of_nerve_sciatic_right_03 [Sensory MRG Neuron 15.00um]  (Soleus_Sensory_Nerves_15um),Sensory MRG Neuron,15.00um,S2_muscular,DM-C,30,0.828125,82.81250000000001,node[117]
640,Nerve_root_S2_sciatic_muscular_branches_of_nerve_tibial_right_04 [Sensory MRG Neuron 15.00um]  (Soleus_Sensory_Nerves_15um),Sensory MRG Neuron,15.00um,S2_sciatic,DM-C,30,0.828125,82.81250000000001,node[116]
688,Nerve_root_S2_sciatic_nerve_tibial_right_03 [Sensory MRG Neuron 15.00um]  (Soleus_Sensory_Nerves_15um),Sensory MRG Neuron,15.00um,S2_sciatic,DM-C,30,0.828125,82.81250000000001,node[116]
700,Nerve_root_S2_sciatic_nerve_tibial_right_05 [Sensory MRG Neuron 15.00um]  (Soleus_Sensory_Nerves_15um),Sensory MRG Neuron,15.00um,S2_sciatic,DM-C,30,0.828125,82.81250000000001,node[116]
676,Nerve_root_S2_sciatic_nerve_tibial_right_01 [Sensory MRG Neuron 15.00um]  (Soleus_Sensory_Nerves_15um),Sensory MRG Neuron,15.00um,S2_sciatic,DM-C,30,0.828125,82.81250000000001,node[116]
682,Nerve_root_S2_sciatic_nerve_tibial_right_02 [Sensory MRG Neuron 15.00um]  (Soleus_Sensory_Nerves_15um),Sensory MRG Neuron,15.00um,S2_sciatic,DM-C,30,0.828125,82.81250000000001,node[116]
622,Nerve_root_S2_sciatic_muscular_branches_of_nerve_tibial_right_01 [Sensory MRG Neuron 15.00um]  (Soleus_Sensory_Nerves_15um),Sensory MRG Neuron,15.00um,S2_sciatic,DM-C,30,0.828125,82.81250000000001,node[116]
712,Nerve_root_S2_sciatic_nerve_tibial_right_07 [Sensory MRG Neuron 15.00um]  (Soleus_Sensory_Nerves_15um),Sensory MRG Neuron,15.00um,S2_sciatic,DM-C,30,0.828125,82.81250000000001,node[116]
706,Nerve_root_S2_sciatic_nerve_tibial_right_06 [Sensory MRG Neuron 15.00um]  (Soleus_Sensory_Nerves_15um),Sensory MRG Neuron,15.00um,S2_sciatic,DM-C,30,0.828125,82.81250000000001,node[116]
628,Nerve_root_S2_sciatic_muscular_branches_of_nerve_tibial_right_02 [Sensory MRG Neuron 15.00um]  (Soleus_Sensory_Nerves_15um),Sensory MRG Neuron,15.00um,S2_sciatic,DM-C,30,0.828125,82.81250000000001,node[116]
406,Nerve_root_S1_muscular_branches_of_nerve_sciatic_right_04 [Sensory MRG Neuron 15.00um]  (Soleus_Sensory_Nerves_15um),Sensory MRG Neuron,15.00um,S1_muscular,DM-C,30,0.8359375,83.59375000000001,node[89]
208,Nerve_root_L5_muscular_branches_of_nerve_sciatic_left_05 [Sensory MRG Neuron 15.00um]  (Soleus_Sensory_Nerves_15um),Sensory MRG Neuron,15.00um,L5_muscular,DM-C,30,0.90625,90.62500000000001,node[45]
202,Nerve_root_L5_muscular_branches_of_nerve_sciatic_left_04 [Sensory MRG Neuron 15.00um]  (Soleus_Sensory_Nerves_15um),Sensory MRG Neuron,15.00um,L5_muscular,DM-C,30,0.90625,90.62500000000001,node[46]
298,Nerve_root_L5_sciatic_nerve_tibial_left_02 [Sensory MRG Neuron 15.00um]  (Soleus_Sensory_Nerves_15um),Sensory MRG Neuron,15.00um,L5_sciatic,DM-C,30,0.9140625,91.40625000000001,node[45]
238,Nerve_root_L5_sciatic_muscular_branches_of_nerve_tibial_left_01 [Sensory MRG Neuron 15.00um]  (Soleus_Sensory_Nerves_15um),Sensory MRG Neuron,15.00um,L5_sciatic,DM-C,30,0.9140625,91.40625000000001,node[45]
244,Nerve_root_L5_sciatic_muscular_branches_of_nerve_tibial_left_02 [Sensory MRG Neuron 15.00um]  (Soleus_Sensory_Nerves_15um),Sensory MRG Neuron,15.00um,L5_sciatic,DM-C,30,0.9140625,91.40625000000001,node[45]
184,Nerve_root_L5_muscular_branches_of_nerve_sciatic_left_01 [Sensory MRG Neuron 15.00um]  (Soleus_Sensory_Nerves_15um),Sensory MRG Neuron,15.00um,L5_muscular,DM-C,30,0.9140625,91.40625000000001,node[45]
310,Nerve_root_L5_sciatic_nerve_tibial_left_04 [Sensory MRG Neuron 15.00um]  (Soleus_Sensory_Nerves_15um),Sensory MRG Neuron,15.00um,L5_sciatic,DM-C,30,0.9140625,91.40625000000001,node[45]
250,Nerve_root_L5_sciatic_muscular_branches_of_nerve_tibial_left_03 [Sensory MRG Neuron 15.00um]  (Soleus_Sensory_Nerves_15um),Sensory MRG Neuron,15.00um,L5_sciatic,DM-C,30,0.9140625,91.40625000000001,node[45]
256,Nerve_root_L5_sciatic_muscular_branches_of_nerve_tibial_left_04 [Sensory MRG Neuron 15.00um]  (Soleus_Sensory_Nerves_15um),Sensory MRG Neuron,15.00um,L5_sciatic,DM-C,30,0.9140625,91.40625000000001,node[45]
304,Nerve_root_L5_sciatic_nerve_tibial_left_03 [Sensory MRG Neuron 15.00um]  (Soleus_Sensory_Nerves_15um),Sensory MRG Neuron,15.00um,L5_sciatic,DM-C,30,0.9140625,91.40625000000001,node[45]
262,Nerve_root_L5_sciatic_muscular_branches_of_nerve_tibial_left_05 [Sensory MRG Neuron 15.00um]  (Soleus_Sensory_Nerves_15um),Sensory MRG Neuron,15.00um,L5_sciatic,DM-C,30,0.9140625,91.40625000000001,node[45]
316,Nerve_root_L5_sciatic_nerve_tibial_left_05 [Sensory MRG Neuron 15.00um]  (Soleus_Sensory_Nerves_15um),Sensory MRG Neuron,15.00um,L5_sciatic,DM-C,30,0.9140625,91.40625000000001,node[45]
190,Nerve_root_L5_muscular_branches_of_nerve_sciatic_left_02 [Sensory MRG Neuron 15.00um]  (Soleus_Sensory_Nerves_15um),Sensory MRG Neuron,15.00um,L5_muscular,DM-C,30,0.9140625,91.40625000000001,node[45]
196,Nerve_root_L5_muscular_branches_of_nerve_sciatic_left_03 [Sensory MRG Neuron 15.00um]  (Soleus_Sensory_Nerves_15um),Sensory MRG Neuron,15.00um,L5_muscular,DM-C,30,0.9140625,91.40625000000001,node[45]
292,Nerve_root_L5_sciatic_nerve_tibial_left_01 [Sensory MRG Neuron 15.00um]  (Soleus_Sensory_Nerves_15um),Sensory MRG Neuron,15.00um,L5_sciatic,DM-C,30,0.9140625,91.40625000000001,node[45]
375,Nerve_root_S1_muscular_branches_of_nerve_sciatic_left_04 [Sensory MRG Neuron 10.00um]  (Soleus_Sensory_Nerves_10um),Sensory MRG Neuron,10.00um,S1_muscular,DM-C,30,0.9453125,94.53125000000001,node[123]
226,Nerve_root_L5_muscular_branches_of_nerve_sciatic_right_03 [Sensory MRG Neuron 15.00um]  (Soleus_Sensory_Nerves_15um),Sensory MRG Neuron,15.00um,L5_muscular,DM-C,30,0.953125,95.31250000000001,node[38]
363,Nerve_root_S1_muscular_branches_of_nerve_sciatic_left_01 [Sensory MRG Neuron 10.00um]  (Soleus_Sensory_Nerves_10um),Sensory MRG Neuron,10.00um,S1_muscular,DM-C,30,0.953125,95.31250000000001,node[123]
369,Nerve_root_S1_muscular_branches_of_nerve_sciatic_left_02 [Sensory MRG Neuron 10.00um]  (Soleus_Sensory_Nerves_10um),Sensory MRG Neuron,10.00um,S1_muscular,DM-C,30,0.953125,95.31250000000001,node[123]
220,Nerve_root_L5_muscular_branches_of_nerve_sciatic_right_02 [Sensory MRG Neuron 15.00um]  (Soleus_Sensory_Nerves_15um),Sensory MRG Neuron,15.00um,L5_muscular,DM-C,30,0.9609375,96.09375,node[39]
232,Nerve_root_L5_muscular_branches_of_nerve_sciatic_right_04 [Sensory MRG Neuron 15.00um]  (Soleus_Sensory_Nerves_15um),Sensory MRG Neuron,15.00um,L5_muscular,DM-C,30,0.9609375,96.09375,node[38]
465,Nerve_root_S1_sciatic_nerve_tibial_left_01 [Sensory MRG Neuron 10.00um]  (Soleus_Sensory_Nerves_10um),Sensory MRG Neuron,10.00um,S1_sciatic,DM-C,30,0.96875,96.875,node[122]
477,Nerve_root_S1_sciatic_nerve_tibial_left_03 [Sensory MRG Neuron 10.00um]  (Soleus_Sensory_Nerves_10um),Sensory MRG Neuron,10.00um,S1_sciatic,DM-C,30,0.96875,96.875,node[122]
483,Nerve_root_S1_sciatic_nerve_tibial_left_04 [Sensory MRG Neuron 10.00um]  (Soleus_Sensory_Nerves_10um),Sensory MRG Neuron,10.00um,S1_sciatic,DM-C,30,0.96875,96.875,node[122]
489,Nerve_root_S1_sciatic_nerve_tibial_left_05 [Sensory MRG Neuron 10.00um]  (Soleus_Sensory_Nerves_10um),Sensory MRG Neuron,10.00um,S1_sciatic,DM-C,30,0.96875,96.875,node[122]
471,Nerve_root_S1_sciatic_nerve_tibial_left_02 [Sensory MRG Neuron 10.00um]  (Soleus_Sensory_Nerves_10um),Sensory MRG Neuron,10.00um,S1_sciatic,DM-C,30,0.96875,96.875,node[122]
435,Nerve_root_S1_sciatic_muscular_branches_of_nerve_tibial_left_05 [Sensory MRG Neuron 10.00um]  (Soleus_Sensory_Nerves_10um),Sensory MRG Neuron,10.00um,S1_sciatic,DM-C,30,0.96875,96.875,node[122]
429,Nerve_root_S1_sciatic_muscular_branches_of_nerve_tibial_left_04 [Sensory MRG Neuron 10.00um]  (Soleus_Sensory_Nerves_10um),Sensory MRG Neuron,10.00um,S1_sciatic,DM-C,30,0.96875,96.875,node[122]
423,Nerve_root_S1_sciatic_muscular_branches_of_nerve_tibial_left_03 [Sensory MRG Neuron 10.00um]  (Soleus_Sensory_Nerves_10um),Sensory MRG Neuron,10.00um,S1_sciatic,DM-C,30,0.96875,96.875,node[122]
417,Nerve_root_S1_sciatic_muscular_branches_of_nerve_tibial_left_02 [Sensory MRG Neuron 10.00um]  (Soleus_Sensory_Nerves_10um),Sensory MRG Neuron,10.00um,S1_sciatic,DM-C,30,0.96875,96.875,node[122]
411,Nerve_root_S1_sciatic_muscular_branches_of_nerve_tibial_left_01 [Sensory MRG Neuron 10.00um]  (Soleus_Sensory_Nerves_10um),Sensory MRG Neuron,10.00um,S1_sciatic,DM-C,30,0.96875,96.875,node[122]
334,Nerve_root_L5_sciatic_nerve_tibial_right_03 [Sensory MRG Neuron 15.00um]  (Soleus_Sensory_Nerves_15um),Sensory MRG Neuron,15.00um,L5_sciatic,DM-C,30,0.96875,96.875,node[39]
346,Nerve_root_L5_sciatic_nerve_tibial_right_05 [Sensory MRG Neuron 15.00um]  (Soleus_Sensory_Nerves_15um),Sensory MRG Neuron,15.00um,L5_sciatic,DM-C,30,0.96875,96.875,node[39]
214,Nerve_root_L5_muscular_branches_of_nerve_sciatic_right_01 [Sensory MRG Neuron 15.00um]  (Soleus_Sensory_Nerves_15um),Sensory MRG Neuron,15.00um,L5_muscular,DM-C,30,0.96875,96.875,node[38]
358,Nerve_root_L5_sciatic_nerve_tibial_right_07 [Sensory MRG Neuron 15.00um]  (Soleus_Sensory_Nerves_15um),Sensory MRG Neuron,15.00um,L5_sciatic,DM-C,30,0.96875,96.875,node[39]
274,Nerve_root_L5_sciatic_muscular_branches_of_nerve_tibial_right_02 [Sensory MRG Neuron 15.00um]  (Soleus_Sensory_Nerves_15um),Sensory MRG Neuron,15.00um,L5_sciatic,DM-C,30,0.96875,96.875,node[39]
352,Nerve_root_L5_sciatic_nerve_tibial_right_06 [Sensory MRG Neuron 15.00um]  (Soleus_Sensory_Nerves_15um),Sensory MRG Neuron,15.00um,L5_sciatic,DM-C,30,0.96875,96.875,node[39]
340,Nerve_root_L5_sciatic_nerve_tibial_right_04 [Sensory MRG Neuron 15.00um]  (Soleus_Sensory_Nerves_15um),Sensory MRG Neuron,15.00um,L5_sciatic,DM-C,30,0.96875,96.875,node[39]
328,Nerve_root_L5_sciatic_nerve_tibial_right_02 [Sensory MRG Neuron 15.00um]  (Soleus_Sensory_Nerves_15um),Sensory MRG Neuron,15.00um,L5_sciatic,DM-C,30,0.96875,96.875,node[39]
280,Nerve_root_L5_sciatic_muscular_branches_of_nerve_tibial_right_03 [Sensory MRG Neuron 15.00um]  (Soleus_Sensory_Nerves_15um),Sensory MRG Neuron,15.00um,L5_sciatic,DM-C,30,0.96875,96.875,node[39]
286,Nerve_root_L5_sciatic_muscular_branches_of_nerve_tibial_right_04 [Sensory MRG Neuron 15.00um]  (Soleus_Sensory_Nerves_15um),Sensory MRG Neuron,15.00um,L5_sciatic,DM-C,30,0.96875,96.875,node[39]
268,Nerve_root_L5_sciatic_muscular_branches_of_nerve_tibial_right_01 [Sensory MRG Neuron 15.00um]  (Soleus_Sensory_Nerves_15um),Sensory MRG Neuron,15.00um,L5_sciatic,DM-C,30,0.96875,96.875,node[39]
322,Nerve_root_L5_sciatic_nerve_tibial_right_01 [Sensory MRG Neuron 15.00um]  (Soleus_Sensory_Nerves_15um),Sensory MRG Neuron,15.00um,L5_sciatic,DM-C,30,0.96875,96.875,node[39]
381,Nerve_root_S1_muscular_branches_of_nerve_sciatic_left_05 [Sensory MRG Neuron 10.00um]  (Soleus_Sensory_Nerves_10um),Sensory MRG Neuron,10.00um,S1_muscular,DM-C,30,0.9765625,97.65625,node[122]
591,Nerve_root_S2_sciatic_muscular_branches_of_nerve_tibial_left_01 [Sensory MRG Neuron 10.00um]  (Soleus_Sensory_Nerves_10um),Sensory MRG Neuron,10.00um,S2_sciatic,DM-C,30,1.0703125,107.03125000000001,node[178]
537,Nerve_root_S2_muscular_branches_of_nerve_sciatic_left_01 [Sensory MRG Neuron 10.00um]  (Soleus_Sensory_Nerves_10um),Sensory MRG Neuron,10.00um,S2_muscular,DM-C,30,1.0703125,107.03125000000001,node[179]
603,Nerve_root_S2_sciatic_muscular_branches_of_nerve_tibial_left_03 [Sensory MRG Neuron 10.00um]  (Soleus_Sensory_Nerves_10um),Sensory MRG Neuron,10.00um,S2_sciatic,DM-C,30,1.0703125,107.03125000000001,node[178]
543,Nerve_root_S2_muscular_branches_of_nerve_sciatic_left_02 [Sensory MRG Neuron 10.00um]  (Soleus_Sensory_Nerves_10um),Sensory MRG Neuron,10.00um,S2_muscular,DM-C,30,1.0703125,107.03125000000001,node[179]
657,Nerve_root_S2_sciatic_nerve_tibial_left_03 [Sensory MRG Neuron 10.00um]  (Soleus_Sensory_Nerves_10um),Sensory MRG Neuron,10.00um,S2_sciatic,DM-C,30,1.0703125,107.03125000000001,node[178]
609,Nerve_root_S2_sciatic_muscular_branches_of_nerve_tibial_left_04 [Sensory MRG Neuron 10.00um]  (Soleus_Sensory_Nerves_10um),Sensory MRG Neuron,10.00um,S2_sciatic,DM-C,30,1.0703125,107.03125000000001,node[178]
597,Nerve_root_S2_sciatic_muscular_branches_of_nerve_tibial_left_02 [Sensory MRG Neuron 10.00um]  (Soleus_Sensory_Nerves_10um),Sensory MRG Neuron,10.00um,S2_sciatic,DM-C,30,1.0703125,107.03125000000001,node[178]
669,Nerve_root_S2_sciatic_nerve_tibial_left_05 [Sensory MRG Neuron 10.00um]  (Soleus_Sensory_Nerves_10um),Sensory MRG Neuron,10.00um,S2_sciatic,DM-C,30,1.0703125,107.03125000000001,node[178]
615,Nerve_root_S2_sciatic_muscular_branches_of_nerve_tibial_left_05 [Sensory MRG Neuron 10.00um]  (Soleus_Sensory_Nerves_10um),Sensory MRG Neuron,10.00um,S2_sciatic,DM-C,30,1.0703125,107.03125000000001,node[178]
651,Nerve_root_S2_sciatic_nerve_tibial_left_02 [Sensory MRG Neuron 10.00um]  (Soleus_Sensory_Nerves_10um),Sensory MRG Neuron,10.00um,S2_sciatic,DM-C,30,1.0703125,107.03125000000001,node[178]
645,Nerve_root_S2_sciatic_nerve_tibial_left_01 [Sensory MRG Neuron 10.00um]  (Soleus_Sensory_Nerves_10um),Sensory MRG Neuron,10.00um,S2_sciatic,DM-C,30,1.0703125,107.03125000000001,node[178]
663,Nerve_root_S2_sciatic_nerve_tibial_left_04 [Sensory MRG Neuron 10.00um]  (Soleus_Sensory_Nerves_10um),Sensory MRG Neuron,10.00um,S2_sciatic,DM-C,30,1.0703125,107.03125000000001,node[178]
561,Nerve_root_S2_muscular_branches_of_nerve_sciatic_left_05 [Sensory MRG Neuron 10.00um]  (Soleus_Sensory_Nerves_10um),Sensory MRG Neuron,10.00um,S2_muscular,DM-C,30,1.0703125,107.03125000000001,node[178]
549,Nerve_root_S2_muscular_branches_of_nerve_sciatic_left_03 [Sensory MRG Neuron 10.00um]  (Soleus_Sensory_Nerves_10um),Sensory MRG Neuron,10.00um,S2_muscular,DM-C,30,1.078125,107.8125,node[179]
555,Nerve_root_S2_muscular_branches_of_nerve_sciatic_left_04 [Sensory MRG Neuron 10.00um]  (Soleus_Sensory_Nerves_10um),Sensory MRG Neuron,10.00um,S2_muscular,DM-C,30,1.09375,109.375,node[178]
476,Nerve_root_S1_sciatic_nerve_tibial_left_03 [Motor MRG Neuron 20.00um]  (Soleus_Motor_Nerves_20um),Motor MRG Neuron,20.00um,S1_sciatic,DM-C,30,1.1484375,114.84375000000001,node[75]
416,Nerve_root_S1_sciatic_muscular_branches_of_nerve_tibial_left_02 [Motor MRG Neuron 20.00um]  (Soleus_Motor_Nerves_20um),Motor MRG Neuron,20.00um,S1_sciatic,DM-C,30,1.1484375,114.84375000000001,node[75]
422,Nerve_root_S1_sciatic_muscular_branches_of_nerve_tibial_left_03 [Motor MRG Neuron 20.00um]  (Soleus_Motor_Nerves_20um),Motor MRG Neuron,20.00um,S1_sciatic,DM-C,30,1.1484375,114.84375000000001,node[75]
464,Nerve_root_S1_sciatic_nerve_tibial_left_01 [Motor MRG Neuron 20.00um]  (Soleus_Motor_Nerves_20um),Motor MRG Neuron,20.00um,S1_sciatic,DM-C,30,1.1484375,114.84375000000001,node[75]
470,Nerve_root_S1_sciatic_nerve_tibial_left_02 [Motor MRG Neuron 20.00um]  (Soleus_Motor_Nerves_20um),Motor MRG Neuron,20.00um,S1_sciatic,DM-C,30,1.1484375,114.84375000000001,node[75]
428,Nerve_root_S1_sciatic_muscular_branches_of_nerve_tibial_left_04 [Motor MRG Neuron 20.00um]  (Soleus_Motor_Nerves_20um),Motor MRG Neuron,20.00um,S1_sciatic,DM-C,30,1.1484375,114.84375000000001,node[75]
488,Nerve_root_S1_sciatic_nerve_tibial_left_05 [Motor MRG Neuron 20.00um]  (Soleus_Motor_Nerves_20um),Motor MRG Neuron,20.00um,S1_sciatic,DM-C,30,1.1484375,114.84375000000001,node[75]
482,Nerve_root_S1_sciatic_nerve_tibial_left_04 [Motor MRG Neuron 20.00um]  (Soleus_Motor_Nerves_20um),Motor MRG Neuron,20.00um,S1_sciatic,DM-C,30,1.1484375,114.84375000000001,node[75]
410,Nerve_root_S1_sciatic_muscular_branches_of_nerve_tibial_left_01 [Motor MRG Neuron 20.00um]  (Soleus_Motor_Nerves_20um),Motor MRG Neuron,20.00um,S1_sciatic,DM-C,30,1.1484375,114.84375000000001,node[75]
434,Nerve_root_S1_sciatic_muscular_branches_of_nerve_tibial_left_05 [Motor MRG Neuron 20.00um]  (Soleus_Motor_Nerves_20um),Motor MRG Neuron,20.00um,S1_sciatic,DM-C,30,1.1484375,114.84375000000001,node[75]
380,Nerve_root_S1_muscular_branches_of_nerve_sciatic_left_05 [Motor MRG Neuron 20.00um]  (Soleus_Motor_Nerves_20um),Motor MRG Neuron,20.00um,S1_muscular,DM-C,30,1.15625,115.625,node[75]
374,Nerve_root_S1_muscular_branches_of_nerve_sciatic_left_04 [Motor MRG Neuron 20.00um]  (Soleus_Motor_Nerves_20um),Motor MRG Neuron,20.00um,S1_muscular,DM-C,30,1.15625,115.625,node[75]
362,Nerve_root_S1_muscular_branches_of_nerve_sciatic_left_01 [Motor MRG Neuron 20.00um]  (Soleus_Motor_Nerves_20um),Motor MRG Neuron,20.00um,S1_muscular,DM-C,30,1.15625,115.625,node[75]
368,Nerve_root_S1_muscular_branches_of_nerve_sciatic_left_02 [Motor MRG Neuron 20.00um]  (Soleus_Motor_Nerves_20um),Motor MRG Neuron,20.00um,S1_muscular,DM-C,30,1.15625,115.625,node[75]
189,Nerve_root_L5_muscular_branches_of_nerve_sciatic_left_02 [Sensory MRG Neuron 10.00um]  (Soleus_Sensory_Nerves_10um),Sensory MRG Neuron,10.00um,L5_muscular,DM-C,30,1.1953125,119.53125,node[493]
656,Nerve_root_S2_sciatic_nerve_tibial_left_03 [Motor MRG Neuron 20.00um]  (Soleus_Motor_Nerves_20um),Motor MRG Neuron,20.00um,S2_sciatic,DM-C,30,1.203125,120.3125,node[108]
668,Nerve_root_S2_sciatic_nerve_tibial_left_05 [Motor MRG Neuron 20.00um]  (Soleus_Motor_Nerves_20um),Motor MRG Neuron,20.00um,S2_sciatic,DM-C,30,1.203125,120.3125,node[108]
662,Nerve_root_S2_sciatic_nerve_tibial_left_04 [Motor MRG Neuron 20.00um]  (Soleus_Motor_Nerves_20um),Motor MRG Neuron,20.00um,S2_sciatic,DM-C,30,1.203125,120.3125,node[108]
602,Nerve_root_S2_sciatic_muscular_branches_of_nerve_tibial_left_03 [Motor MRG Neuron 20.00um]  (Soleus_Motor_Nerves_20um),Motor MRG Neuron,20.00um,S2_sciatic,DM-C,30,1.203125,120.3125,node[108]
650,Nerve_root_S2_sciatic_nerve_tibial_left_02 [Motor MRG Neuron 20.00um]  (Soleus_Motor_Nerves_20um),Motor MRG Neuron,20.00um,S2_sciatic,DM-C,30,1.203125,120.3125,node[108]
596,Nerve_root_S2_sciatic_muscular_branches_of_nerve_tibial_left_02 [Motor MRG Neuron 20.00um]  (Soleus_Motor_Nerves_20um),Motor MRG Neuron,20.00um,S2_sciatic,DM-C,30,1.203125,120.3125,node[108]
536,Nerve_root_S2_muscular_branches_of_nerve_sciatic_left_01 [Motor MRG Neuron 20.00um]  (Soleus_Motor_Nerves_20um),Motor MRG Neuron,20.00um,S2_muscular,DM-C,30,1.203125,120.3125,node[109]
590,Nerve_root_S2_sciatic_muscular_branches_of_nerve_tibial_left_01 [Motor MRG Neuron 20.00um]  (Soleus_Motor_Nerves_20um),Motor MRG Neuron,20.00um,S2_sciatic,DM-C,30,1.203125,120.3125,node[109]
614,Nerve_root_S2_sciatic_muscular_branches_of_nerve_tibial_left_05 [Motor MRG Neuron 20.00um]  (Soleus_Motor_Nerves_20um),Motor MRG Neuron,20.00um,S2_sciatic,DM-C,30,1.203125,120.3125,node[108]
644,Nerve_root_S2_sciatic_nerve_tibial_left_01 [Motor MRG Neuron 20.00um]  (Soleus_Motor_Nerves_20um),Motor MRG Neuron,20.00um,S2_sciatic,DM-C,30,1.203125,120.3125,node[108]
542,Nerve_root_S2_muscular_branches_of_nerve_sciatic_left_02 [Motor MRG Neuron 20.00um]  (Soleus_Motor_Nerves_20um),Motor MRG Neuron,20.00um,S2_muscular,DM-C,30,1.203125,120.3125,node[109]
608,Nerve_root_S2_sciatic_muscular_branches_of_nerve_tibial_left_04 [Motor MRG Neuron 20.00um]  (Soleus_Motor_Nerves_20um),Motor MRG Neuron,20.00um,S2_sciatic,DM-C,30,1.203125,120.3125,node[108]
560,Nerve_root_S2_muscular_branches_of_nerve_sciatic_left_05 [Motor MRG Neuron 20.00um]  (Soleus_Motor_Nerves_20um),Motor MRG Neuron,20.00um,S2_muscular,DM-C,30,1.2109375,121.09375,node[109]
548,Nerve_root_S2_muscular_branches_of_nerve_sciatic_left_03 [Motor MRG Neuron 20.00um]  (Soleus_Motor_Nerves_20um),Motor MRG Neuron,20.00um,S2_muscular,DM-C,30,1.2109375,121.09375,node[109]
554,Nerve_root_S2_muscular_branches_of_nerve_sciatic_left_04 [Motor MRG Neuron 20.00um]  (Soleus_Motor_Nerves_20um),Motor MRG Neuron,20.00um,S2_muscular,DM-C,30,1.2109375,121.09375,node[110]
566,Nerve_root_S2_muscular_branches_of_nerve_sciatic_right_01 [Motor MRG Neuron 20.00um]  (Soleus_Motor_Nerves_20um),Motor MRG Neuron,20.00um,S2_muscular,DM-C,30,1.2734375,127.34375,node[97]
686,Nerve_root_S2_sciatic_nerve_tibial_right_03 [Motor MRG Neuron 20.00um]  (Soleus_Motor_Nerves_20um),Motor MRG Neuron,20.00um,S2_sciatic,DM-C,30,1.28125,128.12500000000003,node[98]
710,Nerve_root_S2_sciatic_nerve_tibial_right_07 [Motor MRG Neuron 20.00um]  (Soleus_Motor_Nerves_20um),Motor MRG Neuron,20.00um,S2_sciatic,DM-C,30,1.28125,128.12500000000003,node[98]
674,Nerve_root_S2_sciatic_nerve_tibial_right_01 [Motor MRG Neuron 20.00um]  (Soleus_Motor_Nerves_20um),Motor MRG Neuron,20.00um,S2_sciatic,DM-C,30,1.28125,128.12500000000003,node[98]
626,Nerve_root_S2_sciatic_muscular_branches_of_nerve_tibial_right_02 [Motor MRG Neuron 20.00um]  (Soleus_Motor_Nerves_20um),Motor MRG Neuron,20.00um,S2_sciatic,DM-C,30,1.28125,128.12500000000003,node[98]
704,Nerve_root_S2_sciatic_nerve_tibial_right_06 [Motor MRG Neuron 20.00um]  (Soleus_Motor_Nerves_20um),Motor MRG Neuron,20.00um,S2_sciatic,DM-C,30,1.28125,128.12500000000003,node[98]
638,Nerve_root_S2_sciatic_muscular_branches_of_nerve_tibial_right_04 [Motor MRG Neuron 20.00um]  (Soleus_Motor_Nerves_20um),Motor MRG Neuron,20.00um,S2_sciatic,DM-C,30,1.28125,128.12500000000003,node[98]
680,Nerve_root_S2_sciatic_nerve_tibial_right_02 [Motor MRG Neuron 20.00um]  (Soleus_Motor_Nerves_20um),Motor MRG Neuron,20.00um,S2_sciatic,DM-C,30,1.28125,128.12500000000003,node[98]
692,Nerve_root_S2_sciatic_nerve_tibial_right_04 [Motor MRG Neuron 20.00um]  (Soleus_Motor_Nerves_20um),Motor MRG Neuron,20.00um,S2_sciatic,DM-C,30,1.28125,128.12500000000003,node[98]
698,Nerve_root_S2_sciatic_nerve_tibial_right_05 [Motor MRG Neuron 20.00um]  (Soleus_Motor_Nerves_20um),Motor MRG Neuron,20.00um,S2_sciatic,DM-C,30,1.28125,128.12500000000003,node[98]
620,Nerve_root_S2_sciatic_muscular_branches_of_nerve_tibial_right_01 [Motor MRG Neuron 20.00um]  (Soleus_Motor_Nerves_20um),Motor MRG Neuron,20.00um,S2_sciatic,DM-C,30,1.28125,128.12500000000003,node[98]
632,Nerve_root_S2_sciatic_muscular_branches_of_nerve_tibial_right_03 [Motor MRG Neuron 20.00um]  (Soleus_Motor_Nerves_20um),Motor MRG Neuron,20.00um,S2_sciatic,DM-C,30,1.2890625,128.90625,node[98]
584,Nerve_root_S2_muscular_branches_of_nerve_sciatic_right_04 [Motor MRG Neuron 20.00um]  (Soleus_Motor_Nerves_20um),Motor MRG Neuron,20.00um,S2_muscular,DM-C,30,1.2890625,128.90625,node[98]
578,Nerve_root_S2_muscular_branches_of_nerve_sciatic_right_03 [Motor MRG Neuron 20.00um]  (Soleus_Motor_Nerves_20um),Motor MRG Neuron,20.00um,S2_muscular,DM-C,30,1.2890625,128.90625,node[97]
572,Nerve_root_S2_muscular_branches_of_nerve_sciatic_right_02 [Motor MRG Neuron 20.00um]  (Soleus_Motor_Nerves_20um),Motor MRG Neuron,20.00um,S2_muscular,DM-C,30,1.2890625,128.90625,node[97]
405,Nerve_root_S1_muscular_branches_of_nerve_sciatic_right_04 [Sensory MRG Neuron 10.00um]  (Soleus_Sensory_Nerves_10um),Sensory MRG Neuron,10.00um,S1_muscular,DM-C,30,1.3125,131.25,node[122]
387,Nerve_root_S1_muscular_branches_of_nerve_sciatic_right_01 [Sensory MRG Neuron 10.00um]  (Soleus_Sensory_Nerves_10um),Sensory MRG Neuron,10.00um,S1_muscular,DM-C,30,1.328125,132.8125,node[120]
453,Nerve_root_S1_sciatic_muscular_branches_of_nerve_tibial_right_03 [Sensory MRG Neuron 10.00um]  (Soleus_Sensory_Nerves_10um),Sensory MRG Neuron,10.00um,S1_sciatic,DM-C,30,1.328125,132.8125,node[122]
393,Nerve_root_S1_muscular_branches_of_nerve_sciatic_right_02 [Sensory MRG Neuron 10.00um]  (Soleus_Sensory_Nerves_10um),Sensory MRG Neuron,10.00um,S1_muscular,DM-C,30,1.328125,132.8125,node[120]
399,Nerve_root_S1_muscular_branches_of_nerve_sciatic_right_03 [Sensory MRG Neuron 10.00um]  (Soleus_Sensory_Nerves_10um),Sensory MRG Neuron,10.00um,S1_muscular,DM-C,30,1.328125,132.8125,node[120]
531,Nerve_root_S1_sciatic_nerve_tibial_right_07 [Sensory MRG Neuron 10.00um]  (Soleus_Sensory_Nerves_10um),Sensory MRG Neuron,10.00um,S1_sciatic,DM-C,30,1.3515625,135.15625,node[121]
452,Nerve_root_S1_sciatic_muscular_branches_of_nerve_tibial_right_03 [Motor MRG Neuron 20.00um]  (Soleus_Motor_Nerves_20um),Motor MRG Neuron,20.00um,S1_sciatic,DM-C,30,1.3515625,135.15625,node[75]
447,Nerve_root_S1_sciatic_muscular_branches_of_nerve_tibial_right_02 [Sensory MRG Neuron 10.00um]  (Soleus_Sensory_Nerves_10um),Sensory MRG Neuron,10.00um,S1_sciatic,DM-C,30,1.3515625,135.15625,node[121]
459,Nerve_root_S1_sciatic_muscular_branches_of_nerve_tibial_right_04 [Sensory MRG Neuron 10.00um]  (Soleus_Sensory_Nerves_10um),Sensory MRG Neuron,10.00um,S1_sciatic,DM-C,30,1.3515625,135.15625,node[121]
501,Nerve_root_S1_sciatic_nerve_tibial_right_02 [Sensory MRG Neuron 10.00um]  (Soleus_Sensory_Nerves_10um),Sensory MRG Neuron,10.00um,S1_sciatic,DM-C,30,1.3515625,135.15625,node[121]
525,Nerve_root_S1_sciatic_nerve_tibial_right_06 [Sensory MRG Neuron 10.00um]  (Soleus_Sensory_Nerves_10um),Sensory MRG Neuron,10.00um,S1_sciatic,DM-C,30,1.3515625,135.15625,node[121]
495,Nerve_root_S1_sciatic_nerve_tibial_right_01 [Sensory MRG Neuron 10.00um]  (Soleus_Sensory_Nerves_10um),Sensory MRG Neuron,10.00um,S1_sciatic,DM-C,30,1.3515625,135.15625,node[121]
507,Nerve_root_S1_sciatic_nerve_tibial_right_03 [Sensory MRG Neuron 10.00um]  (Soleus_Sensory_Nerves_10um),Sensory MRG Neuron,10.00um,S1_sciatic,DM-C,30,1.3515625,135.15625,node[121]
513,Nerve_root_S1_sciatic_nerve_tibial_right_04 [Sensory MRG Neuron 10.00um]  (Soleus_Sensory_Nerves_10um),Sensory MRG Neuron,10.00um,S1_sciatic,DM-C,30,1.3515625,135.15625,node[121]
386,Nerve_root_S1_muscular_branches_of_nerve_sciatic_right_01 [Motor MRG Neuron 20.00um]  (Soleus_Motor_Nerves_20um),Motor MRG Neuron,20.00um,S1_muscular,DM-C,30,1.3515625,135.15625,node[74]
392,Nerve_root_S1_muscular_branches_of_nerve_sciatic_right_02 [Motor MRG Neuron 20.00um]  (Soleus_Motor_Nerves_20um),Motor MRG Neuron,20.00um,S1_muscular,DM-C,30,1.3515625,135.15625,node[74]
519,Nerve_root_S1_sciatic_nerve_tibial_right_05 [Sensory MRG Neuron 10.00um]  (Soleus_Sensory_Nerves_10um),Sensory MRG Neuron,10.00um,S1_sciatic,DM-C,30,1.3515625,135.15625,node[121]
441,Nerve_root_S1_sciatic_muscular_branches_of_nerve_tibial_right_01 [Sensory MRG Neuron 10.00um]  (Soleus_Sensory_Nerves_10um),Sensory MRG Neuron,10.00um,S1_sciatic,DM-C,30,1.3515625,135.15625,node[121]
500,Nerve_root_S1_sciatic_nerve_tibial_right_02 [Motor MRG Neuron 20.00um]  (Soleus_Motor_Nerves_20um),Motor MRG Neuron,20.00um,S1_sciatic,DM-C,30,1.359375,135.93750000000003,node[75]
512,Nerve_root_S1_sciatic_nerve_tibial_right_04 [Motor MRG Neuron 20.00um]  (Soleus_Motor_Nerves_20um),Motor MRG Neuron,20.00um,S1_sciatic,DM-C,30,1.359375,135.93750000000003,node[75]
494,Nerve_root_S1_sciatic_nerve_tibial_right_01 [Motor MRG Neuron 20.00um]  (Soleus_Motor_Nerves_20um),Motor MRG Neuron,20.00um,S1_sciatic,DM-C,30,1.359375,135.93750000000003,node[75]
458,Nerve_root_S1_sciatic_muscular_branches_of_nerve_tibial_right_04 [Motor MRG Neuron 20.00um]  (Soleus_Motor_Nerves_20um),Motor MRG Neuron,20.00um,S1_sciatic,DM-C,30,1.359375,135.93750000000003,node[75]
524,Nerve_root_S1_sciatic_nerve_tibial_right_06 [Motor MRG Neuron 20.00um]  (Soleus_Motor_Nerves_20um),Motor MRG Neuron,20.00um,S1_sciatic,DM-C,30,1.359375,135.93750000000003,node[75]
518,Nerve_root_S1_sciatic_nerve_tibial_right_05 [Motor MRG Neuron 20.00um]  (Soleus_Motor_Nerves_20um),Motor MRG Neuron,20.00um,S1_sciatic,DM-C,30,1.359375,135.93750000000003,node[75]
506,Nerve_root_S1_sciatic_nerve_tibial_right_03 [Motor MRG Neuron 20.00um]  (Soleus_Motor_Nerves_20um),Motor MRG Neuron,20.00um,S1_sciatic,DM-C,30,1.359375,135.93750000000003,node[75]
446,Nerve_root_S1_sciatic_muscular_branches_of_nerve_tibial_right_02 [Motor MRG Neuron 20.00um]  (Soleus_Motor_Nerves_20um),Motor MRG Neuron,20.00um,S1_sciatic,DM-C,30,1.359375,135.93750000000003,node[75]
530,Nerve_root_S1_sciatic_nerve_tibial_right_07 [Motor MRG Neuron 20.00um]  (Soleus_Motor_Nerves_20um),Motor MRG Neuron,20.00um,S1_sciatic,DM-C,30,1.359375,135.93750000000003,node[75]
440,Nerve_root_S1_sciatic_muscular_branches_of_nerve_tibial_right_01 [Motor MRG Neuron 20.00um]  (Soleus_Motor_Nerves_20um),Motor MRG Neuron,20.00um,S1_sciatic,DM-C,30,1.359375,135.93750000000003,node[75]
398,Nerve_root_S1_muscular_branches_of_nerve_sciatic_right_03 [Motor MRG Neuron 20.00um]  (Soleus_Motor_Nerves_20um),Motor MRG Neuron,20.00um,S1_muscular,DM-C,30,1.359375,135.93750000000003,node[74]
404,Nerve_root_S1_muscular_branches_of_nerve_sciatic_right_04 [Motor MRG Neuron 20.00um]  (Soleus_Motor_Nerves_20um),Motor MRG Neuron,20.00um,S1_muscular,DM-C,30,1.359375,135.93750000000003,node[75]
361,Nerve_root_S1_muscular_branches_of_nerve_sciatic_left_01 [Motor MRG Neuron 15.00um]  (Soleus_Motor_Nerves_15um),Motor MRG Neuron,15.00um,S1_muscular,DM-C,30,1.390625,139.0625,node[90]
367,Nerve_root_S1_muscular_branches_of_nerve_sciatic_left_02 [Motor MRG Neuron 15.00um]  (Soleus_Motor_Nerves_15um),Motor MRG Neuron,15.00um,S1_muscular,DM-C,30,1.390625,139.0625,node[90]
373,Nerve_root_S1_muscular_branches_of_nerve_sciatic_left_04 [Motor MRG Neuron 15.00um]  (Soleus_Motor_Nerves_15um),Motor MRG Neuron,15.00um,S1_muscular,DM-C,30,1.390625,139.0625,node[90]
481,Nerve_root_S1_sciatic_nerve_tibial_left_04 [Motor MRG Neuron 15.00um]  (Soleus_Motor_Nerves_15um),Motor MRG Neuron,15.00um,S1_sciatic,DM-C,30,1.40625,140.625,node[90]
194,Nerve_root_L5_muscular_branches_of_nerve_sciatic_left_03 [Motor MRG Neuron 20.00um]  (Soleus_Motor_Nerves_20um),Motor MRG Neuron,20.00um,L5_muscular,DM-C,30,1.40625,140.625,node[38]
487,Nerve_root_S1_sciatic_nerve_tibial_left_05 [Motor MRG Neuron 15.00um]  (Soleus_Motor_Nerves_15um),Motor MRG Neuron,15.00um,S1_sciatic,DM-C,30,1.40625,140.625,node[90]
409,Nerve_root_S1_sciatic_muscular_branches_of_nerve_tibial_left_01 [Motor MRG Neuron 15.00um]  (Soleus_Motor_Nerves_15um),Motor MRG Neuron,15.00um,S1_sciatic,DM-C,30,1.40625,140.625,node[90]
415,Nerve_root_S1_sciatic_muscular_branches_of_nerve_tibial_left_02 [Motor MRG Neuron 15.00um]  (Soleus_Motor_Nerves_15um),Motor MRG Neuron,15.00um,S1_sciatic,DM-C,30,1.40625,140.625,node[90]
475,Nerve_root_S1_sciatic_nerve_tibial_left_03 [Motor MRG Neuron 15.00um]  (Soleus_Motor_Nerves_15um),Motor MRG Neuron,15.00um,S1_sciatic,DM-C,30,1.40625,140.625,node[90]
421,Nerve_root_S1_sciatic_muscular_branches_of_nerve_tibial_left_03 [Motor MRG Neuron 15.00um]  (Soleus_Motor_Nerves_15um),Motor MRG Neuron,15.00um,S1_sciatic,DM-C,30,1.40625,140.625,node[90]
433,Nerve_root_S1_sciatic_muscular_branches_of_nerve_tibial_left_05 [Motor MRG Neuron 15.00um]  (Soleus_Motor_Nerves_15um),Motor MRG Neuron,15.00um,S1_sciatic,DM-C,30,1.40625,140.625,node[90]
236,Nerve_root_L5_sciatic_muscular_branches_of_nerve_tibial_left_01 [Motor MRG Neuron 20.00um]  (Soleus_Motor_Nerves_20um),Motor MRG Neuron,20.00um,L5_sciatic,DM-C,30,1.40625,140.625,node[38]
469,Nerve_root_S1_sciatic_nerve_tibial_left_02 [Motor MRG Neuron 15.00um]  (Soleus_Motor_Nerves_15um),Motor MRG Neuron,15.00um,S1_sciatic,DM-C,30,1.40625,140.625,node[90]
463,Nerve_root_S1_sciatic_nerve_tibial_left_01 [Motor MRG Neuron 15.00um]  (Soleus_Motor_Nerves_15um),Motor MRG Neuron,15.00um,S1_sciatic,DM-C,30,1.40625,140.625,node[90]
427,Nerve_root_S1_sciatic_muscular_branches_of_nerve_tibial_left_04 [Motor MRG Neuron 15.00um]  (Soleus_Motor_Nerves_15um),Motor MRG Neuron,15.00um,S1_sciatic,DM-C,30,1.40625,140.625,node[90]
681,Nerve_root_S2_sciatic_nerve_tibial_right_02 [Sensory MRG Neuron 10.00um]  (Soleus_Sensory_Nerves_10um),Sensory MRG Neuron,10.00um,S2_sciatic,DM-C,30,1.4140625,141.40625,node[21]
711,Nerve_root_S2_sciatic_nerve_tibial_right_07 [Sensory MRG Neuron 10.00um]  (Soleus_Sensory_Nerves_10um),Sensory MRG Neuron,10.00um,S2_sciatic,DM-C,30,1.4140625,141.40625,node[21]
705,Nerve_root_S2_sciatic_nerve_tibial_right_06 [Sensory MRG Neuron 10.00um]  (Soleus_Sensory_Nerves_10um),Sensory MRG Neuron,10.00um,S2_sciatic,DM-C,30,1.4140625,141.40625,node[21]
379,Nerve_root_S1_muscular_branches_of_nerve_sciatic_left_05 [Motor MRG Neuron 15.00um]  (Soleus_Motor_Nerves_15um),Motor MRG Neuron,15.00um,S1_muscular,DM-C,30,1.4140625,141.40625,node[90]
699,Nerve_root_S2_sciatic_nerve_tibial_right_05 [Sensory MRG Neuron 10.00um]  (Soleus_Sensory_Nerves_10um),Sensory MRG Neuron,10.00um,S2_sciatic,DM-C,30,1.4140625,141.40625,node[21]
633,Nerve_root_S2_sciatic_muscular_branches_of_nerve_tibial_right_03 [Sensory MRG Neuron 10.00um]  (Soleus_Sensory_Nerves_10um),Sensory MRG Neuron,10.00um,S2_sciatic,DM-C,30,1.4140625,141.40625,node[21]
200,Nerve_root_L5_muscular_branches_of_nerve_sciatic_left_04 [Motor MRG Neuron 20.00um]  (Soleus_Motor_Nerves_20um),Motor MRG Neuron,20.00um,L5_muscular,DM-C,30,1.4140625,141.40625,node[38]
693,Nerve_root_S2_sciatic_nerve_tibial_right_04 [Sensory MRG Neuron 10.00um]  (Soleus_Sensory_Nerves_10um),Sensory MRG Neuron,10.00um,S2_sciatic,DM-C,30,1.4140625,141.40625,node[21]
639,Nerve_root_S2_sciatic_muscular_branches_of_nerve_tibial_right_04 [Sensory MRG Neuron 10.00um]  (Soleus_Sensory_Nerves_10um),Sensory MRG Neuron,10.00um,S2_sciatic,DM-C,30,1.4140625,141.40625,node[21]
675,Nerve_root_S2_sciatic_nerve_tibial_right_01 [Sensory MRG Neuron 10.00um]  (Soleus_Sensory_Nerves_10um),Sensory MRG Neuron,10.00um,S2_sciatic,DM-C,30,1.4140625,141.40625,node[21]
621,Nerve_root_S2_sciatic_muscular_branches_of_nerve_tibial_right_01 [Sensory MRG Neuron 10.00um]  (Soleus_Sensory_Nerves_10um),Sensory MRG Neuron,10.00um,S2_sciatic,DM-C,30,1.4140625,141.40625,node[21]
687,Nerve_root_S2_sciatic_nerve_tibial_right_03 [Sensory MRG Neuron 10.00um]  (Soleus_Sensory_Nerves_10um),Sensory MRG Neuron,10.00um,S2_sciatic,DM-C,30,1.4140625,141.40625,node[21]
627,Nerve_root_S2_sciatic_muscular_branches_of_nerve_tibial_right_02 [Sensory MRG Neuron 10.00um]  (Soleus_Sensory_Nerves_10um),Sensory MRG Neuron,10.00um,S2_sciatic,DM-C,30,1.4140625,141.40625,node[21]
308,Nerve_root_L5_sciatic_nerve_tibial_left_04 [Motor MRG Neuron 20.00um]  (Soleus_Motor_Nerves_20um),Motor MRG Neuron,20.00um,L5_sciatic,DM-C,30,1.421875,142.1875,node[38]
254,Nerve_root_L5_sciatic_muscular_branches_of_nerve_tibial_left_04 [Motor MRG Neuron 20.00um]  (Soleus_Motor_Nerves_20um),Motor MRG Neuron,20.00um,L5_sciatic,DM-C,30,1.421875,142.1875,node[38]
182,Nerve_root_L5_muscular_branches_of_nerve_sciatic_left_01 [Motor MRG Neuron 20.00um]  (Soleus_Motor_Nerves_20um),Motor MRG Neuron,20.00um,L5_muscular,DM-C,30,1.421875,142.1875,node[38]
260,Nerve_root_L5_sciatic_muscular_branches_of_nerve_tibial_left_05 [Motor MRG Neuron 20.00um]  (Soleus_Motor_Nerves_20um),Motor MRG Neuron,20.00um,L5_sciatic,DM-C,30,1.421875,142.1875,node[38]
188,Nerve_root_L5_muscular_branches_of_nerve_sciatic_left_02 [Motor MRG Neuron 20.00um]  (Soleus_Motor_Nerves_20um),Motor MRG Neuron,20.00um,L5_muscular,DM-C,30,1.421875,142.1875,node[38]
206,Nerve_root_L5_muscular_branches_of_nerve_sciatic_left_05 [Motor MRG Neuron 20.00um]  (Soleus_Motor_Nerves_20um),Motor MRG Neuron,20.00um,L5_muscular,DM-C,30,1.421875,142.1875,node[38]
290,Nerve_root_L5_sciatic_nerve_tibial_left_01 [Motor MRG Neuron 20.00um]  (Soleus_Motor_Nerves_20um),Motor MRG Neuron,20.00um,L5_sciatic,DM-C,30,1.421875,142.1875,node[38]
296,Nerve_root_L5_sciatic_nerve_tibial_left_02 [Motor MRG Neuron 20.00um]  (Soleus_Motor_Nerves_20um),Motor MRG Neuron,20.00um,L5_sciatic,DM-C,30,1.421875,142.1875,node[38]
314,Nerve_root_L5_sciatic_nerve_tibial_left_05 [Motor MRG Neuron 20.00um]  (Soleus_Motor_Nerves_20um),Motor MRG Neuron,20.00um,L5_sciatic,DM-C,30,1.421875,142.1875,node[38]
302,Nerve_root_L5_sciatic_nerve_tibial_left_03 [Motor MRG Neuron 20.00um]  (Soleus_Motor_Nerves_20um),Motor MRG Neuron,20.00um,L5_sciatic,DM-C,30,1.421875,142.1875,node[38]
242,Nerve_root_L5_sciatic_muscular_branches_of_nerve_tibial_left_02 [Motor MRG Neuron 20.00um]  (Soleus_Motor_Nerves_20um),Motor MRG Neuron,20.00um,L5_sciatic,DM-C,30,1.421875,142.1875,node[38]
248,Nerve_root_L5_sciatic_muscular_branches_of_nerve_tibial_left_03 [Motor MRG Neuron 20.00um]  (Soleus_Motor_Nerves_20um),Motor MRG Neuron,20.00um,L5_sciatic,DM-C,30,1.421875,142.1875,node[38]
585,Nerve_root_S2_muscular_branches_of_nerve_sciatic_right_04 [Sensory MRG Neuron 10.00um]  (Soleus_Sensory_Nerves_10um),Sensory MRG Neuron,10.00um,S2_muscular,DM-C,30,1.4296875,142.96875,node[21]
579,Nerve_root_S2_muscular_branches_of_nerve_sciatic_right_03 [Sensory MRG Neuron 10.00um]  (Soleus_Sensory_Nerves_10um),Sensory MRG Neuron,10.00um,S2_muscular,DM-C,30,1.4296875,142.96875,node[20]
567,Nerve_root_S2_muscular_branches_of_nerve_sciatic_right_01 [Sensory MRG Neuron 10.00um]  (Soleus_Sensory_Nerves_10um),Sensory MRG Neuron,10.00um,S2_muscular,DM-C,30,1.4453125,144.53125,node[21]
573,Nerve_root_S2_muscular_branches_of_nerve_sciatic_right_02 [Sensory MRG Neuron 10.00um]  (Soleus_Sensory_Nerves_10um),Sensory MRG Neuron,10.00um,S2_muscular,DM-C,30,1.4609375,146.09375,node[21]
224,Nerve_root_L5_muscular_branches_of_nerve_sciatic_right_03 [Motor MRG Neuron 20.00um]  (Soleus_Motor_Nerves_20um),Motor MRG Neuron,20.00um,L5_muscular,DM-C,30,1.4765625,147.65625000000003,node[32]
356,Nerve_root_L5_sciatic_nerve_tibial_right_07 [Motor MRG Neuron 20.00um]  (Soleus_Motor_Nerves_20um),Motor MRG Neuron,20.00um,L5_sciatic,DM-C,30,1.484375,148.4375,node[33]
332,Nerve_root_L5_sciatic_nerve_tibial_right_03 [Motor MRG Neuron 20.00um]  (Soleus_Motor_Nerves_20um),Motor MRG Neuron,20.00um,L5_sciatic,DM-C,30,1.484375,148.4375,node[33]
272,Nerve_root_L5_sciatic_muscular_branches_of_nerve_tibial_right_02 [Motor MRG Neuron 20.00um]  (Soleus_Motor_Nerves_20um),Motor MRG Neuron,20.00um,L5_sciatic,DM-C,30,1.484375,148.4375,node[33]
266,Nerve_root_L5_sciatic_muscular_branches_of_nerve_tibial_right_01 [Motor MRG Neuron 20.00um]  (Soleus_Motor_Nerves_20um),Motor MRG Neuron,20.00um,L5_sciatic,DM-C,30,1.484375,148.4375,node[33]
350,Nerve_root_L5_sciatic_nerve_tibial_right_06 [Motor MRG Neuron 20.00um]  (Soleus_Motor_Nerves_20um),Motor MRG Neuron,20.00um,L5_sciatic,DM-C,30,1.484375,148.4375,node[33]
344,Nerve_root_L5_sciatic_nerve_tibial_right_05 [Motor MRG Neuron 20.00um]  (Soleus_Motor_Nerves_20um),Motor MRG Neuron,20.00um,L5_sciatic,DM-C,30,1.484375,148.4375,node[33]
212,Nerve_root_L5_muscular_branches_of_nerve_sciatic_right_01 [Motor MRG Neuron 20.00um]  (Soleus_Motor_Nerves_20um),Motor MRG Neuron,20.00um,L5_muscular,DM-C,30,1.484375,148.4375,node[32]
338,Nerve_root_L5_sciatic_nerve_tibial_right_04 [Motor MRG Neuron 20.00um]  (Soleus_Motor_Nerves_20um),Motor MRG Neuron,20.00um,L5_sciatic,DM-C,30,1.484375,148.4375,node[33]
278,Nerve_root_L5_sciatic_muscular_branches_of_nerve_tibial_right_03 [Motor MRG Neuron 20.00um]  (Soleus_Motor_Nerves_20um),Motor MRG Neuron,20.00um,L5_sciatic,DM-C,30,1.484375,148.4375,node[33]
230,Nerve_root_L5_muscular_branches_of_nerve_sciatic_right_04 [Motor MRG Neuron 20.00um]  (Soleus_Motor_Nerves_20um),Motor MRG Neuron,20.00um,L5_muscular,DM-C,30,1.484375,148.4375,node[32]
326,Nerve_root_L5_sciatic_nerve_tibial_right_02 [Motor MRG Neuron 20.00um]  (Soleus_Motor_Nerves_20um),Motor MRG Neuron,20.00um,L5_sciatic,DM-C,30,1.484375,148.4375,node[33]
218,Nerve_root_L5_muscular_branches_of_nerve_sciatic_right_02 [Motor MRG Neuron 20.00um]  (Soleus_Motor_Nerves_20um),Motor MRG Neuron,20.00um,L5_muscular,DM-C,30,1.484375,148.4375,node[32]
320,Nerve_root_L5_sciatic_nerve_tibial_right_01 [Motor MRG Neuron 20.00um]  (Soleus_Motor_Nerves_20um),Motor MRG Neuron,20.00um,L5_sciatic,DM-C,30,1.484375,148.4375,node[33]
284,Nerve_root_L5_sciatic_muscular_branches_of_nerve_tibial_right_04 [Motor MRG Neuron 20.00um]  (Soleus_Motor_Nerves_20um),Motor MRG Neuron,20.00um,L5_sciatic,DM-C,30,1.484375,148.4375,node[33]
589,Nerve_root_S2_sciatic_muscular_branches_of_nerve_tibial_left_01 [Motor MRG Neuron 15.00um]  (Soleus_Motor_Nerves_15um),Motor MRG Neuron,15.00um,S2_sciatic,DM-C,30,1.5390625,153.90625000000003,node[130]
559,Nerve_root_S2_muscular_branches_of_nerve_sciatic_left_05 [Motor MRG Neuron 15.00um]  (Soleus_Motor_Nerves_15um),Motor MRG Neuron,15.00um,S2_muscular,DM-C,30,1.5390625,153.90625000000003,node[131]
541,Nerve_root_S2_muscular_branches_of_nerve_sciatic_left_02 [Motor MRG Neuron 15.00um]  (Soleus_Motor_Nerves_15um),Motor MRG Neuron,15.00um,S2_muscular,DM-C,30,1.546875,154.6875,node[130]
661,Nerve_root_S2_sciatic_nerve_tibial_left_04 [Motor MRG Neuron 15.00um]  (Soleus_Motor_Nerves_15um),Motor MRG Neuron,15.00um,S2_sciatic,DM-C,30,1.546875,154.6875,node[131]
601,Nerve_root_S2_sciatic_muscular_branches_of_nerve_tibial_left_03 [Motor MRG Neuron 15.00um]  (Soleus_Motor_Nerves_15um),Motor MRG Neuron,15.00um,S2_sciatic,DM-C,30,1.546875,154.6875,node[131]
607,Nerve_root_S2_sciatic_muscular_branches_of_nerve_tibial_left_04 [Motor MRG Neuron 15.00um]  (Soleus_Motor_Nerves_15um),Motor MRG Neuron,15.00um,S2_sciatic,DM-C,30,1.546875,154.6875,node[131]
535,Nerve_root_S2_muscular_branches_of_nerve_sciatic_left_01 [Motor MRG Neuron 15.00um]  (Soleus_Motor_Nerves_15um),Motor MRG Neuron,15.00um,S2_muscular,DM-C,30,1.546875,154.6875,node[130]
643,Nerve_root_S2_sciatic_nerve_tibial_left_01 [Motor MRG Neuron 15.00um]  (Soleus_Motor_Nerves_15um),Motor MRG Neuron,15.00um,S2_sciatic,DM-C,30,1.546875,154.6875,node[131]
547,Nerve_root_S2_muscular_branches_of_nerve_sciatic_left_03 [Motor MRG Neuron 15.00um]  (Soleus_Motor_Nerves_15um),Motor MRG Neuron,15.00um,S2_muscular,DM-C,30,1.546875,154.6875,node[131]
655,Nerve_root_S2_sciatic_nerve_tibial_left_03 [Motor MRG Neuron 15.00um]  (Soleus_Motor_Nerves_15um),Motor MRG Neuron,15.00um,S2_sciatic,DM-C,30,1.546875,154.6875,node[131]
595,Nerve_root_S2_sciatic_muscular_branches_of_nerve_tibial_left_02 [Motor MRG Neuron 15.00um]  (Soleus_Motor_Nerves_15um),Motor MRG Neuron,15.00um,S2_sciatic,DM-C,30,1.546875,154.6875,node[131]
649,Nerve_root_S2_sciatic_nerve_tibial_left_02 [Motor MRG Neuron 15.00um]  (Soleus_Motor_Nerves_15um),Motor MRG Neuron,15.00um,S2_sciatic,DM-C,30,1.546875,154.6875,node[131]
553,Nerve_root_S2_muscular_branches_of_nerve_sciatic_left_04 [Motor MRG Neuron 15.00um]  (Soleus_Motor_Nerves_15um),Motor MRG Neuron,15.00um,S2_muscular,DM-C,30,1.546875,154.6875,node[131]
613,Nerve_root_S2_sciatic_muscular_branches_of_nerve_tibial_left_05 [Motor MRG Neuron 15.00um]  (Soleus_Motor_Nerves_15um),Motor MRG Neuron,15.00um,S2_sciatic,DM-C,30,1.546875,154.6875,node[131]
667,Nerve_root_S2_sciatic_nerve_tibial_left_05 [Motor MRG Neuron 15.00um]  (Soleus_Motor_Nerves_15um),Motor MRG Neuron,15.00um,S2_sciatic,DM-C,30,1.546875,154.6875,node[131]
219,Nerve_root_L5_muscular_branches_of_nerve_sciatic_right_02 [Sensory MRG Neuron 10.00um]  (Soleus_Sensory_Nerves_10um),Sensory MRG Neuron,10.00um,L5_muscular,DM-C,30,1.609375,160.9375,node[107]
339,Nerve_root_L5_sciatic_nerve_tibial_right_04 [Sensory MRG Neuron 10.00um]  (Soleus_Sensory_Nerves_10um),Sensory MRG Neuron,10.00um,L5_sciatic,DM-C,30,1.65625,165.62500000000003,node[107]
267,Nerve_root_L5_sciatic_muscular_branches_of_nerve_tibial_right_01 [Sensory MRG Neuron 10.00um]  (Soleus_Sensory_Nerves_10um),Sensory MRG Neuron,10.00um,L5_sciatic,DM-C,30,1.65625,165.62500000000003,node[107]
345,Nerve_root_L5_sciatic_nerve_tibial_right_05 [Sensory MRG Neuron 10.00um]  (Soleus_Sensory_Nerves_10um),Sensory MRG Neuron,10.00um,L5_sciatic,DM-C,30,1.65625,165.62500000000003,node[107]
351,Nerve_root_L5_sciatic_nerve_tibial_right_06 [Sensory MRG Neuron 10.00um]  (Soleus_Sensory_Nerves_10um),Sensory MRG Neuron,10.00um,L5_sciatic,DM-C,30,1.65625,165.62500000000003,node[107]
273,Nerve_root_L5_sciatic_muscular_branches_of_nerve_tibial_right_02 [Sensory MRG Neuron 10.00um]  (Soleus_Sensory_Nerves_10um),Sensory MRG Neuron,10.00um,L5_sciatic,DM-C,30,1.65625,165.62500000000003,node[107]
321,Nerve_root_L5_sciatic_nerve_tibial_right_01 [Sensory MRG Neuron 10.00um]  (Soleus_Sensory_Nerves_10um),Sensory MRG Neuron,10.00um,L5_sciatic,DM-C,30,1.65625,165.62500000000003,node[107]
213,Nerve_root_L5_muscular_branches_of_nerve_sciatic_right_01 [Sensory MRG Neuron 10.00um]  (Soleus_Sensory_Nerves_10um),Sensory MRG Neuron,10.00um,L5_muscular,DM-C,30,1.65625,165.62500000000003,node[107]
333,Nerve_root_L5_sciatic_nerve_tibial_right_03 [Sensory MRG Neuron 10.00um]  (Soleus_Sensory_Nerves_10um),Sensory MRG Neuron,10.00um,L5_sciatic,DM-C,30,1.65625,165.62500000000003,node[107]
285,Nerve_root_L5_sciatic_muscular_branches_of_nerve_tibial_right_04 [Sensory MRG Neuron 10.00um]  (Soleus_Sensory_Nerves_10um),Sensory MRG Neuron,10.00um,L5_sciatic,DM-C,30,1.65625,165.62500000000003,node[107]
357,Nerve_root_L5_sciatic_nerve_tibial_right_07 [Sensory MRG Neuron 10.00um]  (Soleus_Sensory_Nerves_10um),Sensory MRG Neuron,10.00um,L5_sciatic,DM-C,30,1.65625,165.62500000000003,node[107]
279,Nerve_root_L5_sciatic_muscular_branches_of_nerve_tibial_right_03 [Sensory MRG Neuron 10.00um]  (Soleus_Sensory_Nerves_10um),Sensory MRG Neuron,10.00um,L5_sciatic,DM-C,30,1.65625,165.62500000000003,node[107]
327,Nerve_root_L5_sciatic_nerve_tibial_right_02 [Sensory MRG Neuron 10.00um]  (Soleus_Sensory_Nerves_10um),Sensory MRG Neuron,10.00um,L5_sciatic,DM-C,30,1.65625,165.62500000000003,node[107]
231,Nerve_root_L5_muscular_branches_of_nerve_sciatic_right_04 [Sensory MRG Neuron 10.00um]  (Soleus_Sensory_Nerves_10um),Sensory MRG Neuron,10.00um,L5_muscular,DM-C,30,1.671875,167.18750000000003,node[107]
225,Nerve_root_L5_muscular_branches_of_nerve_sciatic_right_03 [Sensory MRG Neuron 10.00um]  (Soleus_Sensory_Nerves_10um),Sensory MRG Neuron,10.00um,L5_muscular,DM-C,30,1.6875,168.75,node[25]
195,Nerve_root_L5_muscular_branches_of_nerve_sciatic_left_03 [Sensory MRG Neuron 10.00um]  (Soleus_Sensory_Nerves_10um),Sensory MRG Neuron,10.00um,L5_muscular,DM-C,30,1.71875,171.875,node[62]
237,Nerve_root_L5_sciatic_muscular_branches_of_nerve_tibial_left_01 [Sensory MRG Neuron 10.00um]  (Soleus_Sensory_Nerves_10um),Sensory MRG Neuron,10.00um,L5_sciatic,DM-C,30,1.71875,171.875,node[63]
201,Nerve_root_L5_muscular_branches_of_nerve_sciatic_left_04 [Sensory MRG Neuron 10.00um]  (Soleus_Sensory_Nerves_10um),Sensory MRG Neuron,10.00um,L5_muscular,DM-C,30,1.734375,173.43750000000003,node[63]
315,Nerve_root_L5_sciatic_nerve_tibial_left_05 [Sensory MRG Neuron 10.00um]  (Soleus_Sensory_Nerves_10um),Sensory MRG Neuron,10.00um,L5_sciatic,DM-C,30,1.765625,176.5625,node[62]
303,Nerve_root_L5_sciatic_nerve_tibial_left_03 [Sensory MRG Neuron 10.00um]  (Soleus_Sensory_Nerves_10um),Sensory MRG Neuron,10.00um,L5_sciatic,DM-C,30,1.765625,176.5625,node[62]
207,Nerve_root_L5_muscular_branches_of_nerve_sciatic_left_05 [Sensory MRG Neuron 10.00um]  (Soleus_Sensory_Nerves_10um),Sensory MRG Neuron,10.00um,L5_muscular,DM-C,30,1.765625,176.5625,node[62]
249,Nerve_root_L5_sciatic_muscular_branches_of_nerve_tibial_left_03 [Sensory MRG Neuron 10.00um]  (Soleus_Sensory_Nerves_10um),Sensory MRG Neuron,10.00um,L5_sciatic,DM-C,30,1.765625,176.5625,node[62]
291,Nerve_root_L5_sciatic_nerve_tibial_left_01 [Sensory MRG Neuron 10.00um]  (Soleus_Sensory_Nerves_10um),Sensory MRG Neuron,10.00um,L5_sciatic,DM-C,30,1.765625,176.5625,node[62]
309,Nerve_root_L5_sciatic_nerve_tibial_left_04 [Sensory MRG Neuron 10.00um]  (Soleus_Sensory_Nerves_10um),Sensory MRG Neuron,10.00um,L5_sciatic,DM-C,30,1.765625,176.5625,node[62]
297,Nerve_root_L5_sciatic_nerve_tibial_left_02 [Sensory MRG Neuron 10.00um]  (Soleus_Sensory_Nerves_10um),Sensory MRG Neuron,10.00um,L5_sciatic,DM-C,30,1.765625,176.5625,node[62]
243,Nerve_root_L5_sciatic_muscular_branches_of_nerve_tibial_left_02 [Sensory MRG Neuron 10.00um]  (Soleus_Sensory_Nerves_10um),Sensory MRG Neuron,10.00um,L5_sciatic,DM-C,30,1.765625,176.5625,node[62]
261,Nerve_root_L5_sciatic_muscular_branches_of_nerve_tibial_left_05 [Sensory MRG Neuron 10.00um]  (Soleus_Sensory_Nerves_10um),Sensory MRG Neuron,10.00um,L5_sciatic,DM-C,30,1.765625,176.5625,node[62]
255,Nerve_root_L5_sciatic_muscular_branches_of_nerve_tibial_left_04 [Sensory MRG Neuron 10.00um]  (Soleus_Sensory_Nerves_10um),Sensory MRG Neuron,10.00um,L5_sciatic,DM-C,30,1.765625,176.5625,node[62]
385,Nerve_root_S1_muscular_branches_of_nerve_sciatic_right_01 [Motor MRG Neuron 15.00um]  (Soleus_Motor_Nerves_15um),Motor MRG Neuron,15.00um,S1_muscular,DM-C,30,1.78125,178.125,node[88]
183,Nerve_root_L5_muscular_branches_of_nerve_sciatic_left_01 [Sensory MRG Neuron 10.00um]  (Soleus_Sensory_Nerves_10um),Sensory MRG Neuron,10.00um,L5_muscular,DM-C,30,1.78125,178.125,node[62]
529,Nerve_root_S1_sciatic_nerve_tibial_right_07 [Motor MRG Neuron 15.00um]  (Soleus_Motor_Nerves_15um),Motor MRG Neuron,15.00um,S1_sciatic,DM-C,30,1.796875,179.6875,node[89]
517,Nerve_root_S1_sciatic_nerve_tibial_right_05 [Motor MRG Neuron 15.00um]  (Soleus_Motor_Nerves_15um),Motor MRG Neuron,15.00um,S1_sciatic,DM-C,30,1.796875,179.6875,node[89]
445,Nerve_root_S1_sciatic_muscular_branches_of_nerve_tibial_right_02 [Motor MRG Neuron 15.00um]  (Soleus_Motor_Nerves_15um),Motor MRG Neuron,15.00um,S1_sciatic,DM-C,30,1.796875,179.6875,node[89]
523,Nerve_root_S1_sciatic_nerve_tibial_right_06 [Motor MRG Neuron 15.00um]  (Soleus_Motor_Nerves_15um),Motor MRG Neuron,15.00um,S1_sciatic,DM-C,30,1.796875,179.6875,node[89]
457,Nerve_root_S1_sciatic_muscular_branches_of_nerve_tibial_right_04 [Motor MRG Neuron 15.00um]  (Soleus_Motor_Nerves_15um),Motor MRG Neuron,15.00um,S1_sciatic,DM-C,30,1.796875,179.6875,node[89]
439,Nerve_root_S1_sciatic_muscular_branches_of_nerve_tibial_right_01 [Motor MRG Neuron 15.00um]  (Soleus_Motor_Nerves_15um),Motor MRG Neuron,15.00um,S1_sciatic,DM-C,30,1.796875,179.6875,node[89]
511,Nerve_root_S1_sciatic_nerve_tibial_right_04 [Motor MRG Neuron 15.00um]  (Soleus_Motor_Nerves_15um),Motor MRG Neuron,15.00um,S1_sciatic,DM-C,30,1.796875,179.6875,node[89]
505,Nerve_root_S1_sciatic_nerve_tibial_right_03 [Motor MRG Neuron 15.00um]  (Soleus_Motor_Nerves_15um),Motor MRG Neuron,15.00um,S1_sciatic,DM-C,30,1.796875,179.6875,node[89]
499,Nerve_root_S1_sciatic_nerve_tibial_right_02 [Motor MRG Neuron 15.00um]  (Soleus_Motor_Nerves_15um),Motor MRG Neuron,15.00um,S1_sciatic,DM-C,30,1.796875,179.6875,node[89]
493,Nerve_root_S1_sciatic_nerve_tibial_right_01 [Motor MRG Neuron 15.00um]  (Soleus_Motor_Nerves_15um),Motor MRG Neuron,15.00um,S1_sciatic,DM-C,30,1.796875,179.6875,node[89]
391,Nerve_root_S1_muscular_branches_of_nerve_sciatic_right_02 [Motor MRG Neuron 15.00um]  (Soleus_Motor_Nerves_15um),Motor MRG Neuron,15.00um,S1_muscular,DM-C,30,1.8125,181.25000000000003,node[89]
397,Nerve_root_S1_muscular_branches_of_nerve_sciatic_right_03 [Motor MRG Neuron 15.00um]  (Soleus_Motor_Nerves_15um),Motor MRG Neuron,15.00um,S1_muscular,DM-C,30,1.8125,181.25000000000003,node[89]
451,Nerve_root_S1_sciatic_muscular_branches_of_nerve_tibial_right_03 [Motor MRG Neuron 15.00um]  (Soleus_Motor_Nerves_15um),Motor MRG Neuron,15.00um,S1_sciatic,DM-C,30,1.8125,181.25000000000003,node[90]
403,Nerve_root_S1_muscular_branches_of_nerve_sciatic_right_04 [Motor MRG Neuron 15.00um]  (Soleus_Motor_Nerves_15um),Motor MRG Neuron,15.00um,S1_muscular,DM-C,30,1.8125,181.25000000000003,node[89]
583,Nerve_root_S2_muscular_branches_of_nerve_sciatic_right_04 [Motor MRG Neuron 15.00um]  (Soleus_Motor_Nerves_15um),Motor MRG Neuron,15.00um,S2_muscular,DM-C,30,1.96875,196.87500000000003,node[128]
631,Nerve_root_S2_sciatic_muscular_branches_of_nerve_tibial_right_03 [Motor MRG Neuron 15.00um]  (Soleus_Motor_Nerves_15um),Motor MRG Neuron,15.00um,S2_sciatic,DM-C,30,1.96875,196.87500000000003,node[128]
679,Nerve_root_S2_sciatic_nerve_tibial_right_02 [Motor MRG Neuron 15.00um]  (Soleus_Motor_Nerves_15um),Motor MRG Neuron,15.00um,S2_sciatic,DM-C,30,1.984375,198.43750000000003,node[128]
619,Nerve_root_S2_sciatic_muscular_branches_of_nerve_tibial_right_01 [Motor MRG Neuron 15.00um]  (Soleus_Motor_Nerves_15um),Motor MRG Neuron,15.00um,S2_sciatic,DM-C,30,1.984375,198.43750000000003,node[128]
709,Nerve_root_S2_sciatic_nerve_tibial_right_07 [Motor MRG Neuron 15.00um]  (Soleus_Motor_Nerves_15um),Motor MRG Neuron,15.00um,S2_sciatic,DM-C,30,1.984375,198.43750000000003,node[128]
673,Nerve_root_S2_sciatic_nerve_tibial_right_01 [Motor MRG Neuron 15.00um]  (Soleus_Motor_Nerves_15um),Motor MRG Neuron,15.00um,S2_sciatic,DM-C,30,1.984375,198.43750000000003,node[128]
703,Nerve_root_S2_sciatic_nerve_tibial_right_06 [Motor MRG Neuron 15.00um]  (Soleus_Motor_Nerves_15um),Motor MRG Neuron,15.00um,S2_sciatic,DM-C,30,1.984375,198.43750000000003,node[128]
625,Nerve_root_S2_sciatic_muscular_branches_of_nerve_tibial_right_02 [Motor MRG Neuron 15.00um]  (Soleus_Motor_Nerves_15um),Motor MRG Neuron,15.00um,S2_sciatic,DM-C,30,1.984375,198.43750000000003,node[128]
685,Nerve_root_S2_sciatic_nerve_tibial_right_03 [Motor MRG Neuron 15.00um]  (Soleus_Motor_Nerves_15um),Motor MRG Neuron,15.00um,S2_sciatic,DM-C,30,1.984375,198.43750000000003,node[128]
565,Nerve_root_S2_muscular_branches_of_nerve_sciatic_right_01 [Motor MRG Neuron 15.00um]  (Soleus_Motor_Nerves_15um),Motor MRG Neuron,15.00um,S2_muscular,DM-C,30,1.984375,198.43750000000003,node[115]
697,Nerve_root_S2_sciatic_nerve_tibial_right_05 [Motor MRG Neuron 15.00um]  (Soleus_Motor_Nerves_15um),Motor MRG Neuron,15.00um,S2_sciatic,DM-C,30,1.984375,198.43750000000003,node[128]
691,Nerve_root_S2_sciatic_nerve_tibial_right_04 [Motor MRG Neuron 15.00um]  (Soleus_Motor_Nerves_15um),Motor MRG Neuron,15.00um,S2_sciatic,DM-C,30,1.984375,198.43750000000003,node[128]
571,Nerve_root_S2_muscular_branches_of_nerve_sciatic_right_02 [Motor MRG Neuron 15.00um]  (Soleus_Motor_Nerves_15um),Motor MRG Neuron,15.00um,S2_muscular,DM-C,30,1.984375,198.43750000000003,node[115]
637,Nerve_root_S2_sciatic_muscular_branches_of_nerve_tibial_right_04 [Motor MRG Neuron 15.00um]  (Soleus_Motor_Nerves_15um),Motor MRG Neuron,15.00um,S2_sciatic,DM-C,30,1.984375,198.43750000000003,node[128]
577,Nerve_root_S2_muscular_branches_of_nerve_sciatic_right_03 [Motor MRG Neuron 15.00um]  (Soleus_Motor_Nerves_15um),Motor MRG Neuron,15.00um,S2_muscular,DM-C,30,1.984375,198.43750000000003,node[128]
360,Nerve_root_S1_muscular_branches_of_nerve_sciatic_left_01 [Motor MRG Neuron 10.00um]  (Soleus_Motor_Nerves_10um),Motor MRG Neuron,10.00um,S1_muscular,DM-C,30,2.03125,203.125,node[123]
366,Nerve_root_S1_muscular_branches_of_nerve_sciatic_left_02 [Motor MRG Neuron 10.00um]  (Soleus_Motor_Nerves_10um),Motor MRG Neuron,10.00um,S1_muscular,DM-C,30,2.03125,203.125,node[123]
372,Nerve_root_S1_muscular_branches_of_nerve_sciatic_left_04 [Motor MRG Neuron 10.00um]  (Soleus_Motor_Nerves_10um),Motor MRG Neuron,10.00um,S1_muscular,DM-C,30,2.03125,203.125,node[123]
199,Nerve_root_L5_muscular_branches_of_nerve_sciatic_left_04 [Motor MRG Neuron 15.00um]  (Soleus_Motor_Nerves_15um),Motor MRG Neuron,15.00um,L5_muscular,DM-C,30,2.125,212.50000000000003,node[46]
235,Nerve_root_L5_sciatic_muscular_branches_of_nerve_tibial_left_01 [Motor MRG Neuron 15.00um]  (Soleus_Motor_Nerves_15um),Motor MRG Neuron,15.00um,L5_sciatic,DM-C,30,2.125,212.50000000000003,node[46]
432,Nerve_root_S1_sciatic_muscular_branches_of_nerve_tibial_left_05 [Motor MRG Neuron 10.00um]  (Soleus_Motor_Nerves_10um),Motor MRG Neuron,10.00um,S1_sciatic,DM-C,30,2.125,212.50000000000003,node[123]
480,Nerve_root_S1_sciatic_nerve_tibial_left_04 [Motor MRG Neuron 10.00um]  (Soleus_Motor_Nerves_10um),Motor MRG Neuron,10.00um,S1_sciatic,DM-C,30,2.125,212.50000000000003,node[123]
474,Nerve_root_S1_sciatic_nerve_tibial_left_03 [Motor MRG Neuron 10.00um]  (Soleus_Motor_Nerves_10um),Motor MRG Neuron,10.00um,S1_sciatic,DM-C,30,2.125,212.50000000000003,node[123]
468,Nerve_root_S1_sciatic_nerve_tibial_left_02 [Motor MRG Neuron 10.00um]  (Soleus_Motor_Nerves_10um),Motor MRG Neuron,10.00um,S1_sciatic,DM-C,30,2.125,212.50000000000003,node[123]
462,Nerve_root_S1_sciatic_nerve_tibial_left_01 [Motor MRG Neuron 10.00um]  (Soleus_Motor_Nerves_10um),Motor MRG Neuron,10.00um,S1_sciatic,DM-C,30,2.125,212.50000000000003,node[123]
414,Nerve_root_S1_sciatic_muscular_branches_of_nerve_tibial_left_02 [Motor MRG Neuron 10.00um]  (Soleus_Motor_Nerves_10um),Motor MRG Neuron,10.00um,S1_sciatic,DM-C,30,2.125,212.50000000000003,node[123]
420,Nerve_root_S1_sciatic_muscular_branches_of_nerve_tibial_left_03 [Motor MRG Neuron 10.00um]  (Soleus_Motor_Nerves_10um),Motor MRG Neuron,10.00um,S1_sciatic,DM-C,30,2.125,212.50000000000003,node[123]
426,Nerve_root_S1_sciatic_muscular_branches_of_nerve_tibial_left_04 [Motor MRG Neuron 10.00um]  (Soleus_Motor_Nerves_10um),Motor MRG Neuron,10.00um,S1_sciatic,DM-C,30,2.125,212.50000000000003,node[123]
408,Nerve_root_S1_sciatic_muscular_branches_of_nerve_tibial_left_01 [Motor MRG Neuron 10.00um]  (Soleus_Motor_Nerves_10um),Motor MRG Neuron,10.00um,S1_sciatic,DM-C,30,2.125,212.50000000000003,node[123]
486,Nerve_root_S1_sciatic_nerve_tibial_left_05 [Motor MRG Neuron 10.00um]  (Soleus_Motor_Nerves_10um),Motor MRG Neuron,10.00um,S1_sciatic,DM-C,30,2.125,212.50000000000003,node[123]
289,Nerve_root_L5_sciatic_nerve_tibial_left_01 [Motor MRG Neuron 15.00um]  (Soleus_Motor_Nerves_15um),Motor MRG Neuron,15.00um,L5_sciatic,DM-C,30,2.140625,214.06250000000003,node[46]
253,Nerve_root_L5_sciatic_muscular_branches_of_nerve_tibial_left_04 [Motor MRG Neuron 15.00um]  (Soleus_Motor_Nerves_15um),Motor MRG Neuron,15.00um,L5_sciatic,DM-C,30,2.140625,214.06250000000003,node[46]
241,Nerve_root_L5_sciatic_muscular_branches_of_nerve_tibial_left_02 [Motor MRG Neuron 15.00um]  (Soleus_Motor_Nerves_15um),Motor MRG Neuron,15.00um,L5_sciatic,DM-C,30,2.140625,214.06250000000003,node[46]
259,Nerve_root_L5_sciatic_muscular_branches_of_nerve_tibial_left_05 [Motor MRG Neuron 15.00um]  (Soleus_Motor_Nerves_15um),Motor MRG Neuron,15.00um,L5_sciatic,DM-C,30,2.140625,214.06250000000003,node[46]
295,Nerve_root_L5_sciatic_nerve_tibial_left_02 [Motor MRG Neuron 15.00um]  (Soleus_Motor_Nerves_15um),Motor MRG Neuron,15.00um,L5_sciatic,DM-C,30,2.140625,214.06250000000003,node[46]
301,Nerve_root_L5_sciatic_nerve_tibial_left_03 [Motor MRG Neuron 15.00um]  (Soleus_Motor_Nerves_15um),Motor MRG Neuron,15.00um,L5_sciatic,DM-C,30,2.140625,214.06250000000003,node[46]
247,Nerve_root_L5_sciatic_muscular_branches_of_nerve_tibial_left_03 [Motor MRG Neuron 15.00um]  (Soleus_Motor_Nerves_15um),Motor MRG Neuron,15.00um,L5_sciatic,DM-C,30,2.140625,214.06250000000003,node[46]
181,Nerve_root_L5_muscular_branches_of_nerve_sciatic_left_01 [Motor MRG Neuron 15.00um]  (Soleus_Motor_Nerves_15um),Motor MRG Neuron,15.00um,L5_muscular,DM-C,30,2.140625,214.06250000000003,node[46]
307,Nerve_root_L5_sciatic_nerve_tibial_left_04 [Motor MRG Neuron 15.00um]  (Soleus_Motor_Nerves_15um),Motor MRG Neuron,15.00um,L5_sciatic,DM-C,30,2.140625,214.06250000000003,node[46]
313,Nerve_root_L5_sciatic_nerve_tibial_left_05 [Motor MRG Neuron 15.00um]  (Soleus_Motor_Nerves_15um),Motor MRG Neuron,15.00um,L5_sciatic,DM-C,30,2.140625,214.06250000000003,node[46]
187,Nerve_root_L5_muscular_branches_of_nerve_sciatic_left_02 [Motor MRG Neuron 15.00um]  (Soleus_Motor_Nerves_15um),Motor MRG Neuron,15.00um,L5_muscular,DM-C,30,2.140625,214.06250000000003,node[46]
193,Nerve_root_L5_muscular_branches_of_nerve_sciatic_left_03 [Motor MRG Neuron 15.00um]  (Soleus_Motor_Nerves_15um),Motor MRG Neuron,15.00um,L5_muscular,DM-C,30,2.140625,214.06250000000003,node[46]
378,Nerve_root_S1_muscular_branches_of_nerve_sciatic_left_05 [Motor MRG Neuron 10.00um]  (Soleus_Motor_Nerves_10um),Motor MRG Neuron,10.00um,S1_muscular,DM-C,30,2.140625,214.06250000000003,node[123]
205,Nerve_root_L5_muscular_branches_of_nerve_sciatic_left_05 [Motor MRG Neuron 15.00um]  (Soleus_Motor_Nerves_15um),Motor MRG Neuron,15.00um,L5_muscular,DM-C,30,2.140625,214.06250000000003,node[46]
540,Nerve_root_S2_muscular_branches_of_nerve_sciatic_left_02 [Motor MRG Neuron 10.00um]  (Soleus_Motor_Nerves_10um),Motor MRG Neuron,10.00um,S2_muscular,DM-C,30,2.25,225.0,node[492]
186,Nerve_root_L5_muscular_branches_of_nerve_sciatic_left_02 [Motor MRG Neuron 10.00um]  (Soleus_Motor_Nerves_10um),Motor MRG Neuron,10.00um,L5_muscular,DM-C,30,2.28125,228.12500000000003,node[494]
265,Nerve_root_L5_sciatic_muscular_branches_of_nerve_tibial_right_01 [Motor MRG Neuron 15.00um]  (Soleus_Motor_Nerves_15um),Motor MRG Neuron,15.00um,L5_sciatic,DM-C,30,2.34375,234.375,node[19]
271,Nerve_root_L5_sciatic_muscular_branches_of_nerve_tibial_right_02 [Motor MRG Neuron 15.00um]  (Soleus_Motor_Nerves_15um),Motor MRG Neuron,15.00um,L5_sciatic,DM-C,30,2.34375,234.375,node[19]
349,Nerve_root_L5_sciatic_nerve_tibial_right_06 [Motor MRG Neuron 15.00um]  (Soleus_Motor_Nerves_15um),Motor MRG Neuron,15.00um,L5_sciatic,DM-C,30,2.34375,234.375,node[19]
343,Nerve_root_L5_sciatic_nerve_tibial_right_05 [Motor MRG Neuron 15.00um]  (Soleus_Motor_Nerves_15um),Motor MRG Neuron,15.00um,L5_sciatic,DM-C,30,2.34375,234.375,node[19]
277,Nerve_root_L5_sciatic_muscular_branches_of_nerve_tibial_right_03 [Motor MRG Neuron 15.00um]  (Soleus_Motor_Nerves_15um),Motor MRG Neuron,15.00um,L5_sciatic,DM-C,30,2.34375,234.375,node[19]
355,Nerve_root_L5_sciatic_nerve_tibial_right_07 [Motor MRG Neuron 15.00um]  (Soleus_Motor_Nerves_15um),Motor MRG Neuron,15.00um,L5_sciatic,DM-C,30,2.34375,234.375,node[19]
325,Nerve_root_L5_sciatic_nerve_tibial_right_02 [Motor MRG Neuron 15.00um]  (Soleus_Motor_Nerves_15um),Motor MRG Neuron,15.00um,L5_sciatic,DM-C,30,2.34375,234.375,node[19]
337,Nerve_root_L5_sciatic_nerve_tibial_right_04 [Motor MRG Neuron 15.00um]  (Soleus_Motor_Nerves_15um),Motor MRG Neuron,15.00um,L5_sciatic,DM-C,30,2.34375,234.375,node[19]
331,Nerve_root_L5_sciatic_nerve_tibial_right_03 [Motor MRG Neuron 15.00um]  (Soleus_Motor_Nerves_15um),Motor MRG Neuron,15.00um,L5_sciatic,DM-C,30,2.34375,234.375,node[19]
319,Nerve_root_L5_sciatic_nerve_tibial_right_01 [Motor MRG Neuron 15.00um]  (Soleus_Motor_Nerves_15um),Motor MRG Neuron,15.00um,L5_sciatic,DM-C,30,2.34375,234.375,node[19]
283,Nerve_root_L5_sciatic_muscular_branches_of_nerve_tibial_right_04 [Motor MRG Neuron 15.00um]  (Soleus_Motor_Nerves_15um),Motor MRG Neuron,15.00um,L5_sciatic,DM-C,30,2.34375,234.375,node[19]
229,Nerve_root_L5_muscular_branches_of_nerve_sciatic_right_04 [Motor MRG Neuron 15.00um]  (Soleus_Motor_Nerves_15um),Motor MRG Neuron,15.00um,L5_muscular,DM-C,30,2.359375,235.93750000000003,node[36]
211,Nerve_root_L5_muscular_branches_of_nerve_sciatic_right_01 [Motor MRG Neuron 15.00um]  (Soleus_Motor_Nerves_15um),Motor MRG Neuron,15.00um,L5_muscular,DM-C,30,2.359375,235.93750000000003,node[78]
223,Nerve_root_L5_muscular_branches_of_nerve_sciatic_right_03 [Motor MRG Neuron 15.00um]  (Soleus_Motor_Nerves_15um),Motor MRG Neuron,15.00um,L5_muscular,DM-C,30,2.359375,235.93750000000003,node[35]
217,Nerve_root_L5_muscular_branches_of_nerve_sciatic_right_02 [Motor MRG Neuron 15.00um]  (Soleus_Motor_Nerves_15um),Motor MRG Neuron,15.00um,L5_muscular,DM-C,30,2.375,237.50000000000003,node[37]
648,Nerve_root_S2_sciatic_nerve_tibial_left_02 [Motor MRG Neuron 10.00um]  (Soleus_Motor_Nerves_10um),Motor MRG Neuron,10.00um,S2_sciatic,DM-C,30,2.46875,246.875,node[179]
606,Nerve_root_S2_sciatic_muscular_branches_of_nerve_tibial_left_04 [Motor MRG Neuron 10.00um]  (Soleus_Motor_Nerves_10um),Motor MRG Neuron,10.00um,S2_sciatic,DM-C,30,2.46875,246.875,node[179]
654,Nerve_root_S2_sciatic_nerve_tibial_left_03 [Motor MRG Neuron 10.00um]  (Soleus_Motor_Nerves_10um),Motor MRG Neuron,10.00um,S2_sciatic,DM-C,30,2.46875,246.875,node[179]
600,Nerve_root_S2_sciatic_muscular_branches_of_nerve_tibial_left_03 [Motor MRG Neuron 10.00um]  (Soleus_Motor_Nerves_10um),Motor MRG Neuron,10.00um,S2_sciatic,DM-C,30,2.46875,246.875,node[179]
660,Nerve_root_S2_sciatic_nerve_tibial_left_04 [Motor MRG Neuron 10.00um]  (Soleus_Motor_Nerves_10um),Motor MRG Neuron,10.00um,S2_sciatic,DM-C,30,2.46875,246.875,node[179]
612,Nerve_root_S2_sciatic_muscular_branches_of_nerve_tibial_left_05 [Motor MRG Neuron 10.00um]  (Soleus_Motor_Nerves_10um),Motor MRG Neuron,10.00um,S2_sciatic,DM-C,30,2.46875,246.875,node[179]
588,Nerve_root_S2_sciatic_muscular_branches_of_nerve_tibial_left_01 [Motor MRG Neuron 10.00um]  (Soleus_Motor_Nerves_10um),Motor MRG Neuron,10.00um,S2_sciatic,DM-C,30,2.46875,246.875,node[179]
666,Nerve_root_S2_sciatic_nerve_tibial_left_05 [Motor MRG Neuron 10.00um]  (Soleus_Motor_Nerves_10um),Motor MRG Neuron,10.00um,S2_sciatic,DM-C,30,2.46875,246.875,node[179]
594,Nerve_root_S2_sciatic_muscular_branches_of_nerve_tibial_left_02 [Motor MRG Neuron 10.00um]  (Soleus_Motor_Nerves_10um),Motor MRG Neuron,10.00um,S2_sciatic,DM-C,30,2.46875,246.875,node[179]
558,Nerve_root_S2_muscular_branches_of_nerve_sciatic_left_05 [Motor MRG Neuron 10.00um]  (Soleus_Motor_Nerves_10um),Motor MRG Neuron,10.00um,S2_muscular,DM-C,30,2.46875,246.875,node[179]
642,Nerve_root_S2_sciatic_nerve_tibial_left_01 [Motor MRG Neuron 10.00um]  (Soleus_Motor_Nerves_10um),Motor MRG Neuron,10.00um,S2_sciatic,DM-C,30,2.46875,246.875,node[179]
546,Nerve_root_S2_muscular_branches_of_nerve_sciatic_left_03 [Motor MRG Neuron 10.00um]  (Soleus_Motor_Nerves_10um),Motor MRG Neuron,10.00um,S2_muscular,DM-C,30,2.484375,248.4375,node[179]
534,Nerve_root_S2_muscular_branches_of_nerve_sciatic_left_01 [Motor MRG Neuron 10.00um]  (Soleus_Motor_Nerves_10um),Motor MRG Neuron,10.00um,S2_muscular,DM-C,30,2.484375,248.4375,node[179]
552,Nerve_root_S2_muscular_branches_of_nerve_sciatic_left_04 [Motor MRG Neuron 10.00um]  (Soleus_Motor_Nerves_10um),Motor MRG Neuron,10.00um,S2_muscular,DM-C,30,2.5,250.0,node[179]
402,Nerve_root_S1_muscular_branches_of_nerve_sciatic_right_04 [Motor MRG Neuron 10.00um]  (Soleus_Motor_Nerves_10um),Motor MRG Neuron,10.00um,S1_muscular,DM-C,30,3.0625,306.25,node[122]
450,Nerve_root_S1_sciatic_muscular_branches_of_nerve_tibial_right_03 [Motor MRG Neuron 10.00um]  (Soleus_Motor_Nerves_10um),Motor MRG Neuron,10.00um,S1_sciatic,DM-C,30,3.0625,306.25,node[123]
384,Nerve_root_S1_muscular_branches_of_nerve_sciatic_right_01 [Motor MRG Neuron 10.00um]  (Soleus_Motor_Nerves_10um),Motor MRG Neuron,10.00um,S1_muscular,DM-C,30,3.078125,307.81250000000006,node[121]
504,Nerve_root_S1_sciatic_nerve_tibial_right_03 [Motor MRG Neuron 10.00um]  (Soleus_Motor_Nerves_10um),Motor MRG Neuron,10.00um,S1_sciatic,DM-C,30,3.09375,309.375,node[122]
438,Nerve_root_S1_sciatic_muscular_branches_of_nerve_tibial_right_01 [Motor MRG Neuron 10.00um]  (Soleus_Motor_Nerves_10um),Motor MRG Neuron,10.00um,S1_sciatic,DM-C,30,3.09375,309.375,node[122]
444,Nerve_root_S1_sciatic_muscular_branches_of_nerve_tibial_right_02 [Motor MRG Neuron 10.00um]  (Soleus_Motor_Nerves_10um),Motor MRG Neuron,10.00um,S1_sciatic,DM-C,30,3.09375,309.375,node[122]
456,Nerve_root_S1_sciatic_muscular_branches_of_nerve_tibial_right_04 [Motor MRG Neuron 10.00um]  (Soleus_Motor_Nerves_10um),Motor MRG Neuron,10.00um,S1_sciatic,DM-C,30,3.09375,309.375,node[122]
522,Nerve_root_S1_sciatic_nerve_tibial_right_06 [Motor MRG Neuron 10.00um]  (Soleus_Motor_Nerves_10um),Motor MRG Neuron,10.00um,S1_sciatic,DM-C,30,3.09375,309.375,node[122]
516,Nerve_root_S1_sciatic_nerve_tibial_right_05 [Motor MRG Neuron 10.00um]  (Soleus_Motor_Nerves_10um),Motor MRG Neuron,10.00um,S1_sciatic,DM-C,30,3.09375,309.375,node[122]
528,Nerve_root_S1_sciatic_nerve_tibial_right_07 [Motor MRG Neuron 10.00um]  (Soleus_Motor_Nerves_10um),Motor MRG Neuron,10.00um,S1_sciatic,DM-C,30,3.09375,309.375,node[122]
492,Nerve_root_S1_sciatic_nerve_tibial_right_01 [Motor MRG Neuron 10.00um]  (Soleus_Motor_Nerves_10um),Motor MRG Neuron,10.00um,S1_sciatic,DM-C,30,3.09375,309.375,node[122]
510,Nerve_root_S1_sciatic_nerve_tibial_right_04 [Motor MRG Neuron 10.00um]  (Soleus_Motor_Nerves_10um),Motor MRG Neuron,10.00um,S1_sciatic,DM-C,30,3.09375,309.375,node[122]
498,Nerve_root_S1_sciatic_nerve_tibial_right_02 [Motor MRG Neuron 10.00um]  (Soleus_Motor_Nerves_10um),Motor MRG Neuron,10.00um,S1_sciatic,DM-C,30,3.09375,309.375,node[122]
396,Nerve_root_S1_muscular_branches_of_nerve_sciatic_right_03 [Motor MRG Neuron 10.00um]  (Soleus_Motor_Nerves_10um),Motor MRG Neuron,10.00um,S1_muscular,DM-C,30,3.109375,310.93750000000006,node[122]
390,Nerve_root_S1_muscular_branches_of_nerve_sciatic_right_02 [Motor MRG Neuron 10.00um]  (Soleus_Motor_Nerves_10um),Motor MRG Neuron,10.00um,S1_muscular,DM-C,30,3.109375,310.93750000000006,node[122]
702,Nerve_root_S2_sciatic_nerve_tibial_right_06 [Motor MRG Neuron 10.00um]  (Soleus_Motor_Nerves_10um),Motor MRG Neuron,10.00um,S2_sciatic,DM-C,30,3.21875,321.875,node[20]
618,Nerve_root_S2_sciatic_muscular_branches_of_nerve_tibial_right_01 [Motor MRG Neuron 10.00um]  (Soleus_Motor_Nerves_10um),Motor MRG Neuron,10.00um,S2_sciatic,DM-C,30,3.21875,321.875,node[20]
672,Nerve_root_S2_sciatic_nerve_tibial_right_01 [Motor MRG Neuron 10.00um]  (Soleus_Motor_Nerves_10um),Motor MRG Neuron,10.00um,S2_sciatic,DM-C,30,3.21875,321.875,node[20]
576,Nerve_root_S2_muscular_branches_of_nerve_sciatic_right_03 [Motor MRG Neuron 10.00um]  (Soleus_Motor_Nerves_10um),Motor MRG Neuron,10.00um,S2_muscular,DM-C,30,3.21875,321.875,node[21]
708,Nerve_root_S2_sciatic_nerve_tibial_right_07 [Motor MRG Neuron 10.00um]  (Soleus_Motor_Nerves_10um),Motor MRG Neuron,10.00um,S2_sciatic,DM-C,30,3.21875,321.875,node[20]
630,Nerve_root_S2_sciatic_muscular_branches_of_nerve_tibial_right_03 [Motor MRG Neuron 10.00um]  (Soleus_Motor_Nerves_10um),Motor MRG Neuron,10.00um,S2_sciatic,DM-C,30,3.21875,321.875,node[20]
636,Nerve_root_S2_sciatic_muscular_branches_of_nerve_tibial_right_04 [Motor MRG Neuron 10.00um]  (Soleus_Motor_Nerves_10um),Motor MRG Neuron,10.00um,S2_sciatic,DM-C,30,3.21875,321.875,node[20]
696,Nerve_root_S2_sciatic_nerve_tibial_right_05 [Motor MRG Neuron 10.00um]  (Soleus_Motor_Nerves_10um),Motor MRG Neuron,10.00um,S2_sciatic,DM-C,30,3.21875,321.875,node[20]
678,Nerve_root_S2_sciatic_nerve_tibial_right_02 [Motor MRG Neuron 10.00um]  (Soleus_Motor_Nerves_10um),Motor MRG Neuron,10.00um,S2_sciatic,DM-C,30,3.21875,321.875,node[20]
624,Nerve_root_S2_sciatic_muscular_branches_of_nerve_tibial_right_02 [Motor MRG Neuron 10.00um]  (Soleus_Motor_Nerves_10um),Motor MRG Neuron,10.00um,S2_sciatic,DM-C,30,3.21875,321.875,node[20]
564,Nerve_root_S2_muscular_branches_of_nerve_sciatic_right_01 [Motor MRG Neuron 10.00um]  (Soleus_Motor_Nerves_10um),Motor MRG Neuron,10.00um,S2_muscular,DM-C,30,3.21875,321.875,node[21]
690,Nerve_root_S2_sciatic_nerve_tibial_right_04 [Motor MRG Neuron 10.00um]  (Soleus_Motor_Nerves_10um),Motor MRG Neuron,10.00um,S2_sciatic,DM-C,30,3.21875,321.875,node[20]
684,Nerve_root_S2_sciatic_nerve_tibial_right_03 [Motor MRG Neuron 10.00um]  (Soleus_Motor_Nerves_10um),Motor MRG Neuron,10.00um,S2_sciatic,DM-C,30,3.21875,321.875,node[20]
582,Nerve_root_S2_muscular_branches_of_nerve_sciatic_right_04 [Motor MRG Neuron 10.00um]  (Soleus_Motor_Nerves_10um),Motor MRG Neuron,10.00um,S2_muscular,DM-C,30,3.21875,321.875,node[21]
570,Nerve_root_S2_muscular_branches_of_nerve_sciatic_right_02 [Motor MRG Neuron 10.00um]  (Soleus_Motor_Nerves_10um),Motor MRG Neuron,10.00um,S2_muscular,DM-C,30,3.25,325.0,node[21]
216,Nerve_root_L5_muscular_branches_of_nerve_sciatic_right_02 [Motor MRG Neuron 10.00um]  (Soleus_Motor_Nerves_10um),Motor MRG Neuron,10.00um,L5_muscular,DM-C,30,3.59375,359.375,node[107]
210,Nerve_root_L5_muscular_branches_of_nerve_sciatic_right_01 [Motor MRG Neuron 10.00um]  (Soleus_Motor_Nerves_10um),Motor MRG Neuron,10.00um,L5_muscular,DM-C,30,3.625,362.50000000000006,node[107]
348,Nerve_root_L5_sciatic_nerve_tibial_right_06 [Motor MRG Neuron 10.00um]  (Soleus_Motor_Nerves_10um),Motor MRG Neuron,10.00um,L5_sciatic,DM-C,30,3.65625,365.62500000000006,node[108]
354,Nerve_root_L5_sciatic_nerve_tibial_right_07 [Motor MRG Neuron 10.00um]  (Soleus_Motor_Nerves_10um),Motor MRG Neuron,10.00um,L5_sciatic,DM-C,30,3.65625,365.62500000000006,node[108]
336,Nerve_root_L5_sciatic_nerve_tibial_right_04 [Motor MRG Neuron 10.00um]  (Soleus_Motor_Nerves_10um),Motor MRG Neuron,10.00um,L5_sciatic,DM-C,30,3.65625,365.62500000000006,node[108]
330,Nerve_root_L5_sciatic_nerve_tibial_right_03 [Motor MRG Neuron 10.00um]  (Soleus_Motor_Nerves_10um),Motor MRG Neuron,10.00um,L5_sciatic,DM-C,30,3.65625,365.62500000000006,node[108]
324,Nerve_root_L5_sciatic_nerve_tibial_right_02 [Motor MRG Neuron 10.00um]  (Soleus_Motor_Nerves_10um),Motor MRG Neuron,10.00um,L5_sciatic,DM-C,30,3.65625,365.62500000000006,node[108]
318,Nerve_root_L5_sciatic_nerve_tibial_right_01 [Motor MRG Neuron 10.00um]  (Soleus_Motor_Nerves_10um),Motor MRG Neuron,10.00um,L5_sciatic,DM-C,30,3.65625,365.62500000000006,node[108]
264,Nerve_root_L5_sciatic_muscular_branches_of_nerve_tibial_right_01 [Motor MRG Neuron 10.00um]  (Soleus_Motor_Nerves_10um),Motor MRG Neuron,10.00um,L5_sciatic,DM-C,30,3.65625,365.62500000000006,node[108]
222,Nerve_root_L5_muscular_branches_of_nerve_sciatic_right_03 [Motor MRG Neuron 10.00um]  (Soleus_Motor_Nerves_10um),Motor MRG Neuron,10.00um,L5_muscular,DM-C,30,3.65625,365.62500000000006,node[107]
270,Nerve_root_L5_sciatic_muscular_branches_of_nerve_tibial_right_02 [Motor MRG Neuron 10.00um]  (Soleus_Motor_Nerves_10um),Motor MRG Neuron,10.00um,L5_sciatic,DM-C,30,3.65625,365.62500000000006,node[108]
276,Nerve_root_L5_sciatic_muscular_branches_of_nerve_tibial_right_03 [Motor MRG Neuron 10.00um]  (Soleus_Motor_Nerves_10um),Motor MRG Neuron,10.00um,L5_sciatic,DM-C,30,3.65625,365.62500000000006,node[108]
228,Nerve_root_L5_muscular_branches_of_nerve_sciatic_right_04 [Motor MRG Neuron 10.00um]  (Soleus_Motor_Nerves_10um),Motor MRG Neuron,10.00um,L5_muscular,DM-C,30,3.65625,365.62500000000006,node[107]
342,Nerve_root_L5_sciatic_nerve_tibial_right_05 [Motor MRG Neuron 10.00um]  (Soleus_Motor_Nerves_10um),Motor MRG Neuron,10.00um,L5_sciatic,DM-C,30,3.65625,365.62500000000006,node[108]
282,Nerve_root_L5_sciatic_muscular_branches_of_nerve_tibial_right_04 [Motor MRG Neuron 10.00um]  (Soleus_Motor_Nerves_10um),Motor MRG Neuron,10.00um,L5_sciatic,DM-C,30,3.65625,365.62500000000006,node[108]
234,Nerve_root_L5_sciatic_muscular_branches_of_nerve_tibial_left_01 [Motor MRG Neuron 10.00um]  (Soleus_Motor_Nerves_10um),Motor MRG Neuron,10.00um,L5_sciatic,DM-C,30,4.03125,403.125,node[63]
192,Nerve_root_L5_muscular_branches_of_nerve_sciatic_left_03 [Motor MRG Neuron 10.00um]  (Soleus_Motor_Nerves_10um),Motor MRG Neuron,10.00um,L5_muscular,DM-C,30,4.0625,406.25,node[63]
246,Nerve_root_L5_sciatic_muscular_branches_of_nerve_tibial_left_03 [Motor MRG Neuron 10.00um]  (Soleus_Motor_Nerves_10um),Motor MRG Neuron,10.00um,L5_sciatic,DM-C,30,4.09375,409.37500000000006,node[63]
258,Nerve_root_L5_sciatic_muscular_branches_of_nerve_tibial_left_05 [Motor MRG Neuron 10.00um]  (Soleus_Motor_Nerves_10um),Motor MRG Neuron,10.00um,L5_sciatic,DM-C,30,4.09375,409.37500000000006,node[63]
240,Nerve_root_L5_sciatic_muscular_branches_of_nerve_tibial_left_02 [Motor MRG Neuron 10.00um]  (Soleus_Motor_Nerves_10um),Motor MRG Neuron,10.00um,L5_sciatic,DM-C,30,4.09375,409.37500000000006,node[63]
294,Nerve_root_L5_sciatic_nerve_tibial_left_02 [Motor MRG Neuron 10.00um]  (Soleus_Motor_Nerves_10um),Motor MRG Neuron,10.00um,L5_sciatic,DM-C,30,4.09375,409.37500000000006,node[63]
198,Nerve_root_L5_muscular_branches_of_nerve_sciatic_left_04 [Motor MRG Neuron 10.00um]  (Soleus_Motor_Nerves_10um),Motor MRG Neuron,10.00um,L5_muscular,DM-C,30,4.09375,409.37500000000006,node[63]
300,Nerve_root_L5_sciatic_nerve_tibial_left_03 [Motor MRG Neuron 10.00um]  (Soleus_Motor_Nerves_10um),Motor MRG Neuron,10.00um,L5_sciatic,DM-C,30,4.09375,409.37500000000006,node[63]
306,Nerve_root_L5_sciatic_nerve_tibial_left_04 [Motor MRG Neuron 10.00um]  (Soleus_Motor_Nerves_10um),Motor MRG Neuron,10.00um,L5_sciatic,DM-C,30,4.09375,409.37500000000006,node[63]
312,Nerve_root_L5_sciatic_nerve_tibial_left_05 [Motor MRG Neuron 10.00um]  (Soleus_Motor_Nerves_10um),Motor MRG Neuron,10.00um,L5_sciatic,DM-C,30,4.09375,409.37500000000006,node[63]
288,Nerve_root_L5_sciatic_nerve_tibial_left_01 [Motor MRG Neuron 10.00um]  (Soleus_Motor_Nerves_10um),Motor MRG Neuron,10.00um,L5_sciatic,DM-C,30,4.09375,409.37500000000006,node[63]
252,Nerve_root_L5_sciatic_muscular_branches_of_nerve_tibial_left_04 [Motor MRG Neuron 10.00um]  (Soleus_Motor_Nerves_10um),Motor MRG Neuron,10.00um,L5_sciatic,DM-C,30,4.09375,409.37500000000006,node[63]
204,Nerve_root_L5_muscular_branches_of_nerve_sciatic_left_05 [Motor MRG Neuron 10.00um]  (Soleus_Motor_Nerves_10um),Motor MRG Neuron,10.00um,L5_muscular,DM-C,30,4.125,412.50000000000006,node[63]
180,Nerve_root_L5_muscular_branches_of_nerve_sciatic_left_01 [Motor MRG Neuron 10.00um]  (Soleus_Motor_Nerves_10um),Motor MRG Neuron,10.00um,L5_muscular,DM-C,30,4.15625,415.625,node[63]
